property_type,society,sector,price,price_per_sqft,built_up_area,bedRoom,bathroom,balcony,floorNum,agePossession,Study Room,Servant Room,Store Room,Pooja Room,Others,furnishing_type,luxury_score
house,independent,sector 10a,1.7,18889.0,900.0,2,1,2,2.0,Old Property,0,0,0,0,0,0,8
flat,dlf express greens,manesar,1.6,6809.0,2611.0,4,6,3+,4.0,Relatively New,1,1,0,1,0,0,49
house,independent,sector 105,0.5,5556.0,100.0,2,2,0,1.0,Moderately Old,0,0,0,0,0,0,0
flat,raheja vedaanta,sector 108,0.8,4080.0,1663.0,3,3,3,9.0,Relatively New,0,0,0,1,0,0,174
flat,ramprastha the edge towers,sector 37d,0.98,5537.0,1675.0,3,3,3+,5.0,Relatively New,0,0,0,1,0,0,174
flat,emaar palm gardens,sector 83,3.15,8400.0,3200.0,5,7,3+,15.0,Relatively New,0,1,0,0,0,2,165
house,independent,sector 7,1.35,4545.0,330.0,4,5,0,3.0,Old Property,0,0,0,0,0,0,0
flat,ireo skyon,sector 60,3.8,13571.0,2791.0,4,5,3,15.0,Moderately Old,0,1,0,0,0,2,145
flat,m3m heights,sector 65,2.86,13999.0,2267.0,3,3,3,45.0,Under Construction,0,1,0,0,0,0,48
house,independent,sector 31,3.25,22429.0,1449.0,4,4,3+,3.0,Moderately Old,0,0,0,0,0,2,29
flat,ireo the grand arch,sector 58,4.85,16934.0,3182.0,4,5,3,23.0,Relatively New,1,1,0,1,1,2,49
flat,supertech araville,sector 79,0.9,5882.0,1450.0,2,2,3,5.0,Relatively New,1,0,0,0,0,0,53
flat,dlf carlton estate,sector 43,2.0,14215.0,1273.0,3,3,2,5.0,Moderately Old,0,0,0,0,0,0,65
flat,sare crescent parc royal greens phase 1,sector 92,1.0,3713.0,1828.0,4,4,3,15.0,New Property,0,0,0,0,0,0,31
flat,parsvnath exotica,sector 53,4.8,16580.0,2500.0,3,4,3+,8.0,Relatively New,0,1,0,1,1,2,174
flat,dlf new town heights,sector 90,1.88,6894.0,2726.0,4,4,3+,20.0,Relatively New,0,1,0,1,0,0,145
flat,pyramid urban homes 2,sector 86,0.43,8583.0,557.0,2,2,1,6.0,New Property,0,0,0,0,1,0,72
flat,dhoot time residency,sector 63,2.2,12813.0,1554.0,3,4,3+,8.0,Moderately Old,1,0,0,0,0,2,61
house,independent,sector 105,0.65,9028.0,720.0,3,2,1,1.0,Relatively New,0,0,0,0,0,0,14
flat,the lions cghs,sector 56,2.1,8750.0,2200.0,3,4,3+,8.0,Old Property,0,0,0,0,1,2,166
flat,emaar mgf emerald floors premier,sector 65,2.5,15152.0,1493.0,3,3,3,3.0,Relatively New,1,1,0,0,0,0,15
flat,dlf the skycourt,sector 86,1.55,8035.0,1500.0,3,3,3+,12.0,Relatively New,0,0,0,0,1,1,166
flat,emaar gurgaon greens,sector 102,1.52,9212.0,1315.0,3,3,3,7.0,Relatively New,0,1,0,0,0,2,137
flat,shapoorji pallonji joyville gurugram,sector 102,0.95,10383.0,915.0,2,2,2,14.0,Relatively New,0,0,0,0,0,0,0
flat,signature global solera 2,sector 107,0.5,8929.0,622.0,2,2,2,13.0,New Property,0,0,0,0,0,0,8
flat,paras dews,sector 106,1.4,6001.0,1593.0,3,4,3+,12.0,Under Construction,1,1,0,0,1,0,55
flat,smart world orchard,sector 61,1.6,13913.0,1278.0,2,2,2,3.0,Under Construction,1,0,0,0,0,0,37
flat,unitech vistas,sector 70,0.53,4801.0,991.0,2,2,2,9.0,Under Construction,0,0,0,0,1,0,24
flat,ss the leaf,sector 85,1.77,7350.0,1450.0,3,4,3,6.0,Moderately Old,0,1,0,0,0,2,135
flat,railway officers rpf society,sector 9a,1.25,6921.0,2007.0,4,3,3,1.0,Old Property,0,1,0,0,0,2,12
flat,dlf the crest,sector 54,11.0,35223.0,2826.0,4,6,3,7.0,Relatively New,0,1,0,0,0,1,125
flat,signature global solera,sector 107,0.28,5726.0,543.0,2,2,2,6.0,Relatively New,0,0,0,0,0,0,45
flat,avl 36 gurgaon,sector 36a,0.36,9000.0,407.0,1,1,1,7.0,Relatively New,0,0,0,0,0,0,95
flat,dlf express greens,manesar,1.2,6504.0,1670.0,3,4,2,5.0,Relatively New,0,1,0,0,1,0,43
house,independent,sector 7,1.55,13889.0,1080.0,2,2,2,1.0,Moderately Old,0,0,0,0,0,2,52
house,unitech espace,sector 50,7.5,34722.0,241.0,3,3,2,2.0,Moderately Old,0,0,0,0,0,2,66
flat,tulip violet,sector 69,1.32,8413.0,1419.0,3,3,1,12.0,Relatively New,0,0,0,1,0,0,86
flat,signature global city 81,sector 81,0.96,9766.0,1194.0,2,2,2,1.0,Under Construction,0,0,0,0,0,0,49
flat,shapoorji pallonji joyville gurugram,sector 102,1.26,10370.0,1100.0,2,2,3,7.0,Relatively New,0,0,0,0,0,2,49
flat,dlf park place,sector 54,4.86,25920.0,1697.0,3,4,3+,7.0,Relatively New,0,1,0,0,0,2,49
house,independent,sector 8,0.45,9000.0,556.0,1,1,1,3.0,Moderately Old,0,0,0,0,0,0,0
flat,eldeco accolade,sohna road,0.95,6556.0,1131.0,2,2,3,8.0,Under Construction,1,0,0,0,0,0,42
flat,indiabulls enigma,sector 110,3.25,9559.0,3077.0,4,4,3,11.0,Relatively New,0,1,0,0,1,0,125
flat,eldeco accolade,sohna road,1.1,7550.0,1319.0,3,2,3,13.0,Relatively New,0,0,0,0,0,0,56
flat,bptp mansions park prime,sector 66,2.7,9768.0,2501.0,4,4,3,6.0,Relatively New,0,1,0,0,1,0,13
flat,ats triumph,sector 104,1.8,7860.0,2544.0,3,4,3,14.0,New Property,0,0,0,0,0,0,60
house,emaar mgf marbella,sector 66,12.0,37037.0,3240.0,4,4,3+,3.0,Relatively New,0,0,0,0,0,2,160
flat,lotus homz,sector 111,0.6,8451.0,789.0,2,2,3,9.0,New Property,0,0,0,0,0,0,52
flat,sare crescent parc royal greens phase 1,sector 92,1.25,5833.0,1939.0,4,4,3,20.0,Relatively New,0,1,0,0,0,0,60
flat,hcbs sports ville,sohna road,0.2,2667.0,743.0,2,2,1,4.0,New Property,0,0,0,0,0,0,15
flat,bestech park view residency,sector 2,1.55,8073.0,1738.0,3,4,3+,10.0,Moderately Old,0,1,0,0,0,0,100
house,independent,sector 25,13.5,19286.0,7000.0,9,9,0,1.0,Relatively New,0,0,0,0,0,0,0
flat,elan the presidential,sector 106,3.9,15918.0,2450.0,3,3,0,20.0,Relatively New,0,0,0,0,0,0,66
flat,central park flower valley,sector 33,1.55,11923.0,1444.0,3,3,3+,7.0,New Property,0,0,0,0,0,2,28
flat,adarsh nagar,sector 12,0.65,6190.0,1167.0,3,3,1,1.0,New Property,0,0,0,0,0,2,42
house,uppal southend,sector 49,6.75,32328.0,232.0,4,4,3,3.0,Relatively New,0,0,0,0,0,2,26
flat,dlf the icon,sector 43,5.25,20388.0,2570.0,4,4,3,9.0,Old Property,0,1,0,1,1,0,135
flat,dlf regency park,sector 28,1.35,11989.0,1109.0,2,2,2,1.0,Moderately Old,0,0,0,0,0,0,0
flat,signature andour heights,sector 71,0.39,9848.0,294.0,1,1,2,1.0,New Property,0,0,0,0,0,0,0
flat,hcbs sports ville,sohna road,0.28,3769.0,743.0,2,2,1,11.0,Relatively New,0,0,0,0,0,0,38
house,independent,sector 9,1.25,8735.0,1431.0,3,6,3+,3.0,Old Property,0,0,0,0,0,0,0
house,international city by sobha phase 2,sector 109,6.8,12593.0,5400.0,4,5,3,2.0,Relatively New,0,0,0,0,0,0,49
flat,spaze privy at,sector 84,1.35,9643.0,1750.0,3,3,3,7.0,Relatively New,0,0,0,1,0,0,90
house,dlf new town heights,sector 91,2.5,7058.0,3400.0,4,4,3+,3.0,Moderately Old,0,0,0,0,0,2,80
flat,smart world orchard,sector 61,1.85,14800.0,1389.0,2,2,2,3.0,New Property,0,0,0,0,0,0,44
flat,bptp terra,sector 37d,1.8,8215.0,2025.0,4,3,3,18.0,Relatively New,1,1,0,1,0,0,49
house,dlf gardencity enclave,sector 93,1.3,11285.0,1152.0,3,2,1,3.0,Relatively New,0,0,0,0,0,0,36
house,independent,sector 69,0.8,10485.0,763.0,1,1,0,1.0,New Property,0,0,0,0,0,0,0
house,independent,sector 24,3.25,30374.0,1069.63,4,4,3,3.0,Old Property,0,0,0,0,0,0,15
flat,pareena coban residences,sector 99a,1.23,6159.0,1807.0,3,5,3,5.0,Relatively New,0,1,0,0,0,0,99
flat,ireo the corridors,sector 67a,2.08,12044.0,1563.0,3,3,2,6.0,Under Construction,0,0,0,0,1,0,55
house,vatika india next,sector 82,7.0,21605.0,3900.0,4,4,3+,3.0,Relatively New,0,0,0,0,0,1,105
flat,krishna appartment,sector 12,0.35,3500.0,905.0,3,3,1,2.0,Old Property,0,0,0,0,0,0,0
flat,experion the heartsong,sector 108,1.2,6826.0,1550.0,3,2,3+,11.0,Relatively New,0,1,0,1,0,2,174
flat,ats triumph,sector 104,2.63,9564.0,2953.0,4,4,3+,21.0,Relatively New,0,1,0,0,0,2,161
flat,emaar mgf emerald floors premier,sector 65,2.35,16207.0,1500.0,3,3,3,2.0,Relatively New,1,1,0,0,0,2,64
flat,tulip violet,sector 69,1.68,8358.0,1819.0,4,4,2,2.0,Relatively New,0,0,0,1,0,0,112
house,sector 38 rwa,sector 38,4.3,28782.0,165.0,3,9,3+,3.0,Relatively New,0,0,0,0,0,2,41
flat,ss the leaf,sector 85,1.2,9677.0,1491.0,2,2,3+,9.0,Relatively New,0,0,1,0,0,0,148
house,vipul tatvam villa,sector 48,7.69,24069.0,3195.0,4,5,3,2.0,Moderately Old,0,0,0,0,0,2,110
house,madan puri,sector 7,0.75,12500.0,600.0,3,5,3,3.0,Moderately Old,0,0,0,0,0,0,0
flat,chd avenue,sector 71,1.35,5745.0,2127.0,4,4,3,8.0,Moderately Old,0,1,0,0,0,0,26
flat,cghs airport apartment,sector 47,1.65,7857.0,1906.0,3,3,3,1.0,Old Property,0,0,0,0,1,2,136
flat,godrej frontier,sector 80,1.4,6189.0,1922.0,3,4,2,6.0,Moderately Old,0,1,0,1,0,0,111
house,bptp pedestal,sector 70a,0.9,7582.0,1319.0,2,2,3+,3.0,New Property,0,0,0,0,0,0,153
flat,capital residences 360,sector 70a,1.15,11500.0,1400.0,2,2,3,4.0,New Property,0,0,0,1,0,0,132
flat,tulip violet,sector 69,1.6,10139.0,1428.0,3,3,2,0.0,Relatively New,0,0,0,1,0,0,49
house,independent,sector 12,0.9,13333.0,675.0,2,4,0,2.0,Old Property,0,0,0,0,0,0,0
house,independent,sector 43,6.5,35403.0,215.0,5,4,3+,3.0,Moderately Old,0,0,0,0,0,2,54
flat,pareena laxmi apartments,sector 99a,0.32,5787.0,502.0,2,2,2,11.0,New Property,0,0,0,0,0,0,66
house,independent,sector 105,1.3,11556.0,1125.0,3,3,1,2.0,Moderately Old,0,0,0,0,0,0,16
flat,ireo skyon,sector 60,3.0,12484.0,2400.0,3,3,3,5.0,Relatively New,0,1,0,0,0,2,174
flat,vatika lifestyle homes,sector 83,1.3,4545.0,2588.0,3,3,1,6.0,Relatively New,0,0,0,0,0,0,79
flat,sobha city,sector 108,1.9,13758.0,1250.0,2,2,2,8.0,Relatively New,0,0,0,0,0,0,85
flat,sidhartha ncr one phase,sector 95,0.43,3152.0,1300.0,2,2,2,6.0,Relatively New,0,0,0,0,0,0,120
flat,antriksh heights,sector 84,0.85,5556.0,1222.0,2,2,3,10.0,New Property,1,0,0,0,1,0,24
flat,shree vardhman victoria,sector 70,1.6,8205.0,1527.0,3,3,3,10.0,Relatively New,1,1,0,1,1,0,43
flat,tulip violet,sector 69,3.25,10106.0,2910.0,4,5,3+,14.0,Relatively New,0,0,0,1,1,0,20
flat,birla navya,sector 63a,3.7,15417.0,2667.0,3,3,3+,1.0,Under Construction,0,0,0,0,0,0,72
flat,emaar digihomes,sector 62,2.15,14257.0,1676.0,2,2,3,31.0,Under Construction,0,0,0,0,0,0,101
house,dlf city plots,sector 26,16.0,37780.0,500.0,4,4,3,1.0,Relatively New,0,0,0,0,0,0,7
flat,chd avenue,sector 71,1.32,6019.0,1985.0,4,4,3,14.0,Moderately Old,0,1,0,0,0,0,65
flat,tulip violet,sector 69,1.43,8888.0,1455.0,3,3,2,1.0,Relatively New,0,0,0,1,0,0,86
flat,ramson kshitij sec-95 gurugram,sector 95,0.27,2700.0,758.0,2,2,0,1.0,New Property,0,0,0,0,0,0,0
house,raj villas,sector 52,8.0,25543.0,387.0,6,5,3+,4.0,Moderately Old,0,0,0,0,0,0,0
flat,godrej,sector 79,2.0,8453.0,2629.0,3,4,3+,2.0,Relatively New,0,1,0,0,0,2,156
flat,tata primanti,sector 72,3.5,11427.0,2625.0,4,5,3+,16.0,Relatively New,0,1,0,0,1,0,31
flat,dlf the grove,sector 54,5.7,41245.0,1382.0,3,3,3,1.0,Moderately Old,0,0,0,0,0,0,46
flat,paras irene,sector 70a,1.3,9220.0,1426.0,2,2,3,19.0,Moderately Old,0,0,0,0,0,2,49
flat,tulip monsella,sector 53,7.4,33199.0,2477.0,4,4,3,21.0,Under Construction,0,0,0,0,0,0,35
house,independent,sector 105,0.38,8444.0,56.0,2,2,2,1.0,Moderately Old,0,0,0,0,0,0,0
flat,indiabulls centrum park,sector 103,1.9,5682.0,3716.0,3,4,3+,10.0,Relatively New,1,1,0,1,1,2,49
flat,hsiidc sidco shivalik apartments,manesar,0.6,4000.0,1277.0,3,2,2,5.0,Moderately Old,0,0,0,0,0,0,80
flat,dlf regal gardens,sector 90,2.05,8999.0,2005.0,4,4,3+,5.0,Relatively New,0,0,0,0,0,2,49
flat,signature global superbia,sector 95,0.4,6723.0,661.0,2,2,3,2.0,Under Construction,0,0,0,0,0,0,0
flat,ansal height 86,sector 86,0.8,5882.0,1360.0,2,2,0,1.0,Relatively New,0,0,0,0,0,0,0
flat,signature global city 63a,sector 63a,1.65,15264.0,978.0,2,2,2,1.0,Under Construction,0,0,0,0,0,0,0
house,international city by sobha phase 1,sector 109,5.9,24280.0,2430.0,4,5,2,2.0,Relatively New,0,0,0,0,0,2,111
house,independent,sector 17b,7.2,15926.0,4494.0,4,4,2,1.0,Old Property,0,0,0,0,0,0,0
flat,m3m sky lofts,sector 71,0.9,13177.0,683.0,1,1,0,6.0,New Property,0,0,0,0,0,0,77
flat,paras dews,sector 106,1.32,5605.0,1535.0,4,5,3+,11.0,Relatively New,0,1,0,0,0,0,49
flat,m3m heights,sector 65,1.95,15997.0,1141.0,2,2,3,16.0,Under Construction,0,0,0,0,0,0,44
flat,m3m heights,sector 65,2.5,13602.0,1654.0,3,3,3,19.0,Under Construction,0,0,0,0,0,0,48
flat,park view apartments,sector 15,1.6,11034.0,1611.0,3,3,3+,2.0,Moderately Old,0,0,0,1,0,0,56
flat,experion windchants,sector 112,4.25,11294.0,3000.0,3,5,2,15.0,Relatively New,0,1,0,1,0,0,72
flat,m3m soulitude,sector 89,1.25,8784.0,1581.0,3,3,2,3.0,New Property,1,0,0,0,0,0,49
flat,experion the heartsong,sector 108,1.2,6826.0,1275.53,3,3,3+,10.0,Relatively New,1,0,0,0,0,0,93
flat,bestech park view grand spa,sector 81,3.3,12222.0,3070.0,4,5,3+,4.0,Relatively New,1,1,0,0,0,2,174
flat,ss the leaf,sector 85,2.03,7229.0,2225.0,4,4,3+,3.0,Relatively New,0,0,0,0,1,0,49
flat,m3m woodshire,sector 107,1.15,7497.0,1281.0,2,2,3,0.0,Relatively New,1,0,0,0,0,0,29
house,independent,sector 7,0.53,5889.0,900.0,2,2,0,1.0,Old Property,0,0,0,0,0,0,0
house,independent,sector 3 phase 3 extension,1.0,6667.0,1500.0,1,1,0,1.0,Moderately Old,0,0,0,0,0,0,0
flat,mapsko casa bella,sector 82,3.0,6134.0,4425.0,4,6,3+,25.0,Relatively New,0,1,0,1,0,2,119
flat,adani m2k oyster grande,sector 102,1.8,9529.0,1710.0,3,4,3,17.0,Relatively New,0,1,0,0,0,0,49
flat,shyam apartment,sector 3,0.26,3714.0,611.0,2,1,2,2.0,Relatively New,0,0,0,0,0,0,0
flat,shapoorji pallonji joyville gurugram,sector 102,1.05,11475.0,1017.0,2,2,2,0.0,Under Construction,0,0,0,0,0,0,49
flat,the serenas,sector 36,0.42,7910.0,590.0,2,2,1,3.0,New Property,0,0,0,0,0,0,0
flat,signature global park,sohna road,0.85,7863.0,1080.0,3,2,2,4.0,New Property,0,0,0,0,0,0,23
flat,ansal plaza,sector 2,1.0,10000.0,1000.0,2,3,0,1.0,Moderately Old,0,0,0,0,0,0,0
flat,puri diplomatic greens,sector 111,2.65,11964.0,2005.0,3,4,3+,19.0,Relatively New,1,1,1,1,0,0,65
flat,vatika independent floors,sector 82,1.16,6988.0,1844.0,3,3,3+,1.0,Relatively New,0,1,1,1,0,2,151
house,independent,sector 8,0.59,10085.0,585.0,2,2,2,2.0,Moderately Old,0,0,0,0,0,0,7
flat,om appartments,sector 3 phase 2,0.4,4444.0,1000.0,3,2,1,3.0,Relatively New,0,0,0,0,0,0,7
house,independent,sector 43,5.25,27132.0,1935.0,4,4,2,2.0,Old Property,0,0,0,0,0,2,80
flat,puri emerald bay,sector 104,1.32,8516.0,1403.0,2,2,2,10.0,Relatively New,0,0,0,0,0,0,128
house,international city by sobha phase 1,sector 109,6.0,24691.0,2430.0,4,4,3+,2.0,Relatively New,0,0,0,0,0,0,160
flat,emaar mgf emerald floors premier,sector 65,2.85,14430.0,1800.0,4,4,3,2.0,Relatively New,1,1,0,0,0,0,21
flat,conscient elevate,sector 59,4.25,18519.0,2077.0,3,4,3,3.0,Under Construction,0,0,0,0,0,0,0
flat,rk tower,sector 2,0.95,9596.0,1100.0,2,2,1,1.0,Relatively New,0,0,0,0,0,0,99
house,dlf city plots,sector 26,12.5,38580.0,3240.0,4,5,2,2.0,Moderately Old,0,0,0,0,0,2,121
flat,dlf the skycourt,sector 86,1.35,6998.0,1746.0,3,3,1,9.0,Relatively New,0,0,0,0,0,0,119
flat,prasha apartments,manesar,0.75,3308.0,1914.0,3,3,3+,3.0,Moderately Old,0,1,0,0,0,0,31
house,independent,sector 41,4.25,26235.0,1620.0,2,9,3+,4.0,Moderately Old,0,0,0,0,0,2,36
flat,dlf belvedere towers,sector 25,3.7,17619.0,2333.0,4,4,3,18.0,Old Property,0,1,0,0,0,2,26
flat,ss,sector 85,1.2,7151.0,1660.0,2,2,3,15.0,Relatively New,0,0,0,0,0,0,49
flat,m3m heights,sector 65,1.99,15794.0,1140.0,2,2,2,26.0,Under Construction,0,0,0,0,0,0,48
flat,ansal heights 86,sector 86,0.95,5621.0,1878.0,3,2,1,6.0,New Property,0,0,0,0,0,0,15
flat,ashiana anmol,sohna road,0.88,11125.0,1016.0,2,2,2,13.0,Relatively New,0,0,0,0,0,1,127
flat,alpha corp gurgaonone,sector 84,1.5,7641.0,1833.0,3,3,3,20.0,Relatively New,0,1,0,0,0,2,37
flat,ramprastha the edge towers,sector 37d,1.1,5528.0,1990.0,3,3,3,9.0,Relatively New,0,0,0,0,0,0,63
flat,antriksh green,sector 45,2.25,7826.0,3194.0,4,4,2,9.0,Old Property,0,1,0,0,0,1,23
house,unitech uniworld resorts,sector 33,11.0,26667.0,500.0,5,6,3,3.0,New Property,0,0,0,0,0,0,58
flat,ireo the corridors,sector 67a,2.0,11429.0,1584.0,3,3,3,12.0,New Property,1,0,0,0,0,0,38
flat,m3m golfestate,sector 65,6.15,15999.0,4271.0,3,5,3+,1.0,Relatively New,0,1,0,0,0,1,49
house,naman residency,sector 4,0.5,11111.0,450.0,2,2,2,2.0,New Property,0,0,0,0,0,0,14
flat,ashiana anmol,sohna road,0.9,7059.0,1275.0,2,2,2,8.0,Relatively New,0,0,0,0,0,0,0
flat,sushant lok 1 builder floors,sector 43,2.5,12920.0,195.0,3,3,2,2.0,New Property,0,0,0,0,0,0,0
flat,emaar palm gardens,sector 83,1.75,9211.0,1549.0,3,3,3,6.0,Relatively New,0,1,0,0,0,2,105
flat,emaar mgf emerald floors premier,sector 65,2.29,13879.0,1833.0,3,4,3+,2.0,Relatively New,1,1,0,0,0,1,174
flat,m3m merlin,sector 67,3.4,14419.0,2123.0,3,4,3,15.0,Relatively New,0,1,0,0,0,2,110
flat,ambience creacions,sector 22,3.2,11498.0,2517.0,3,4,3+,2.0,New Property,0,0,0,0,0,0,42
flat,housing board colony,sector 51,0.3,4630.0,80.0,1,1,0,0.0,Moderately Old,1,0,0,0,0,0,15
flat,shapoorji pallonji joyville gurugram,sector 102,1.8,10638.0,1531.0,3,3,3,5.0,Relatively New,0,0,0,0,0,0,49
flat,guru gram haryana cghs,sector 56,1.38,7225.0,1910.0,3,3,3,5.0,Moderately Old,1,0,0,0,0,2,134
flat,dlf the ultima,sector 81,2.3,14603.0,1825.0,3,4,3+,27.0,Relatively New,0,1,0,0,0,2,119
flat,m3m skycity,sector 65,2.1,16031.0,1186.0,2,2,2,43.0,New Property,0,0,0,0,0,0,127
flat,bptp terra,sector 37d,1.5,8255.0,1686.0,3,3,3,12.0,Relatively New,0,0,0,0,1,0,49
flat,m3m golfestate,sector 65,5.4,18127.0,2696.0,3,4,3,19.0,Moderately Old,1,1,0,0,0,2,174
flat,adani brahma samsara vilasa,sector 63,3.0,16667.0,2000.0,3,3,3,3.0,New Property,0,0,0,0,0,0,24
flat,hcbs sports ville,sohna road,0.25,4167.0,600.0,1,1,1,12.0,Relatively New,0,0,0,0,0,0,37
flat,orchid petals,sector 49,2.45,11887.0,1865.0,3,3,3,0.0,Relatively New,1,0,0,0,0,0,49
house,vatika signature villas,sector 82,4.7,21759.0,2160.0,3,3,3+,3.0,New Property,0,0,0,0,0,0,33
flat,ashiana mulberry,sohna road,0.74,6016.0,1367.0,2,2,3+,12.0,Relatively New,0,0,0,0,0,0,71
house,international city by sobha phase 1,sector 109,6.3,9000.0,7000.0,4,5,3+,2.0,Relatively New,0,0,0,0,0,2,122
flat,dlf new town heights,sector 86,1.3,6736.0,1747.0,3,3,3,12.0,Moderately Old,0,1,0,0,0,2,165
flat,tulip violet,sector 69,1.7,10773.0,1428.0,3,3,2,0.0,Relatively New,0,0,0,1,0,0,49
flat,orris aster court premier,sector 85,1.25,5896.0,1900.0,3,4,2,5.0,Relatively New,0,1,0,0,0,2,174
flat,tulip violet,sector 69,1.52,9632.0,1428.0,3,3,2,4.0,Relatively New,0,0,0,1,0,2,156
flat,sare crescent parc,sector 92,0.49,4910.0,1109.0,2,2,2,2.0,Relatively New,0,0,0,0,0,0,96
flat,smart world gems,sector 89,1.3,9136.0,1581.0,3,3,2,2.0,New Property,1,0,0,0,0,0,44
flat,bestech park view grand spa,sector 81,4.5,10714.0,3801.0,4,6,3+,17.0,Relatively New,0,1,0,0,0,2,44
flat,gls arawali homes,sohna road,0.3,4688.0,711.0,2,2,2,4.0,Relatively New,0,0,0,0,0,0,42
flat,sobha city,sector 108,2.9,14478.0,1813.0,3,4,2,8.0,New Property,0,0,0,0,0,0,109
flat,puri emerald bay,sector 104,2.55,10408.0,2303.0,4,4,3+,5.0,Relatively New,0,1,0,0,0,0,49
flat,oriental valley chs,sector 9a,1.5,9091.0,1833.0,4,3,3+,8.0,Relatively New,0,0,0,0,0,2,8
house,independent,sector 23,2.9,11600.0,2500.0,4,4,3,2.0,Relatively New,0,0,0,0,0,2,43
house,independent,sector 24,2.75,7667.0,3000.0,7,7,3+,3.0,Moderately Old,0,0,0,0,0,2,0
flat,corona gracieux,sector 76,1.08,5510.0,1774.0,3,3,3,1.0,New Property,0,1,0,0,0,0,58
flat,signature global orchard avenue,sector 93,0.85,14238.0,597.0,2,2,0,10.0,Relatively New,0,0,0,0,0,0,0
house,independent,sector 9,0.22,7407.0,37.0,2,2,2,1.0,Old Property,0,0,0,0,0,0,0
flat,emaar mgf emerald estate,sector 65,1.75,12545.0,1081.0,3,3,3,10.0,Relatively New,0,1,0,0,0,2,124
flat,sare green parc,sector 92,0.85,6741.0,1261.0,3,2,2,14.0,Relatively New,0,0,0,0,0,0,0
flat,green court,sector 90,0.5,8333.0,650.0,2,2,1,8.0,New Property,0,0,0,0,0,0,42
house,independent,sector 39,15.0,33333.0,4500.0,5,5,3+,4.0,Moderately Old,0,0,0,0,0,2,27
flat,zara aavaas,sector 104,0.4,7030.0,515.0,2,2,1,14.0,Relatively New,0,0,0,0,0,0,38
flat,meditech apartment,sector 56,2.45,8167.0,2900.0,4,4,3+,1.0,Relatively New,0,0,0,0,1,2,118
house,independent,sector 14,6.4,20317.0,349.0,6,6,3+,3.0,Old Property,0,0,0,0,0,0,35
house,independent,sector 3,3.5,9211.0,3800.0,1,1,0,1.0,Moderately Old,0,0,0,0,0,0,0
flat,signature global park,sohna road,0.55,7353.0,828.0,2,2,3,4.0,New Property,0,0,0,0,0,0,80
house,independent,sector 26,4.6,12198.0,3771.0,4,4,3+,2.0,Old Property,0,0,0,0,0,0,28
flat,the lions cghs,sector 56,2.05,8542.0,2667.0,4,4,3+,8.0,Moderately Old,0,0,0,0,0,2,49
house,the laburnum,sector 43,11.0,27160.0,360.0,5,6,3+,3.0,New Property,0,0,0,0,0,2,160
house,independent,sector 25,6.5,36111.0,1800.0,4,3,3,3.0,Moderately Old,0,0,0,0,0,0,19
flat,the new crpf apartments,sector 9a,0.75,5814.0,1433.0,3,3,3,6.0,Old Property,0,0,0,1,0,0,31
flat,sbtl caladium,sector 109,1.9,6219.0,2765.0,4,4,3,8.0,Relatively New,0,1,0,0,0,0,151
flat,sare green parc phase 3,sector 92,1.1,6875.0,1778.0,4,3,2,12.0,New Property,0,0,0,0,0,0,15
house,independent,sector 10a,4.25,17955.0,2367.0,4,3,2,1.0,Moderately Old,0,0,0,0,0,0,0
flat,emaar mgf emerald floors,sector 65,2.6,15758.0,1833.0,3,3,3+,3.0,Relatively New,0,0,0,0,0,0,0
flat,m3m skywalk,sector 74,2.25,12500.0,1900.0,3,3,3,5.0,Relatively New,1,0,0,0,0,0,174
flat,godrej summit,sector 104,1.2,8299.0,1607.0,3,2,3+,16.0,Relatively New,1,0,0,1,0,2,142
flat,emaar palm gardens,sector 83,1.75,9211.0,1600.0,3,3,3,6.0,Relatively New,0,1,0,0,0,2,174
house,independent,sector 14,7.5,16600.0,4518.0,3,3,2,1.0,Old Property,0,0,0,0,0,2,27
house,independent,sector 26,8.1,35294.0,2295.0,5,5,2,4.0,Old Property,0,0,0,0,0,0,42
flat,chd avenue,sector 71,1.4,7946.0,1958.0,3,3,2,1.0,Moderately Old,0,0,0,1,0,2,125
house,independent,sector 25,10.5,29022.0,3618.0,5,5,3,3.0,Moderately Old,0,0,0,0,0,0,42
flat,parkwood westend,sector 92,0.7,5204.0,1217.0,2,2,3,5.0,Under Construction,1,0,0,0,0,0,0
flat,zara aavaas,sector 104,0.2,6645.0,334.0,1,2,2,3.0,New Property,0,0,0,0,0,0,67
flat,parsvnath green ville,sector 48,1.42,8606.0,1493.0,3,3,3,1.0,Moderately Old,0,0,1,0,0,1,174
flat,m3m merlin,sector 67,3.5,14583.0,2225.0,3,4,3,17.0,Relatively New,0,1,1,0,0,2,167
flat,aipl the peaceful homes,sector 70a,2.3,10698.0,1946.0,3,3,3,3.0,Relatively New,0,0,1,0,0,2,124
flat,ambience lagoon,sector 24,5.8,12500.0,3700.0,3,4,3+,9.0,Old Property,1,1,0,1,1,1,68
flat,raheja maheshwara,sohna road,0.48,4368.0,995.0,2,2,2,11.0,Under Construction,0,0,0,0,0,0,45
flat,dlf regal gardens,sector 90,1.3,7151.0,1700.0,3,3,3+,7.0,Relatively New,0,0,0,0,0,0,141
flat,m3m woodshire,sector 107,1.32,6331.0,1758.0,3,3,3,10.0,Relatively New,0,0,0,0,0,0,117
flat,tata primanti,sector 72,4.1,13726.0,2308.0,3,3,3,8.0,Moderately Old,0,1,0,0,0,0,38
flat,emaar digihomes,sector 62,2.45,16003.0,1200.0,2,2,2,7.0,New Property,1,0,0,0,0,1,174
flat,parsvnath green ville,sector 48,3.3,9985.0,3305.0,5,5,3+,4.0,Old Property,0,1,0,0,0,0,71
flat,m3m skycity,sector 65,2.8,15317.0,1828.0,3,3,0,14.0,Relatively New,0,0,0,0,0,0,39
flat,sahara grace,sector 28,5.5,14612.0,3406.0,4,5,3+,5.0,Moderately Old,0,1,0,0,1,2,8
flat,puri the aravallis,sector 61,3.9,33220.0,1388.0,3,4,3+,33.0,Under Construction,0,1,0,0,0,0,158
flat,hcbs sports ville,sohna road,0.22,3143.0,778.0,1,1,1,1.0,New Property,0,0,0,0,0,0,86
house,international city by sobha phase 1,sector 109,6.1,25103.0,2430.0,5,6,3+,2.0,Moderately Old,0,0,0,0,0,0,30
flat,sbtl caladium,sector 109,1.35,7181.0,1477.0,3,2,3+,12.0,Relatively New,0,0,0,0,0,0,128
flat,chd avenue,sector 71,0.95,7917.0,1200.0,2,2,0,5.0,Moderately Old,0,0,0,0,0,0,0
flat,shapoorji pallonji joyville gurugram,sector 102,1.4,10378.0,1166.0,2,2,2,11.0,New Property,0,0,0,0,0,2,49
house,independent,sector 55,1.64,10123.0,1620.0,3,3,2,4.0,New Property,0,0,0,0,0,2,54
flat,central park resorts,sector 48,9.3,24926.0,3831.0,4,4,3+,10.0,Moderately Old,1,1,1,1,0,2,67
flat,bestech park view residency,sector 2,0.98,6262.0,1416.0,2,2,3,14.0,Moderately Old,1,0,0,0,0,0,92
flat,shapoorji pallonji joyville gurugram,sector 102,1.75,9449.0,1465.0,3,3,3,10.0,Relatively New,1,1,0,1,1,0,49
flat,pioneer park,sector 61,2.1,11667.0,1592.0,3,3,3,15.0,Relatively New,0,0,0,0,0,2,49
flat,unitech south park,sector 70,1.13,7001.0,1457.0,3,3,2,1.0,Under Construction,0,0,0,0,0,0,46
flat,antriksh heights,sector 84,0.88,4822.0,1652.0,3,3,3,16.0,Relatively New,0,0,0,1,0,0,67
flat,ireo skyon,sector 60,2.15,23344.0,1250.0,2,3,2,5.0,Relatively New,0,1,0,0,0,2,49
house,independent,sector 108,1.7,5667.0,3000.0,4,4,3+,1.0,Relatively New,0,0,0,0,0,0,0
flat,afnhb jalvayu vihar,sector 30,0.69,7271.0,896.0,2,2,1,3.0,Old Property,0,0,0,0,0,0,65
house,independent,sector 56,7.25,29340.0,303.0,8,8,3+,0.0,Moderately Old,0,0,0,0,0,2,24
flat,indiabulls centrum park,sector 103,1.01,8080.0,1338.0,2,2,3,5.0,Relatively New,0,0,1,0,0,2,165
house,independent,sector 49,4.45,15451.0,2880.0,6,6,3,3.0,Moderately Old,0,0,0,0,0,1,152
flat,umang winter hills,sector 77,0.99,7857.0,1126.0,2,2,2,1.0,Relatively New,0,0,0,0,0,0,97
flat,vatika sovereign next,sector 82a,3.85,7500.0,5711.0,5,6,3+,6.0,New Property,0,1,0,1,0,0,148
house,independent,sector 12,3.5,14787.0,4800.0,8,8,3+,3.0,Relatively New,0,0,0,0,0,1,77
flat,indiabulls centrum park,sector 103,1.2,8433.0,1288.0,2,2,3,3.0,Moderately Old,0,0,0,0,0,0,26
flat,lig flat,sector 40,1.5,5556.0,300.0,1,1,0,0.0,Moderately Old,0,0,0,0,0,0,0
flat,signature global city 81,sector 81,0.82,8641.0,955.0,2,2,3,2.0,Relatively New,0,0,0,0,0,0,53
flat,professors enclave cghs,sector 56,1.54,8324.0,1920.0,3,3,2,6.0,Old Property,0,1,0,1,0,2,104
flat,ramsons kshitij,sector 95,0.35,5495.0,637.0,2,2,0,5.0,New Property,0,0,0,0,0,0,0
house,independent,sector 48,8.4,25926.0,3240.0,4,4,3,2.0,Old Property,0,0,0,0,0,2,15
house,independent,sector 9a,4.5,14286.0,14.0,9,9,3+,3.0,Relatively New,0,0,0,0,0,2,38
flat,pareena mi casa,sector 68,1.0,8163.0,1361.0,2,2,2,16.0,New Property,0,1,0,0,0,0,65
flat,dlf ridgewood estate,sector 28,2.0,14599.0,1240.0,3,3,1,12.0,Old Property,0,0,0,0,0,2,96
flat,spaze privy,sector 72,1.9,9620.0,1975.0,3,3,3,10.0,Relatively New,0,0,0,0,0,0,0
flat,signature global orchard avenue,sector 93,0.4,7353.0,604.0,2,2,2,11.0,New Property,0,0,0,0,0,0,37
flat,breeze global heights,sector 33,0.4,6421.0,623.0,2,2,2,4.0,Under Construction,0,0,0,0,0,0,0
flat,dlf the primus,sector 82a,2.6,11439.0,1773.0,4,4,3+,2.0,Relatively New,0,0,0,0,1,0,38
flat,ansal api sushant estate,sector 52,0.29,11600.0,278.0,1,1,0,0.0,Moderately Old,0,0,0,0,0,2,49
flat,gls arawali homes,sohna road,0.3,6237.0,524.0,2,2,2,4.0,Relatively New,0,0,0,0,0,1,120
flat,ss the leaf,sector 85,1.11,6852.0,1630.0,2,2,3,8.0,Relatively New,0,0,1,0,0,0,174
house,unitech espace,sector 50,10.45,32253.0,3240.0,5,7,3+,3.0,Moderately Old,0,0,0,0,0,2,153
flat,tarc maceo,sector 91,0.9,6870.0,1186.0,2,2,2,13.0,Relatively New,0,0,0,0,0,1,67
flat,signature global park,sohna road,0.78,6446.0,1344.0,3,3,3,3.0,Relatively New,0,0,0,1,0,0,150
flat,ss the leaf,sector 85,1.87,7779.0,2225.0,3,4,3,7.0,Relatively New,0,0,0,0,0,0,49
flat,gls arawali homes,sohna road,0.32,6723.0,476.0,2,1,0,0.0,Relatively New,0,0,0,0,0,0,0
flat,sare crescent parc,sector 92,0.9,4259.0,1805.0,4,5,3+,3.0,Relatively New,0,1,0,0,0,0,0
flat,not applicable,sector 4,0.42,5600.0,833.0,2,2,1,3.0,Relatively New,0,0,0,0,0,2,26
flat,sapphire eighty three,sector 83,0.65,9286.0,700.0,1,1,0,6.0,Relatively New,0,0,0,0,0,0,0
flat,orchid petals,sector 49,4.52,10984.0,3724.0,5,5,3+,14.0,Moderately Old,1,1,0,1,0,0,49
flat,imperia the esfera,sector 37c,0.99,5455.0,1400.0,3,5,3+,5.0,Relatively New,0,1,0,0,0,0,49
flat,sunischit apartments,sector 54,1.75,7955.0,1900.0,3,4,3+,5.0,Moderately Old,0,1,0,0,0,2,83
flat,mapsko mount ville,sector 79,1.25,8389.0,1154.0,3,3,3,22.0,Relatively New,1,0,0,1,0,0,160
flat,m3m golfestate,sector 65,7.0,18182.0,4278.0,3,3,2,12.0,Moderately Old,0,0,1,0,0,0,60
house,dlf city plots,sector 26,13.5,29880.0,4518.0,5,5,2,2.0,Moderately Old,0,0,0,0,0,2,104
house,independent,sector 57,4.7,21759.0,2160.0,3,3,2,2.0,Old Property,0,0,0,0,0,0,43
flat,signature global park 4,sector 36,0.82,7586.0,850.0,3,2,2,2.0,New Property,0,0,0,0,0,0,8
flat,pivotal devaan,sector 84,0.34,7039.0,537.0,2,2,1,1.0,Relatively New,0,0,1,0,0,2,84
flat,ss the leaf,sector 85,1.1,6318.0,1464.0,2,2,3+,3.0,Relatively New,0,0,1,0,0,0,143
flat,tulip petals,sector 89,1.55,10000.0,1403.0,3,2,3,6.0,Moderately Old,0,0,1,0,0,2,111
flat,shapoorji pallonji joyville gurugram,sector 102,1.2,14563.0,1073.0,2,2,3,0.0,Relatively New,0,0,0,0,0,0,49
flat,corona gracieux,sector 76,1.46,5499.0,2398.0,4,6,3+,8.0,New Property,0,1,0,0,0,0,58
flat,bestech park view sanskruti,sector 92,1.5,7812.0,1738.0,3,3,3,3.0,Relatively New,0,0,0,0,1,0,49
flat,tulip violet,sector 69,1.42,8999.0,1428.0,3,3,2,8.0,Relatively New,0,0,0,1,0,2,94
flat,dlf new town heights,sector 90,1.54,6514.0,2200.0,4,4,3+,12.0,Moderately Old,0,1,0,1,0,2,111
flat,signature global solera,sector 107,0.49,8221.0,598.0,2,2,1,8.0,Relatively New,0,0,0,0,1,1,49
flat,tulip ivory,sector 70,2.1,8750.0,2114.0,4,5,3+,5.0,Moderately Old,0,1,0,0,0,2,120
flat,m3m merlin,sector 67,3.4,14419.0,2134.0,3,4,3+,16.0,Relatively New,0,1,0,0,0,2,158
flat,paras dews,sector 106,1.5,6369.0,1535.0,4,6,3+,11.0,Relatively New,0,1,0,0,0,0,174
flat,shree vardhman flora,sector 90,1.25,4854.0,2861.0,4,4,3,10.0,Relatively New,1,0,0,1,0,0,174
flat,prime habitat,sector 99a,0.26,4745.0,611.0,2,2,1,6.0,Relatively New,0,0,0,0,1,0,79
flat,dlf the ultima,sector 81,2.4,11412.0,1903.0,3,4,3+,19.0,Relatively New,0,1,0,0,0,1,174
flat,mahindra luminare,sector 59,5.5,18182.0,2738.0,3,3,1,26.0,Under Construction,0,1,0,0,0,0,24
house,independent,sector 27,8.0,26298.0,3042.0,9,9,3,4.0,Relatively New,0,0,0,0,0,1,110
house,independent,sector 31,3.69,23699.0,1557.0,4,4,2,2.0,Moderately Old,0,0,0,0,0,2,75
flat,shree vardhman flora,sector 90,1.27,4951.0,2248.0,4,5,2,9.0,New Property,1,1,0,0,0,0,83
flat,ss the leaf,sector 85,1.77,7350.0,2179.0,3,4,3+,7.0,New Property,0,0,1,0,0,0,107
flat,m3m soulitude,sector 89,1.25,8784.0,1423.0,3,3,0,4.0,New Property,0,0,0,0,0,0,61
flat,paras dews,sector 106,1.15,7419.0,1650.0,3,3,3,11.0,Relatively New,0,1,0,1,0,2,174
flat,tulip violet,sector 69,1.28,8112.0,1428.0,3,3,2,12.0,Relatively New,0,0,0,1,0,2,49
flat,milan cghs 9,sector 39,2.0,8333.0,2400.0,3,3,3+,0.0,Old Property,0,0,0,0,0,0,0
flat,shapoorji pallonji joyville gurugram,sector 102,1.76,10227.0,1531.0,3,3,3,1.0,Relatively New,0,0,0,0,0,0,100
flat,raheja vedaanta,sector 108,1.0,4854.0,2060.0,2,2,2,0.0,Relatively New,0,0,0,0,0,0,0
flat,maxworth city residences,sector 10a,0.8,6400.0,1389.0,2,3,2,9.0,New Property,0,0,0,0,0,0,46
house,independent,sector 57,7.25,26852.0,2700.0,9,9,3+,2.0,New Property,0,0,0,0,0,2,49
flat,ss the leaf,sector 85,1.17,7002.0,1660.0,2,2,3,11.0,Relatively New,0,0,0,0,0,0,49
flat,la vida by tata housing,sector 113,2.35,13352.0,1930.0,3,4,3,3.0,Relatively New,0,1,0,0,0,0,174
house,independent,sohna road,1.55,14720.0,1053.0,2,3,2,1.0,New Property,0,0,0,0,0,2,49
flat,ss the leaf,sector 85,1.84,7641.0,2026.0,3,4,3,8.0,Relatively New,0,0,0,1,0,0,158
house,independent,sector 26,19.0,42222.0,4500.0,6,8,3+,3.0,Moderately Old,0,0,0,0,0,2,103
flat,the close north,sector 50,2.65,11277.0,2491.0,3,3,3+,3.0,Moderately Old,0,1,0,0,0,0,174
flat,raheja vedaanta,sector 108,0.85,4637.0,1500.0,3,3,2,2.0,Relatively New,0,1,0,0,0,0,65
flat,bestech park view ananda,sector 81,1.35,7542.0,1989.0,3,3,3+,8.0,Old Property,0,0,0,0,0,0,114
flat,alpha corp gurgaonone,sector 84,1.15,7497.0,1394.0,2,2,3,14.0,Relatively New,1,0,0,0,0,0,28
house,independent,sector 25,9.9,29333.0,3375.0,5,5,2,2.0,Moderately Old,0,0,0,0,0,2,106
flat,vatika gurgaon,sector 83,0.98,8167.0,1300.0,2,2,3,5.0,Relatively New,0,0,0,0,0,2,96
house,independent,sector 43,14.0,39886.0,3510.0,9,9,3+,4.0,Moderately Old,0,0,0,0,0,0,7
flat,kamroon court,sector 43,2.75,13750.0,2222.0,3,4,3+,5.0,Moderately Old,0,1,0,0,1,2,49
house,independent,sector 3 phase 2,0.4,8000.0,500.0,2,1,0,1.0,Relatively New,0,0,0,0,0,0,0
flat,smart world gems,sector 89,1.2,12526.0,1064.0,3,3,3,3.0,Under Construction,0,0,1,1,0,0,131
flat,m3m golfestate,sector 65,5.0,16667.0,3245.0,3,3,3,2.0,Relatively New,0,1,0,0,0,2,174
flat,global hill view,sector 11,0.33,4269.0,761.0,2,2,0,11.0,Relatively New,0,0,0,0,0,0,0
flat,godrej summit,sector 104,1.05,5833.0,2000.0,3,4,3+,7.0,Relatively New,0,1,0,0,0,2,96
flat,ss the leaf,sector 85,1.3,7780.0,1406.0,2,2,3+,16.0,Relatively New,0,0,1,0,0,0,148
house,independent,sector 7,3.85,14650.0,2628.0,4,4,3,3.0,Old Property,0,0,0,0,0,0,27
flat,umang winter hills,sector 77,0.75,5589.0,1140.0,2,2,2,8.0,Relatively New,0,0,1,0,0,2,102
flat,emaar mgf palm hills,sector 77,1.25,8621.0,1611.0,3,4,3,1.0,Relatively New,0,1,0,0,0,2,104
house,independent,sector 31,4.6,32258.0,1426.0,2,2,2,2.0,Moderately Old,0,0,0,0,0,0,0
flat,bptp terra,sector 37d,1.55,7074.0,2100.0,4,3,3+,19.0,Relatively New,0,0,0,0,1,2,131
flat,indiabulls enigma,sector 110,3.79,9896.0,3466.0,5,5,3,4.0,Relatively New,0,1,0,0,1,0,125
flat,puri diplomatic greens,sector 111,2.65,13590.0,2086.0,3,4,2,7.0,Relatively New,0,1,0,0,0,2,159
flat,sare homes,sector 92,1.1,5348.0,2286.0,4,4,3,4.0,Relatively New,0,1,0,0,0,0,108
flat,aipl the peaceful homes,sector 70a,2.5,11628.0,1723.0,3,3,3+,15.0,Relatively New,0,0,0,0,1,2,174
house,independent,sector 46,5.5,23061.0,2385.0,8,8,3+,3.0,Moderately Old,0,0,0,0,0,2,32
flat,chd avenue,sector 71,1.25,6596.0,1577.0,3,4,2,14.0,Relatively New,1,1,0,1,1,1,128
flat,sare green parc 2,sector 92,0.61,4837.0,1141.0,3,2,2,6.0,Under Construction,0,0,0,0,1,0,0
flat,signature global grand iva,sector 103,0.5,6250.0,698.0,2,2,2,10.0,Relatively New,0,0,0,0,0,0,8
house,dlf the grove,sector 54,5.7,23457.0,270.0,4,4,0,1.0,Moderately Old,0,0,0,0,0,0,46
flat,ss the leaf,sector 85,1.14,6433.0,1604.0,2,2,3,16.0,Relatively New,0,0,0,0,0,0,44
flat,antriksh heights,sector 84,0.73,6083.0,1026.0,2,2,3+,4.0,Relatively New,1,0,1,1,0,0,158
flat,ashiana anmol,sohna road,0.99,8216.0,1045.0,2,2,2,6.0,Under Construction,0,0,0,0,0,0,49
flat,conscient one,sector 109,1.7,17617.0,965.0,1,1,2,9.0,Relatively New,0,0,0,0,0,0,0
flat,the close north,sector 50,3.0,11516.0,2357.0,3,3,3+,14.0,Old Property,0,1,0,0,0,2,121
flat,the close north,sector 50,2.92,11209.0,2600.0,3,3,3,10.0,Moderately Old,0,1,0,0,0,2,174
flat,capital residences 360,sector 70a,1.68,8502.0,1900.0,3,3,3+,5.0,New Property,0,1,0,0,0,0,141
flat,ambience creacions,sector 22,3.99,12913.0,2796.0,3,5,3+,3.0,New Property,0,1,0,0,0,1,102
flat,smart world gems,sector 89,0.95,8903.0,804.0,2,2,2,1.0,Under Construction,1,0,0,0,0,0,122
house,independent,sector 55,4.6,21296.0,2160.0,3,3,3+,2.0,Old Property,0,0,0,0,0,2,37
flat,godrej summit,sector 104,0.98,5950.0,1490.0,3,3,3,12.0,Relatively New,0,0,0,0,1,0,79
flat,m3m heights,sector 65,3.67,17990.0,1846.0,3,3,2,27.0,Under Construction,0,1,0,0,0,0,43
house,vipul world,sector 48,3.35,5583.0,6000.0,6,5,3+,3.0,Moderately Old,0,0,0,0,0,0,53
house,independent,sector 25,10.85,38150.0,2844.0,6,6,1,3.0,Relatively New,0,0,0,0,0,2,136
flat,ansal heights 86,sector 86,1.3,4666.0,2521.0,4,6,2,11.0,New Property,0,1,0,0,1,0,86
flat,bestech park view residency,sector 2,1.59,8281.0,1738.0,3,4,3+,11.0,Moderately Old,0,1,0,0,0,0,100
house,independent,sector 12,0.7,4118.0,1700.0,4,4,1,2.0,Moderately Old,0,0,0,0,0,0,0
flat,smart world gems,sector 89,0.85,7706.0,1226.0,2,2,2,2.0,Under Construction,1,0,0,0,0,0,45
flat,signature global the millennia 3,sector 37d,0.45,7627.0,656.0,2,3,2,8.0,Under Construction,0,0,0,0,0,0,8
flat,bestech spa signature,sector 81,4.45,10595.0,3850.0,4,4,3+,8.0,Relatively New,1,1,0,1,1,2,49
flat,emaar mgf the enclave,sector 66,2.1,12353.0,1800.0,3,4,2,12.0,Relatively New,0,1,0,0,0,2,156
flat,dlf the skycourt,sector 86,1.6,8294.0,1548.0,3,3,3+,9.0,Relatively New,0,0,0,0,1,2,167
flat,ss the leaf,sector 85,1.05,6162.0,1512.0,2,2,3+,7.0,Relatively New,0,0,1,0,0,0,144
flat,smart world orchard,sector 61,1.6,13913.0,1278.0,2,2,2,4.0,Under Construction,0,0,0,0,0,0,16
flat,tulip violet,sector 69,1.75,8883.0,1783.0,4,4,1,12.0,Relatively New,0,0,0,0,0,0,86
flat,aipl zen residences,sector 70a,1.65,13074.0,1142.0,2,2,3,23.0,New Property,0,0,0,0,0,0,81
flat,la vida by tata housing,sector 113,2.78,10335.0,2350.0,3,4,3+,5.0,Relatively New,0,1,0,0,0,0,174
house,vipul tatvam villa,sector 48,18.5,26429.0,7000.0,4,4,1,1.0,Moderately Old,0,0,0,0,0,0,30
flat,zara aavaas,sector 104,0.4,7030.0,514.0,2,2,1,4.0,Relatively New,0,0,0,0,0,0,52
flat,raheja vedas,sector 108,2.15,4134.0,4600.0,3,4,3+,12.0,Relatively New,1,0,0,0,0,0,0
flat,sare crescent parc royal greens phase 1,sector 92,0.79,6086.0,1175.0,3,2,2,15.0,New Property,0,0,0,0,0,0,25
flat,smart world orchard,sector 61,1.9,22700.0,1137.0,3,3,3,1.0,New Property,0,0,0,0,0,0,30
flat,ss the leaf,sector 85,2.1,7468.0,2600.0,4,4,3,7.0,Relatively New,1,1,0,1,0,0,49
flat,shapoorji pallonji joyville gurugram,sector 102,1.9,10259.0,1700.0,3,3,3+,15.0,New Property,0,0,0,1,0,0,174
flat,orris aster court premier,sector 85,1.49,5820.0,2017.0,4,5,3+,10.0,Relatively New,0,1,0,0,0,2,84
flat,tata gurgaon gateway,sector 113,3.21,11823.0,2281.0,3,3,3,9.0,New Property,0,0,0,0,0,0,49
flat,capital residences 360,sector 70a,1.64,8300.0,1950.0,3,3,3+,4.0,New Property,0,1,0,0,0,0,144
flat,emaar gurgaon greens,sector 102,1.3,7879.0,1388.0,3,3,3,7.0,Relatively New,0,1,0,0,0,0,93
house,independent,sector 43,8.5,31481.0,2700.0,5,5,3,3.0,Moderately Old,0,0,0,0,0,2,113
flat,corona optus,sector 37c,1.27,7232.0,1595.0,3,3,3,2.0,Relatively New,0,0,0,0,1,0,49
flat,raheja revanta,sector 78,0.99,6100.0,1467.0,2,2,3,14.0,Under Construction,0,0,0,0,1,0,39
flat,kibithu villas,sector 48,3.45,12778.0,3000.0,4,4,3+,2.0,Moderately Old,0,0,0,0,0,0,0
flat,godrej oasis,sector 88a,1.15,9854.0,120.0,2,2,1,12.0,New Property,1,0,0,0,0,0,79
flat,ramsons kshitij,sector 95,0.3,3158.0,950.0,2,2,1,11.0,New Property,0,0,0,0,0,0,0
flat,ramsons kshitij,sector 95,0.33,3910.0,694.0,2,2,1,14.0,New Property,0,0,0,0,1,2,79
flat,la vida by tata housing,sector 113,2.45,11051.0,1890.0,3,3,3+,3.0,Relatively New,1,0,0,0,0,0,174
house,independent,sector 2,4.95,20370.0,2430.0,6,5,3+,3.0,Relatively New,0,0,0,0,0,0,91
flat,godrej nature plus,sector 33,1.65,8267.0,2218.0,3,3,3,2.0,Under Construction,0,1,0,0,0,0,37
flat,signature global city,sector 37d,1.25,6083.0,2283.0,3,3,3,4.0,Under Construction,0,0,0,0,0,0,16
flat,emaar digihomes,sector 62,3.95,15263.0,2876.0,3,3,3,33.0,New Property,0,1,0,0,0,2,49
flat,eldeco accolade,sohna road,0.73,5753.0,1148.0,2,2,3,9.0,Relatively New,0,0,0,1,0,0,103
flat,kendriya vihar,sector 56,0.47,7769.0,672.0,1,1,1,3.0,Old Property,0,0,0,0,0,2,52
flat,bptp astaire gardens,sector 70a,1.25,8772.0,1300.0,3,3,2,1.0,Relatively New,0,0,0,0,1,0,49
flat,bestech park view ananda,sector 81,1.4,7735.0,1475.0,3,3,3+,6.0,Relatively New,0,0,0,0,0,0,95
flat,experion the heartsong,sector 108,3.0,18394.0,2204.25,4,5,3+,2.0,Relatively New,0,1,0,0,0,1,149
flat,pyramid urban homes 2,sector 86,0.42,8485.0,557.0,2,2,1,2.0,New Property,1,1,0,1,1,0,84
flat,signature global park,sohna road,0.53,6386.0,913.0,2,2,2,2.0,Relatively New,0,0,0,1,0,0,168
flat,godrej nature plus,sector 33,1.1,7971.0,1533.0,2,2,2,14.0,Under Construction,0,0,0,0,0,0,56
flat,ss the leaf,sector 85,1.14,6951.0,1484.0,2,2,3,4.0,Relatively New,0,0,0,0,0,0,109
flat,511 sarahah tower,sector 12,0.6,8333.0,800.0,2,2,1,0.0,New Property,0,0,0,1,0,1,0
flat,ramshanti cooperative society,sector 52,1.76,7243.0,2199.0,4,4,3+,12.0,New Property,0,0,0,0,0,0,0
flat,kiran residency,sector 56,1.55,7750.0,1810.0,3,3,3,5.0,Old Property,0,1,0,0,0,2,52
flat,emaar palm gardens,sector 83,1.3,11872.0,1387.0,3,3,3,16.0,Relatively New,0,1,0,0,0,2,174
house,vipul tatvam villa,sector 48,7.8,23145.0,3240.0,4,4,3+,2.0,Relatively New,0,0,0,0,0,2,145
house,anamika enclave,sector 12,6.0,14493.0,9000.0,9,9,3+,3.0,Old Property,0,0,0,0,0,0,9
flat,paras dews,sector 106,1.4,9979.0,1535.0,4,6,3+,10.0,Relatively New,0,1,0,0,0,0,174
flat,sidhartha ncr one phase,sector 95,0.46,4646.0,990.0,2,2,0,6.0,New Property,0,0,0,0,0,0,0
flat,breez global heights,sohna road,0.4,6421.0,615.0,2,2,1,4.0,New Property,0,0,0,0,0,0,49
flat,smart world orchard,sector 61,2.45,15796.0,1223.0,3,3,3,3.0,New Property,1,1,0,0,0,0,119
flat,signature global solera,sector 107,0.38,6333.0,627.0,2,2,2,3.0,Relatively New,0,0,0,0,0,1,23
flat,emaar palm gardens,sector 83,1.4,8140.0,1387.0,3,3,3,2.0,Relatively New,1,1,1,1,0,2,174
flat,dlf the ultima,sector 81,3.45,12357.0,2527.0,4,4,3+,25.0,Moderately Old,0,1,0,0,0,0,67
flat,ashiana mulberry,sohna road,0.74,6198.0,1344.0,2,2,3+,12.0,New Property,0,0,0,0,0,0,67
flat,ramprastha primera,sector 37d,1.08,6000.0,1700.0,3,3,3,9.0,Relatively New,0,0,0,0,0,0,158
flat,shree vardhman victoria,sector 70,1.65,8462.0,1527.0,3,5,3,6.0,Relatively New,0,1,0,1,0,0,167
flat,pareena coban residences,sector 99a,1.16,5809.0,1790.0,3,3,3,3.0,Relatively New,0,1,0,0,1,0,49
flat,shree vardhman flora,sector 90,1.0,5128.0,1765.0,3,4,3,8.0,New Property,0,1,0,0,0,0,95
flat,shapoorji pallonji joyville gurugram,sector 102,1.42,10380.0,1368.0,2,2,3,14.0,Relatively New,0,0,0,0,0,0,0
flat,dlf the ultima,sector 81,2.12,10081.0,1650.0,3,3,3+,9.0,Relatively New,1,1,0,1,1,1,49
flat,mittal cosmos executive apartments,sector 2,0.75,6550.0,1100.0,2,2,2,15.0,Old Property,0,0,0,0,0,2,42
flat,pivotal devaan,sector 84,0.34,5832.0,533.0,2,2,1,3.0,Relatively New,0,0,1,0,0,0,75
house,eros rosewood villas,sector 49,2.8,15556.0,1900.0,3,3,3,2.0,Moderately Old,0,0,0,0,0,0,68
house,unitech deerwood chase,sector 50,15.0,33333.0,4500.0,4,4,2,2.0,Moderately Old,0,0,0,0,0,0,160
house,vipul tatvam villa,sector 48,5.75,22184.0,280.0,4,4,2,2.0,Moderately Old,0,0,0,0,0,0,30
flat,whiteland  the aspen,sector 76,3.5,11917.0,2937.0,3,4,3,8.0,Under Construction,0,0,0,0,0,0,0
house,independent,sector 14,6.46,18889.0,380.0,5,5,2,3.0,Moderately Old,0,0,0,0,0,2,27
house,central park flower valley cerise floors,sector 33,1.35,11157.0,1210.0,2,2,2,4.0,New Property,0,0,0,0,0,1,107
flat,rof ananda,sector 95,0.2,5602.0,407.0,1,1,1,2.0,Relatively New,0,0,0,1,0,0,53
flat,krisumi waterfall residences,sector 36a,2.2,14875.0,1338.0,2,2,2,23.0,New Property,0,0,0,0,0,0,15
flat,hsiidc sidco aravali,manesar,0.86,3323.0,1900.0,3,3,3+,3.0,Moderately Old,0,1,0,0,0,0,81
flat,m3m soulitude,sector 89,1.14,8000.0,1581.0,3,3,2,2.0,Under Construction,1,0,0,0,0,0,77
flat,trisara our homes 3,sohna road,0.38,6312.0,602.0,2,2,2,1.0,Relatively New,0,0,0,0,0,0,0
flat,bestech park view grand spa,sector 81,2.3,8647.0,2280.0,3,4,3+,7.0,Relatively New,0,1,0,0,0,2,49
flat,ashiana mulberry,sohna road,1.05,5412.0,1175.97,2,2,3,1.0,New Property,1,0,0,0,0,0,49
flat,pareena mi casa,sector 68,1.15,9237.0,1127.0,2,2,3,8.0,New Property,0,0,0,0,0,0,49
flat,godrej meridien,sector 106,3.2,16000.0,2224.0,3,3,3+,6.0,Under Construction,0,1,0,0,0,0,49
flat,emaar mgf emerald floors premier,sector 65,2.24,13576.0,1833.0,3,3,3,2.0,Relatively New,1,1,0,0,0,0,46
flat,aipl zen residences,sector 70a,1.82,10997.0,1600.0,3,3,3,12.0,Relatively New,0,0,0,0,0,0,108
flat,bestech altura,sector 79,1.9,9000.0,2389.0,3,4,2,11.0,New Property,0,1,0,0,0,0,49
flat,shapoorji pallonji joyville gurugram,sector 102,1.25,9874.0,1100.0,2,2,2,0.0,Relatively New,0,0,0,0,0,0,79
house,independent,sector 92,1.8,7627.0,2360.0,4,5,0,13.0,Relatively New,0,0,0,0,0,0,0
flat,shree vardhman flora,sector 90,0.8,5926.0,1350.0,2,3,2,0.0,Relatively New,0,0,0,0,0,0,60
flat,sare green parc phase 3,sector 92,0.79,6086.0,1175.0,3,2,2,15.0,New Property,0,0,0,0,0,0,29
flat,ats kocoon,sector 109,2.2,10023.0,1860.0,3,4,3,8.0,Relatively New,0,1,0,0,0,0,156
flat,experion windchants,sector 112,2.6,10651.0,1939.03,2,2,3,8.0,Relatively New,0,0,0,0,0,0,168
flat,puri the aravallis,sector 61,3.87,17200.0,1712.0,3,4,3+,21.0,Under Construction,0,1,0,0,0,0,58
flat,orchid petals,sector 49,1.95,9974.0,1633.0,3,3,3,2.0,Old Property,0,0,0,0,0,2,90
flat,shree vardhman victoria,sector 70,1.65,8462.0,1765.0,3,4,3,12.0,Relatively New,0,1,1,0,0,0,56
house,independent,sector 21,0.6,6173.0,972.0,3,3,2,3.0,Old Property,0,0,0,0,0,0,0
flat,paras dews,sector 106,1.0,7220.0,940.0,2,2,3+,2.0,New Property,0,0,0,0,0,2,21
flat,emaar digihomes,sector 62,4.25,26562.0,1778.0,3,3,3,8.0,Under Construction,1,0,0,0,0,0,16
flat,m3m sierra 68,sector 68,1.2,9002.0,982.0,2,2,3,1.0,Relatively New,0,0,0,0,0,1,76
house,independent,sector 3 phase 3 extension,0.75,6410.0,130.0,2,2,0,1.0,Moderately Old,0,0,0,0,0,0,0
house,unitech uniworld resorts,sector 33,8.0,17778.0,500.0,6,5,3+,4.0,Relatively New,0,0,0,0,0,0,0
house,independent,sector 11,0.44,4251.0,128.0,3,2,1,1.0,Relatively New,0,0,0,0,0,0,46
flat,m3m the marina,sector 68,1.0,12500.0,889.0,2,2,3,21.0,Relatively New,0,0,0,0,0,0,31
house,dlf city plots,sector 26,17.3,38737.0,4518.0,6,7,3+,3.0,New Property,0,0,0,0,0,2,124
house,ireo victory valley,sector 67,8.0,22222.0,3600.0,6,7,3+,51.0,Moderately Old,0,0,0,0,0,2,49
flat,shapoorji pallonji joyville gurugram,sector 102,1.6,11696.0,1368.0,2,2,3,14.0,Moderately Old,0,0,0,0,0,0,0
house,independent,sector 50,10.55,32562.0,3240.0,5,5,3,2.0,Moderately Old,0,0,0,0,0,0,42
flat,piedmont taksila heights,sector 37c,1.0,6506.0,1708.0,3,3,3+,8.0,Relatively New,0,0,0,0,0,2,49
flat,ramsons kshitij,sector 95,0.4,5839.0,761.0,3,2,2,6.0,New Property,0,0,0,0,0,0,0
flat,sare green parc 2,sector 92,0.75,4744.0,1415.0,3,3,3,2.0,Relatively New,0,0,0,0,1,2,49
flat,ramsons kshitij,sector 95,0.19,591.0,3569.0,1,1,1,14.0,Relatively New,0,0,0,0,0,0,49
house,independent,sector 7,0.66,12000.0,550.0,3,1,1,3.0,Relatively New,0,0,0,0,0,0,22
flat,bestech park view residency,sector 2,0.56,8629.0,723.0,1,2,2,7.0,Moderately Old,0,0,0,0,0,0,92
flat,raheja vedaanta,sector 108,1.5,5263.0,2850.0,3,4,0,12.0,Relatively New,0,0,0,0,0,0,0
house,independent,sector 11,2.1,17284.0,1215.0,2,6,3+,3.0,Relatively New,0,0,0,0,0,0,14
flat,bestech park view sanskruti,sector 92,1.6,7547.0,1765.0,3,3,3,10.0,Relatively New,0,1,0,0,0,2,60
flat,mapsko mount ville,sector 79,1.55,8540.0,1416.0,3,4,3,11.0,Relatively New,0,1,0,0,0,2,152
house,independent,sector 26,8.9,32963.0,2700.0,4,4,3+,2.0,Old Property,0,0,0,0,0,0,82
flat,prime habitat,sector 99a,0.27,6054.0,498.0,2,2,1,10.0,Relatively New,0,0,0,0,0,0,67
flat,"m m residency, krishna colony, gurgaon",sector 7,0.54,5889.0,1000.0,2,2,1,3.0,Relatively New,0,0,0,0,0,0,70
flat,signature global park,sohna road,0.52,6326.0,913.0,2,2,2,3.0,Relatively New,0,0,0,1,0,0,161
flat,ats kocoon,sector 109,1.75,10029.0,1550.0,3,3,3,10.0,Relatively New,0,0,0,1,0,2,49
flat,indiabulls enigma,sector 110,4.0,9850.0,3350.0,4,4,3,17.0,New Property,0,0,0,0,0,0,59
flat,orris carnation residency,sector 85,0.9,4532.0,1575.0,4,4,3,8.0,Moderately Old,0,0,0,0,0,2,40
flat,spaze privvy the address,sector 93,1.25,5700.0,2105.0,4,4,3,16.0,Relatively New,0,0,0,0,0,0,0
flat,indiabulls centrum park,sector 103,2.14,7443.0,2718.0,4,6,3+,7.0,Relatively New,0,1,0,0,0,0,142
house,vatika the seven lamps,sector 82,1.6,6598.0,2425.0,4,4,3+,16.0,Moderately Old,0,0,0,0,0,0,94
flat,aipl zen residences,sector 70a,1.4,11094.0,1262.0,2,2,2,16.0,Relatively New,0,0,0,0,0,0,0
flat,experion heartsong,dwarka expressway,1.08,6150.0,1758.0,3,3,0,2.0,Under Construction,0,0,0,0,0,0,0
flat,dlf park place,sector 54,4.85,30180.0,1785.0,3,4,3+,6.0,Moderately Old,0,1,0,0,0,1,158
flat,godrej,sector 79,1.34,8524.0,1423.0,2,2,3,2.0,Relatively New,1,0,0,0,0,0,158
house,independent,sector 56,8.0,9654.0,8286.0,10,10,3+,4.0,Relatively New,0,0,0,0,0,1,107
flat,ats kocoon,sector 109,2.95,10351.0,3150.0,4,4,3+,7.0,Relatively New,0,1,1,0,0,2,158
flat,dlf new town heights,sector 86,1.27,6580.0,1800.0,3,4,3,19.0,Relatively New,0,1,0,1,0,0,126
flat,ansal heights,sector 92,0.6,4545.0,1195.0,2,2,3,11.0,Under Construction,0,0,0,0,1,0,23
flat,suncity vatsal valley,gwal pahari,1.53,10699.0,1589.0,3,3,3,2.0,New Property,0,0,0,0,0,2,117
flat,tata primanti,sector 72,3.5,11427.0,2625.0,4,5,3+,10.0,Relatively New,0,1,0,0,1,0,38
flat,bestech park view ananda,sector 81,0.9,6618.0,1231.0,2,2,3,8.0,New Property,0,0,0,0,1,0,60
flat,emaar mgf emerald floors premier,sector 65,3.5,17722.0,1787.0,4,4,3,4.0,Relatively New,0,1,0,0,0,0,114
flat,adani m2k oyster grande,sector 102,1.95,7561.0,2334.0,3,4,3,9.0,Relatively New,1,1,0,0,0,2,83
flat,tarc maceo,sector 91,0.89,6339.0,1302.0,2,2,3+,9.0,Relatively New,0,0,0,0,1,2,13
flat,raheja the vedaanta floors,sector 108,0.7,4522.0,1720.0,2,2,3,1.0,Moderately Old,0,0,0,0,0,2,0
flat,godrej,sector 79,1.34,8524.0,1423.0,3,3,3,7.0,Relatively New,0,0,0,0,0,0,158
flat,smart world orchard,sector 61,1.58,13739.0,1278.0,2,2,2,3.0,New Property,1,0,0,0,0,0,15
flat,divya apartments,sector 6,0.6,7595.0,790.0,2,2,0,2.0,Relatively New,0,0,0,0,0,2,15
flat,aipl zen residences,sector 70a,1.25,9905.0,1402.0,2,2,2,19.0,New Property,0,0,0,0,0,0,42
house,independent,sector 3,0.55,7333.0,750.0,1,1,0,1.0,Moderately Old,0,0,0,0,0,0,0
house,sobha city,sector 108,10.5,14323.0,7331.0,5,4,3+,1.0,Relatively New,0,0,0,0,0,0,59
house,independent,sector 4,0.67,9795.0,76.0,3,3,2,2.0,Relatively New,0,0,0,0,0,0,7
flat,signature global city,sector 37d,0.68,11724.0,644.0,2,2,3,9.0,New Property,0,0,0,0,1,0,58
flat,shree vardhman flora,sector 90,0.65,4962.0,1225.0,2,2,3,11.0,Relatively New,1,0,0,0,0,2,49
house,international city by sobha phase 2,sector 109,7.0,12963.0,5400.0,5,6,2,2.0,Relatively New,0,0,0,0,0,0,154
flat,bestech park view residency,sector 2,1.01,7138.0,1281.0,2,2,3,0.0,Moderately Old,0,0,0,0,0,0,92
flat,supertech hues,sector 68,0.82,6949.0,1068.0,2,2,3+,21.0,Under Construction,0,0,0,0,1,0,72
flat,spaze privy at,sector 84,1.24,6465.0,1650.0,3,3,3,8.0,Relatively New,1,0,0,0,0,2,158
flat,emaar palm heights,sector 77,2.1,10370.0,1833.0,3,3,3,17.0,New Property,1,1,0,0,0,0,8
flat,aditya apartment,manesar,1.0,4032.0,2480.0,3,4,0,3.0,New Property,0,0,0,0,0,0,0
house,dlf city phase 1,sector 26,3.25,3681.0,981.0,3,3,3,2.0,Old Property,0,0,0,0,0,0,79
flat,mvn athens,sohna road,0.26,5394.0,535.0,2,2,1,5.0,Relatively New,0,0,0,0,0,0,95
house,dlf new town heights,sector 86,2.5,7058.0,3400.0,4,4,3+,3.0,Moderately Old,0,0,0,0,0,2,142
flat,m3m woodshire,sector 107,0.75,5490.0,1201.0,2,2,3+,14.0,Relatively New,0,0,0,1,0,0,174
flat,ss the leaf,sector 85,2.13,7575.0,2600.0,4,4,3,6.0,Relatively New,0,0,0,0,0,0,49
flat,emaar palm heights,sector 77,1.79,8840.0,1600.0,3,3,3,1.0,New Property,0,1,0,0,0,2,49
flat,supertech araville,sector 79,0.71,5521.0,1295.0,2,2,0,9.0,Under Construction,0,0,0,0,0,0,0
flat,bestech park view grand spa,sector 81,2.35,8835.0,2511.0,3,4,3+,10.0,Relatively New,0,1,0,0,0,0,109
house,vipul tatvam villa,sector 48,19.5,22222.0,8775.0,5,6,3,2.0,Moderately Old,0,0,0,0,0,2,110
flat,the lions cghs,sector 56,2.05,7885.0,2600.0,4,4,3+,7.0,Old Property,0,0,1,0,0,2,120
house,independent,sector 24,11.0,28902.0,5000.0,8,11,3+,3.0,Old Property,0,0,0,0,0,2,39
flat,puri emerald bay,sector 104,2.6,15160.0,2061.0,3,4,3+,5.0,Relatively New,1,1,0,0,0,0,81
flat,ss the leaf,sector 85,1.25,10889.0,1426.0,2,2,3+,17.0,Relatively New,0,0,1,0,0,0,156
house,independent,sector 23,5.65,17706.0,5000.0,7,7,3+,2.0,Moderately Old,0,0,0,0,0,0,68
flat,dlf belvedere towers,sector 25,3.4,13765.0,2744.0,4,4,3,1.0,Old Property,0,1,0,0,0,0,26
flat,ss the coralwood,sector 84,1.01,5771.0,1475.0,3,3,2,18.0,Relatively New,0,0,0,0,0,0,40
flat,paras dews,sector 106,1.2,6818.0,1186.0,3,4,3+,9.0,Relatively New,0,1,0,0,0,0,174
house,independent,sector 21,1.6,11852.0,120.0,5,5,2,3.0,Relatively New,0,0,0,0,0,0,0
flat,ats kocoon,sector 109,2.22,10597.0,1896.0,3,3,3,20.0,Relatively New,0,1,0,0,1,0,79
flat,vipul world floors,sector 48,4.3,13871.0,3444.0,4,5,3+,4.0,New Property,1,1,0,1,0,0,88
flat,ansal heights 86,sector 86,0.67,5099.0,1231.0,2,2,1,10.0,Relatively New,0,0,0,0,0,0,115
flat,on request,sector 103,1.69,9145.0,1670.0,3,3,3+,8.0,Relatively New,0,0,0,0,0,0,49
flat,mapsko mount ville,sector 79,1.2,8054.0,1348.0,3,3,3,24.0,Relatively New,0,0,0,0,0,2,8
flat,sare homes,sector 92,0.71,5354.0,1473.0,3,3,3,2.0,Relatively New,0,0,0,1,0,0,108
flat,ansal heights 86,sector 86,1.25,7396.0,1529.0,3,2,1,11.0,New Property,0,0,0,0,0,0,45
flat,pyramid urban homes 2,sector 86,0.43,8583.0,557.0,2,2,1,6.0,New Property,1,0,0,0,0,0,92
flat,the cocoon,dwarka expressway,2.0,13333.0,1357.0,3,3,3,5.0,New Property,0,0,0,0,0,0,0
flat,dlf the skycourt,sector 86,1.56,8087.0,1580.0,3,4,3+,17.0,Relatively New,0,0,1,0,0,0,174
flat,conscient elevate,sector 59,3.9,16993.0,2295.0,3,1,0,0.0,Under Construction,0,0,0,0,0,0,0
house,unitech aspen greens,sector 50,6.95,32176.0,2160.0,3,3,1,2.0,Moderately Old,0,0,0,0,0,0,160
flat,aipl the peaceful homes,sector 70a,1.6,9587.0,1416.0,2,2,2,22.0,Moderately Old,0,0,0,0,0,0,86
flat,eldeco accolade,sohna road,0.95,6543.0,1129.0,2,2,3+,6.0,New Property,1,0,0,0,0,2,56
flat,mapsko mount ville,sector 79,1.85,9640.0,1643.0,3,4,3,21.0,New Property,0,1,0,1,0,0,49
flat,orris aster court,sector 85,0.9,5671.0,1436.0,3,3,3,8.0,Relatively New,0,0,0,0,0,0,49
flat,bestech park view grand spa,sector 81,3.0,9419.0,2882.0,4,5,2,6.0,Relatively New,0,1,0,0,0,2,110
flat,sare homes,sector 92,0.56,4730.0,1316.0,3,1,3,1.0,Moderately Old,0,0,0,0,0,2,75
flat,pareena coban residences,sector 99a,1.38,7150.0,2150.0,4,5,3+,1.0,Relatively New,0,1,0,0,1,0,49
flat,capital residences 360,sector 70a,1.66,8401.0,1900.0,3,3,3+,8.0,New Property,0,1,0,0,0,0,132
flat,suncity platinum towers,sector 28,6.2,23091.0,2000.0,3,4,3+,21.0,Relatively New,0,1,0,0,0,2,160
flat,signature global park 4,sector 36,0.85,11333.0,833.0,3,2,3,1.0,New Property,0,0,0,0,0,0,33
flat,apartment,sector 92,0.75,4688.0,1778.0,3,4,3,2.0,Moderately Old,1,0,0,0,0,0,113
flat,bptp terra,sector 37d,1.65,7531.0,2091.0,4,3,3+,6.0,Relatively New,0,0,0,0,0,2,149
flat,pioneer araya,sector 62,9.14,19488.0,3932.0,4,6,3,16.0,Relatively New,1,1,1,0,0,2,146
flat,supertech new soft launch,sector 68,0.84,7119.0,1180.0,2,2,2,7.0,New Property,0,0,0,0,0,0,0
flat,brisk lumbini terrace homes,sector 109,1.38,6339.0,2419.0,3,3,1,4.0,Moderately Old,0,0,0,0,0,0,20
flat,bestech park view residency,sector 2,1.4,7865.0,1611.0,3,3,3+,6.0,Old Property,0,0,0,0,0,1,107
flat,emaar mgf the palm drive,sector 66,2.8,14359.0,1920.0,3,3,2,12.0,New Property,1,1,0,1,0,1,69
flat,mahindra aura,sector 110,1.8,8815.0,1850.0,3,3,3+,7.0,Relatively New,0,1,0,0,0,2,136
flat,bestech park view city,sector 48,2.65,10323.0,2134.0,4,4,3+,11.0,Moderately Old,1,1,0,0,0,2,174
house,unitech aspen greens,sector 50,6.8,31481.0,220.0,4,5,3,3.0,Old Property,0,0,0,0,0,2,111
flat,sbr apartment,manesar,0.68,4456.0,1526.0,3,3,3,2.0,Moderately Old,0,0,0,0,0,0,0
flat,pareena mi casa,sector 68,1.1,9016.0,1244.0,2,2,3,13.0,New Property,0,0,0,0,0,0,106
flat,chd avenue,sector 71,1.15,6527.0,1541.0,3,3,2,15.0,Moderately Old,0,1,0,0,0,2,66
flat,emaar mgf emerald estate,sector 65,1.42,13922.0,1010.0,2,2,2,6.0,Relatively New,1,0,0,0,0,2,174
flat,signature andour heights,sector 71,0.6,10000.0,557.0,2,2,1,5.0,Relatively New,0,0,0,1,0,0,59
flat,beverley park 1,sector 43,8.44,16231.0,5000.0,4,5,3,9.0,Moderately Old,0,1,0,0,0,1,117
flat,aardhya homesh,sector 67a,1.85,8043.0,2556.0,4,4,0,4.0,New Property,0,0,0,0,0,0,0
flat,signature the roselia,sector 95,0.45,7909.0,632.0,2,2,2,2.0,New Property,0,0,0,0,0,2,31
flat,signature global city,sector 37d,1.1,8800.0,1389.0,3,3,3,1.0,Under Construction,0,0,0,0,0,0,16
flat,orris aster court premier,sector 85,1.5,5859.0,2017.0,4,5,3+,6.0,New Property,0,1,0,0,0,2,28
flat,godrej,sector 79,1.29,8206.0,1423.0,2,2,3,4.0,New Property,0,0,0,0,0,0,0
flat,experion the heartsong,sector 108,0.9,7015.0,1161.0,2,3,3,7.0,Relatively New,0,1,0,0,1,0,72
flat,godrej oasis,sector 88a,2.65,16751.0,138.0,3,3,3+,10.0,New Property,0,0,0,0,0,0,110
flat,central park flower valley,sohna road road,1.65,17442.0,1051.0,3,3,0,1.0,New Property,0,0,0,0,0,0,66
flat,smart world gems,sector 89,0.95,8597.0,1226.0,2,2,2,4.0,New Property,1,1,0,0,0,0,38
flat,the lions cghs,sector 56,2.05,9535.0,2000.0,4,4,3,7.0,Relatively New,0,1,0,0,1,2,49
flat,maruti vihar colony,sector 28,0.95,8887.0,1188.0,2,1,1,1.0,Old Property,0,0,0,0,0,0,59
flat,bptp freedom park life,sector 57,2.5,11111.0,2036.0,3,3,3,9.0,Moderately Old,0,0,0,0,0,0,55
house,independent,sector 41,1.65,13750.0,1200.0,1,1,0,1.0,Moderately Old,0,0,0,0,0,0,0
flat,dlf the primus,sector 82a,1.85,10176.0,1677.0,3,3,3,15.0,Moderately Old,0,0,0,0,1,0,38
flat,antriksh heights,sector 84,1.05,5012.0,1896.0,4,4,3+,3.0,New Property,1,0,0,0,0,0,66
flat,vatika gurgaon,sector 83,1.08,6225.0,1570.0,3,3,2,11.0,Relatively New,0,0,0,0,1,0,19
flat,ansal harmony homes,sector 57,1.12,10667.0,950.0,2,2,1,0.0,Old Property,0,0,0,0,0,0,72
flat,tulip violet,sector 69,1.36,8619.0,1428.0,3,3,2,12.0,Relatively New,0,0,0,1,0,2,49
flat,indiabulls enigma,sector 110,3.45,10147.0,3077.0,4,4,3,9.0,Moderately Old,0,1,0,0,0,2,125
house,independent,sector 4,0.8,11852.0,675.0,2,3,1,2.0,Moderately Old,0,0,0,0,0,0,0
flat,shapoorji pallonji joyville gurugram,sector 102,1.75,15514.0,1465.0,3,3,3+,1.0,Relatively New,0,0,0,0,0,0,49
flat,ireo the grand arch,sector 58,2.2,13480.0,1432.0,2,2,1,5.0,Relatively New,1,0,0,0,0,2,94
flat,shapoorji pallonji joyville gurugram,sector 102,2.0,17730.0,1456.0,3,3,3+,1.0,Relatively New,0,0,1,0,0,0,139
flat,shree arihant apartment,sector 54,1.55,7381.0,2000.0,3,3,3+,3.0,Moderately Old,0,0,0,1,1,2,125
flat,raheja navodaya,sector 92,0.85,5407.0,1423.0,3,3,0,0.0,Relatively New,0,0,0,0,0,0,88
house,independent,sector 2,0.7,7778.0,900.0,1,1,0,1.0,Moderately Old,0,0,0,0,0,0,0
flat,dlf new town heights,sector 90,1.55,6557.0,2139.0,4,4,3+,1.0,Relatively New,0,1,0,1,0,0,81
flat,tulip violet,sector 69,2.0,9950.0,1819.0,4,4,2,0.0,Relatively New,0,0,0,0,0,0,95
flat,breez global heights,sohna road,0.42,6422.0,564.0,2,2,2,2.0,New Property,0,0,0,0,0,0,73
flat,dlf garden city floors,sector 92,1.7,8586.0,1475.0,3,4,2,1.0,Under Construction,0,0,0,0,0,0,63
flat,raheja atlantis,sector 31,5.5,18688.0,2663.0,4,5,3+,1.0,Relatively New,1,1,0,1,0,0,81
flat,rof ananda,sector 95,0.36,5660.0,717.0,2,2,2,10.0,New Property,1,0,0,0,0,0,75
flat,ireo skyon,sector 60,2.12,15531.0,1350.0,2,2,2,2.0,Relatively New,0,0,0,1,0,2,174
house,independent,sector 5,3.5,14787.0,2367.0,5,4,2,2.0,Old Property,0,0,0,0,0,0,36
flat,samadhan shri kamal cghs,sector 1,2.01,11427.0,1956.0,4,4,3+,10.0,Moderately Old,0,0,0,0,0,1,0
flat,tulip violet,sector 69,1.76,9514.0,1674.0,3,4,2,0.0,Relatively New,0,0,0,0,0,0,157
flat,emaar palm gardens,sector 83,1.76,9263.0,1500.0,3,3,3,6.0,Relatively New,0,1,0,0,0,2,165
flat,vatika gurgaon,sector 83,1.25,6313.0,1792.0,3,3,2,2.0,Relatively New,0,1,0,0,0,0,119
flat,godrej aria,sector 79,1.69,8522.0,1795.0,3,3,2,7.0,Relatively New,0,0,0,0,0,0,112
flat,bptp amstoria,sector 102,1.9,8444.0,2500.0,3,3,3+,1.0,Relatively New,0,1,0,0,0,0,174
flat,suncity heights,sector 54,3.85,16446.0,2119.0,3,3,3+,8.0,Old Property,0,1,0,0,0,0,67
flat,ramprastha the edge towers,sector 37d,0.8,5797.0,1300.0,2,2,3,2.0,Relatively New,0,0,0,0,0,0,78
house,independent,sector 4,3.3,14667.0,2250.0,3,3,2,1.0,Old Property,0,0,0,0,0,0,34
flat,eldeco accolade,sector 33,1.2,8043.0,1492.0,2,2,2,0.0,New Property,1,0,0,0,0,0,55
house,independent,sector 57,3.49,20197.0,1728.0,4,4,2,3.0,Moderately Old,0,0,0,0,0,2,49
flat,ireo skyon,sector 60,2.05,15185.0,1520.0,2,3,2,2.0,Relatively New,0,0,1,0,0,2,174
flat,raheja vanya,sector 99a,0.59,3976.0,1133.0,2,2,3,1.0,Under Construction,0,0,0,0,1,0,96
flat,microtek greenburg,sector 86,1.45,9797.0,1480.0,3,2,3,8.0,Relatively New,0,0,0,0,0,1,72
flat,unitech sunbreeze,sector 69,1.0,5476.0,1826.0,4,3,0,0.0,Relatively New,0,0,0,0,0,0,0
flat,shree vardhman flora,sector 90,0.65,4815.0,1222.0,2,2,3,6.0,Relatively New,1,0,0,0,0,0,174
flat,dlf the ultima,sector 81,2.4,11257.0,1800.0,3,3,2,10.0,Relatively New,0,1,0,0,0,1,174
flat,microtek greenburg,sector 86,1.25,8446.0,1339.0,2,2,3,13.0,Moderately Old,1,0,0,0,0,0,6
flat,kashish manor one,sector 111,1.65,7097.0,2104.0,3,4,3+,14.0,Under Construction,0,1,0,0,1,0,8
flat,corona optus,sector 37c,1.4,7035.0,1890.0,3,3,3+,4.0,Relatively New,0,1,0,0,0,0,149
flat,signature global park,sohna road,0.72,5990.0,1095.0,2,2,3,3.0,Relatively New,0,0,0,1,0,0,158
flat,shree vardhman victoria,sector 70,1.75,8974.0,1950.0,3,5,0,0.0,Relatively New,0,0,0,0,0,0,47
flat,ireo the corridors,sector 67a,1.4,9434.0,1149.0,2,2,2,8.0,Relatively New,1,0,0,0,1,0,90
flat,dlf the ultima,sector 81,2.5,11726.0,2130.0,3,3,2,4.0,Relatively New,0,1,0,0,0,1,82
flat,mapsko casa bella,sector 82,1.38,5444.0,2294.0,4,5,3+,20.0,Relatively New,0,1,0,0,0,0,79
flat,dlf the ultima,sector 81,3.45,12013.0,2599.0,4,4,3+,10.0,New Property,0,1,0,0,0,1,165
flat,ss almeria,sector 84,1.5,7500.0,1849.0,3,3,3,2.0,New Property,0,1,0,0,0,0,108
flat,experion windchants,sector 112,3.65,12310.0,2225.56,3,4,3+,14.0,Relatively New,0,1,0,0,0,2,150
flat,experion the heartsong,sector 108,2.0,8554.0,2116.0,3,3,3+,14.0,Relatively New,0,1,0,0,0,0,95
flat,vipul lavanya,sector 81,0.6,6667.0,814.0,2,2,1,0.0,Under Construction,0,0,0,0,0,0,0
flat,eldeco accolade,sohna road,0.73,5775.0,978.0,2,2,3,5.0,Relatively New,0,0,0,1,0,0,33
flat,ardee city,sector 52,1.55,7381.0,2100.0,4,4,3,1.0,Moderately Old,0,0,0,0,0,0,0
flat,the rama apartment cghs,sector 43,2.5,10204.0,2722.0,4,4,3+,4.0,Moderately Old,0,1,0,0,0,0,26
house,ansal api esencia,sector 67,5.46,24170.0,2259.0,4,5,3+,2.0,Relatively New,0,0,0,0,0,2,103
flat,signature global solera,sector 107,0.35,6494.0,608.0,2,2,2,8.0,Relatively New,0,0,0,0,0,0,45
house,independent,sector 43,5.75,29716.0,1935.0,4,4,2,2.0,Old Property,0,0,0,0,0,0,34
house,independent,sector 46,4.35,23693.0,1836.0,3,8,2,3.0,Relatively New,0,0,0,0,0,2,19
flat,paras dews,sector 106,1.35,7297.0,2100.0,4,4,3+,18.0,Relatively New,0,1,0,1,0,2,174
flat,microtek greenburg,sector 86,1.3,15294.0,944.0,2,3,3,5.0,Relatively New,1,0,0,0,0,2,45
flat,trisara our homes 3,sohna road,0.4,6557.0,669.0,2,2,1,0.0,New Property,0,0,0,0,0,2,90
house,dlf city plots phase 2,sector 25,10.55,39074.0,2700.0,5,6,3+,3.0,Moderately Old,0,0,0,0,0,0,131
flat,aipl joy square,sector 63a,0.7,10101.0,693.0,1,1,0,7.0,Under Construction,0,0,0,0,0,0,0
flat,signature global city 37d ph 2,sector 37d,1.36,8848.0,1535.0,3,3,3,1.0,Under Construction,0,0,0,1,1,0,37
flat,ss the leaf,sector 85,1.58,7715.0,2227.0,3,4,3,8.0,Relatively New,0,1,0,0,0,0,159
house,signature global city 63a,sector 63,1.5,6289.0,2385.0,3,3,2,1.0,New Property,0,0,0,0,0,0,0
flat,ats triumph,sector 104,1.73,7555.0,2072.0,3,4,3+,15.0,Relatively New,0,1,0,0,0,0,159
flat,ansal heights 86,sector 86,0.82,6029.0,1300.0,2,2,1,12.0,New Property,0,0,0,0,0,0,49
flat,signature global park,sohna road,0.58,7056.0,822.0,2,2,2,3.0,Relatively New,0,0,0,0,0,0,58
house,independent,sector 39,1.6,17937.0,892.0,1,1,2,2.0,Old Property,0,0,0,0,0,0,40
flat,central park flower valley aqua front towers,sector 33,2.96,13871.0,2371.0,4,4,3,1.0,New Property,0,1,0,0,0,2,24
flat,dlf the primus,sector 82a,2.2,10516.0,1893.0,3,3,3+,16.0,Relatively New,0,1,0,0,0,1,174
flat,m3m woodshire,sector 107,0.8,5857.0,1236.0,2,2,3+,14.0,New Property,0,0,0,0,0,0,67
flat,green homes,sector 52,1.85,7872.0,2127.0,3,3,3,7.0,Moderately Old,0,1,0,0,0,0,28
flat,m3m woodshire,sector 107,1.8,7624.0,1837.0,3,4,3+,2.0,Relatively New,0,1,0,0,0,0,129
flat,paras dews,sector 106,0.87,9255.0,1120.0,2,2,3+,1.0,New Property,0,0,0,0,0,0,174
flat,vatika the seven lamps,sector 82,0.89,8847.0,1202.0,2,2,2,14.0,Relatively New,1,0,0,0,0,2,129
flat,oriental valley chs,sector 9a,1.5,8108.0,2056.0,4,3,3+,8.0,Moderately Old,0,0,0,0,0,0,35
house,independent,sector 9,1.65,18333.0,900.0,2,3,0,3.0,Old Property,0,0,0,0,0,0,0
flat,orchid petals,sector 49,2.35,11559.0,2030.0,3,3,3,15.0,Relatively New,0,0,0,0,1,0,49
house,independent,sector 28,0.7,8102.0,864.0,2,2,0,2.0,Old Property,0,0,0,0,0,0,7
flat,parsvnath green ville,sector 48,2.0,7764.0,1923.0,3,3,0,15.0,Relatively New,0,1,0,0,0,0,74
house,independent,sector 43,1.9,3909.0,60.0,3,3,3+,3.0,Old Property,0,0,0,0,0,1,0
house,independent,sector 26,5.8,32222.0,1800.0,4,3,2,2.0,Relatively New,0,0,0,0,0,0,21
flat,pyramid urban homes 2,sector 86,0.5,8319.0,668.0,2,2,1,2.0,Relatively New,0,0,0,0,0,0,35
house,eldeco mansionz,sector 48,4.75,20299.0,2340.0,7,7,3,2.0,Moderately Old,0,0,0,0,0,2,33
flat,silverglades the melia,sohna road,0.78,5778.0,1222.0,2,2,3,9.0,Under Construction,1,0,0,0,0,0,72
flat,ats triumph,sector 104,4.45,6846.0,7222.0,4,5,3+,27.0,Relatively New,0,0,0,0,0,0,110
flat,mapsko royale ville,sector 82,1.15,6425.0,1620.0,3,4,2,15.0,Relatively New,0,1,0,1,0,2,104
flat,ansals duplex flat,sector 2,0.95,7308.0,1444.0,2,3,2,1.0,Old Property,1,0,0,0,0,2,20
flat,mapsko mount ville,sector 79,1.3,8725.0,1176.0,3,3,3,19.0,Relatively New,0,0,1,0,0,2,102
house,independent,sector 17b,8.5,18814.0,500.0,4,4,2,2.0,Old Property,0,0,0,0,0,2,21
flat,bestech park view grand spa,sector 81,2.2,8271.0,2481.0,3,4,3+,8.0,Relatively New,0,1,0,0,0,2,165
flat,krisumi waterfall residences,sector 36a,2.3,15551.0,1479.0,2,2,2,23.0,Relatively New,0,0,0,0,0,0,58
flat,bestech park view ananda,sector 81,1.45,8735.0,1352.0,3,2,3+,3.0,Relatively New,0,0,0,0,1,0,45
house,bhawani enclave,sector 12,0.42,8235.0,567.0,3,3,0,2.0,New Property,0,0,0,0,0,0,0
flat,emaar mgf the palm drive,sector 66,3.2,17778.0,1995.0,3,3,3,12.0,Relatively New,1,1,1,1,0,0,117
house,unitech uniworld resorts,sector 33,11.5,24573.0,4680.0,5,6,3+,4.0,Relatively New,0,0,0,0,0,0,84
flat,emaar mgf emerald floors premier,sector 65,2.75,13924.0,1750.0,4,4,3,3.0,Relatively New,1,1,0,0,0,2,113
flat,shree vardhman victoria,sector 70,1.62,8308.0,1527.0,3,5,3,9.0,Relatively New,0,1,0,0,0,0,43
flat,shapoorji pallonji joyville gurugram,sector 102,2.12,11447.0,1571.0,3,3,3,9.0,New Property,0,0,0,0,0,0,109
house,independent,sector 4,0.65,10317.0,70.0,1,1,1,1.0,Moderately Old,0,0,0,0,0,0,21
house,unitech nirvana birch court,sector 50,6.8,31481.0,2160.0,4,4,3+,2.0,Old Property,0,0,0,0,0,0,105
flat,corona optus,sector 37c,1.44,7251.0,2211.0,3,3,3+,8.0,New Property,0,1,0,0,0,0,37
house,international city by sobha phase 2,sector 109,10.0,27778.0,3600.0,4,5,3+,2.0,New Property,0,0,0,0,0,2,49
house,independent,sector 105,0.74,7400.0,1000.0,3,3,0,2.0,Moderately Old,0,0,0,0,0,0,0
flat,assotech blith,sector 99,1.15,6594.0,1235.0,2,2,2,2.0,New Property,0,0,0,0,1,2,72
house,emaar mgf marbella,sector 66,8.7,38667.0,267.0,4,5,2,3.0,New Property,0,0,0,0,0,0,144
flat,godrej nature plus,sector 33,1.25,9025.0,1539.0,2,2,3+,15.0,Under Construction,0,0,0,0,0,0,44
flat,suncity vatsal valley,gwal pahari,1.38,12212.0,1130.0,2,2,2,4.0,Under Construction,0,0,0,0,0,0,133
flat,ireo victory valley,sector 67,3.5,14583.0,2490.0,3,4,3,24.0,Relatively New,0,1,0,1,0,2,149
house,independent,sector 4,5.0,10101.0,4950.0,3,3,2,1.0,Old Property,0,0,0,0,0,0,22
flat,dlf regal gardens,sector 90,1.24,7066.0,1600.0,3,3,3+,9.0,Relatively New,0,0,0,0,1,0,72
flat,ss the leaf,sector 85,1.17,6720.0,1550.0,2,3,3,10.0,Relatively New,0,0,0,0,1,0,49
house,independent,sector 4,2.35,16319.0,1440.0,4,4,2,2.0,Old Property,0,0,0,0,0,0,43
flat,irwo westend towers,sector 47,0.65,12059.0,599.0,1,1,2,3.0,Old Property,0,0,0,0,0,0,56
flat,tata primanti,sector 72,4.25,13077.0,2941.0,4,4,3+,0.0,Relatively New,0,1,0,0,0,2,174
house,independent,sector 4,0.7,6648.0,117.0,3,3,0,1.0,Moderately Old,0,0,0,0,0,0,0
flat,dlf the ultima,sector 81,2.3,10937.0,1617.0,3,3,3+,19.0,Relatively New,1,1,0,1,1,1,49
house,independent,sector 40,5.0,21124.0,2367.0,9,9,3+,3.0,Relatively New,0,0,0,0,0,2,66
house,independent,sector 39,1.8,21871.0,800.0,1,1,2,3.0,Relatively New,0,0,0,0,0,0,0
house,ansals palam vihar,sector 2,4.0,16667.0,2400.0,4,4,3+,2.0,Moderately Old,0,0,0,0,0,0,0
house,international city by sobha phase 1,sector 109,6.0,24691.0,2430.0,4,5,3+,2.0,Relatively New,0,0,0,0,0,2,96
flat,emaar mgf emerald floors premier,sector 65,2.9,14684.0,2194.0,4,4,0,0.0,Relatively New,0,0,1,0,0,0,50
flat,vatika city,sector 49,1.79,12786.0,1556.0,3,3,3,9.0,Old Property,0,1,0,0,0,0,38
flat,umang winter hills,sector 77,0.92,5049.0,1602.0,3,3,3,17.0,Relatively New,0,0,0,0,1,2,49
house,independent,sector 48,5.5,23504.0,2340.0,4,4,2,2.0,Relatively New,0,0,0,0,0,2,22
house,independent,sector 26,5.8,32222.0,1800.0,5,5,3+,2.0,Old Property,0,0,0,0,0,0,53
flat,greenopolis,sector 89,0.8,4819.0,1502.0,2,3,3,8.0,Under Construction,1,0,0,0,1,0,60
flat,sbtl caladium,sector 109,1.2,6383.0,1701.0,3,2,2,8.0,Relatively New,0,0,0,0,0,0,151
house,independent,sector 47,0.99,17188.0,576.0,1,4,3,4.0,Relatively New,0,0,0,0,0,0,13
flat,emaar palm gardens,sector 83,1.55,9012.0,1400.0,3,3,3,4.0,Relatively New,0,1,0,0,0,2,174
flat,ss the leaf,sector 85,2.0,11869.0,2026.0,3,4,3,5.0,Relatively New,0,1,0,0,0,0,156
flat,emaar imperial gardens,sector 102,1.85,9136.0,2250.0,3,3,3+,0.0,Relatively New,0,1,0,0,0,2,95
flat,kendriya vihar,sector 56,0.65,8609.0,839.0,1,1,1,0.0,Moderately Old,0,0,0,0,0,0,143
flat,supertech araville,sector 79,0.71,6063.0,1280.0,2,2,3+,17.0,New Property,0,0,0,0,1,0,53
flat,vatika lifestyle homes,sector 83,1.04,5699.0,1500.0,3,2,2,2.0,Moderately Old,0,0,0,0,0,0,95
flat,unitech vistas,sector 70,0.99,6326.0,1416.0,3,4,2,11.0,Under Construction,0,0,0,0,0,0,0
flat,paras dews,sector 106,1.17,6648.0,1186.0,3,4,3+,12.0,Relatively New,0,1,0,0,0,0,49
flat,m3m skywalk,sector 74,2.25,13636.0,1938.0,3,3,2,9.0,Relatively New,0,1,0,0,0,2,174
house,independent,sector 38,2.1,23333.0,900.0,2,7,3+,3.0,Relatively New,0,0,0,0,0,0,27
flat,sare green parc,sector 92,0.85,6538.0,1300.0,3,2,2,20.0,Relatively New,0,0,0,0,0,0,0
flat,vatika xpressions,sector 88b,1.1,8148.0,1350.0,2,4,3+,2.0,Under Construction,1,0,0,0,0,0,58
flat,alpha corp gurgaonone,sector 84,2.28,8769.0,2998.0,4,4,3+,8.0,Relatively New,0,1,0,0,0,0,61
flat,dlf the ultima,sector 81,2.35,11175.0,1550.0,3,3,3+,14.0,Relatively New,1,1,0,1,1,1,49
flat,emaar palm gardens,sector 83,1.72,9053.0,1600.0,3,3,3,4.0,Relatively New,0,1,0,0,0,2,165
flat,vidya apartment,sector 3 phase 3 extension,0.22,4207.0,570.0,2,2,1,1.0,Relatively New,0,0,0,0,1,1,36
flat,dlf the ultima,sector 81,2.4,11412.0,1650.0,3,3,3+,12.0,Relatively New,0,1,0,0,0,1,49
house,housing board colony,sector 28,2.1,23333.0,900.0,2,8,3+,4.0,Moderately Old,0,0,0,0,0,2,38
flat,puri emerald bay,sector 104,1.58,9117.0,1538.0,2,3,3,11.0,Relatively New,0,1,0,0,0,0,101
house,international city by sobha phase 1,sector 109,5.75,16429.0,4800.0,4,4,2,3.0,Relatively New,0,0,0,0,0,0,146
flat,signature global solera,sector 107,0.25,7862.0,318.0,1,1,0,0.0,Relatively New,0,0,0,0,0,0,55
flat,unitech uniworld city,sector 30,3.55,14992.0,2367.0,3,5,3+,16.0,Old Property,0,1,0,0,0,2,141
flat,smart world orchard,sector 61,1.7,15004.0,1278.0,2,2,2,4.0,Under Construction,0,0,0,0,0,0,24
flat,conscient heritage max,sector 102,1.9,9784.0,1757.0,3,4,3+,20.0,Relatively New,0,1,0,0,0,0,165
flat,dlf the belaire,sector 54,10.0,24558.0,3000.0,4,5,3+,17.0,Moderately Old,0,1,0,0,0,1,167
house,independent,sector 4,1.25,8681.0,160.0,2,3,0,1.0,Moderately Old,0,0,0,0,0,0,0
flat,central park flower valley aqua front towers,sector 33,2.0,11179.0,1619.0,3,3,3+,8.0,New Property,0,0,0,0,0,0,23
flat,rof ananda,sector 95,0.38,5901.0,716.0,3,2,1,2.0,Relatively New,0,0,0,1,0,2,66
house,tulip yellow,sector 69,2.95,16389.0,1800.0,4,3,2,3.0,New Property,0,0,0,0,0,1,111
flat,ats triumph,sector 104,2.0,8734.0,2072.0,3,4,3+,4.0,Relatively New,0,1,0,0,0,0,60
flat,adani m2k oyster grande,sector 102,1.9,9104.0,1710.0,3,4,3,8.0,Relatively New,0,1,0,0,0,0,165
flat,sare homes,sector 92,0.6,5000.0,1333.0,3,2,3,4.0,Moderately Old,0,0,0,0,0,2,49
flat,central park flower valley,sector 33,1.4,21538.0,588.0,3,3,3,2.0,Under Construction,0,0,0,0,0,0,54
flat,green campus chs,manesar,0.9,3935.0,2070.0,3,3,3+,6.0,Moderately Old,0,1,0,0,0,0,5
house,independent,sector 23,2.4,12000.0,2000.0,3,3,2,2.0,Moderately Old,0,0,0,0,0,0,28
flat,vasant appartments,sector 14,1.7,7391.0,2556.0,5,5,2,2.0,Old Property,1,0,1,1,0,1,71
house,dlf city plots phase 2,sector 25,6.5,33592.0,1935.0,3,9,3+,3.0,Old Property,0,0,0,0,0,2,142
flat,la vida by tata housing,sector 113,1.35,13990.0,1090.0,2,2,3,10.0,New Property,0,0,0,0,0,0,174
flat,tulip violet,sector 69,1.4,8929.0,1419.0,3,3,1,12.0,Relatively New,0,0,0,0,0,0,157
house,independent,sector 27,4.25,31481.0,161.0,5,5,3+,3.0,Relatively New,0,0,0,0,0,2,49
flat,experion the heartsong,sector 108,2.28,8204.0,2515.0,4,5,3+,8.0,Relatively New,0,0,0,0,0,0,101
flat,the close north,sector 50,2.35,11358.0,1900.0,3,3,3,8.0,Moderately Old,0,0,0,0,0,2,49
house,dlf new town heights,sector 86,2.47,7719.0,2800.0,4,4,3+,2.0,Moderately Old,0,0,0,0,0,2,130
flat,pioneer araya,sector 62,9.95,20996.0,3933.0,4,6,3,12.0,Relatively New,0,1,0,1,0,2,138
flat,eldeco accolade,sohna road,0.66,5181.0,978.0,2,2,3,12.0,Relatively New,0,0,0,1,0,0,49
flat,central park flower valley aqua front towers,sector 33,1.7,9450.0,1697.0,3,3,3+,5.0,New Property,0,0,0,0,0,2,44
house,emaar mgf marbella,sector 66,8.8,41608.0,267.0,4,4,3+,3.0,Relatively New,0,0,0,0,0,0,107
flat,indiabulls centrum park,sector 103,1.15,8679.0,1080.0,2,2,3,10.0,Relatively New,1,0,0,0,0,2,174
house,independent,sector 41,11.0,33951.0,3240.0,4,4,2,3.0,New Property,0,0,0,0,0,0,35
flat,la vida by tata housing,sector 113,1.5,11755.0,1418.0,2,2,2,13.0,New Property,0,0,0,0,0,0,71
house,independent,sector 55,3.1,20026.0,1548.0,5,4,3+,2.0,Moderately Old,0,0,0,0,0,2,59
house,independent,sohna road road,0.49,4261.0,1150.0,2,2,1,3.0,New Property,0,0,0,0,0,0,0
flat,sare homes,sector 92,0.65,4587.0,1574.0,3,3,2,3.0,Relatively New,0,0,0,0,0,0,6
flat,imt view society,manesar,0.95,3652.0,2232.0,3,4,3,6.0,Moderately Old,0,1,0,0,0,0,81
flat,paras dews,sector 106,0.92,6643.0,940.0,2,2,3+,2.0,Relatively New,0,0,0,0,0,0,174
flat,aipl club residences,sector 70a,1.27,9777.0,1449.0,2,2,3+,24.0,Relatively New,0,0,0,0,1,2,113
flat,ss the leaf,sector 85,1.2,7317.0,1300.0,2,2,3,6.0,Relatively New,0,0,0,0,0,2,174
flat,pareena mi casa,sector 68,1.85,9311.0,1798.0,3,3,3+,13.0,Under Construction,0,0,0,0,0,0,47
house,iffco nagar and 17b rwa,sector 17,3.5,24306.0,1440.0,2,5,3,3.0,Old Property,0,0,0,0,0,0,44
flat,tulip violet,sector 69,1.6,10139.0,1428.0,3,3,2,0.0,Relatively New,0,0,0,1,0,0,166
flat,cghs vidya enclave,sector 56,1.7,10968.0,1585.0,3,2,3,6.0,Old Property,0,0,1,0,0,0,101
flat,dlf regal gardens,sector 90,1.2,6838.0,1572.0,3,3,3+,15.0,Relatively New,0,0,0,0,0,0,118
flat,m3m capital,sector 113,1.83,13969.0,1310.0,2,2,0,7.0,New Property,0,0,0,0,0,0,68
flat,ramsons kshitij,sector 95,0.28,3651.0,694.0,2,2,2,5.0,New Property,0,0,0,0,1,0,0
house,independent,sector 105,1.2,13333.0,900.0,4,4,1,2.0,Moderately Old,0,0,0,0,0,0,14
flat,tarc maceo,sector 91,0.95,5952.0,1186.0,2,2,2,10.0,Relatively New,0,0,0,0,0,0,77
flat,mapsko mount ville,sector 79,1.3,8025.0,1213.0,3,3,3+,1.0,Relatively New,0,0,0,0,0,2,140
flat,ansal heights 86,sector 86,0.87,5367.0,1231.0,2,2,1,12.0,New Property,0,0,0,0,1,2,45
flat,senate court,sector 62,0.9,14085.0,639.0,1,1,0,0.0,Relatively New,0,0,0,0,0,0,0
flat,dlf regal gardens,sector 90,1.13,6647.0,1566.0,3,3,3+,8.0,Relatively New,0,0,0,0,1,0,72
flat,shree vardhman flora,sector 90,0.65,4815.0,1222.0,2,2,3,10.0,Moderately Old,1,0,0,0,0,2,83
flat,godrej summit,sector 104,0.85,6894.0,1611.0,2,2,3,12.0,Relatively New,1,0,0,0,1,0,61
flat,ss the leaf,sector 83,1.19,7225.0,1630.0,2,2,3,4.0,Relatively New,0,0,0,0,0,0,49
house,project mianwali colony,sector 12,1.7,9444.0,2000.0,1,1,2,1.0,Old Property,0,0,0,0,0,0,0
flat,ss the leaf,sector 85,1.1,12472.0,1173.0,2,2,3,12.0,Relatively New,1,0,0,0,0,0,75
flat,experion the heartsong,sector 108,1.25,9259.0,1500.0,3,3,3,1.0,Relatively New,0,1,0,1,0,0,174
flat,ramsons kshitij,sector 95,0.29,5179.0,507.0,2,2,2,14.0,Relatively New,0,0,0,0,0,0,50
flat,signature global park,sohna road,0.53,6295.0,939.0,2,2,2,1.0,Relatively New,0,0,0,1,0,0,168
flat,eldeco accolade,sohna road,0.71,4907.0,1131.0,2,2,3+,10.0,Relatively New,1,0,0,0,0,0,49
flat,eldeco accolade,sohna road,0.72,4976.0,1131.0,2,2,3+,12.0,Relatively New,1,0,0,0,0,0,152
flat,tata primanti,sector 72,4.0,16032.0,2701.0,4,5,3+,22.0,Relatively New,0,1,0,0,0,2,174
flat,lavanya apartments,sector 81,0.9,5056.0,1780.0,3,3,0,7.0,Relatively New,0,0,0,0,0,0,0
flat,godrej nature plus,sector 33,1.5,10197.0,1539.0,2,2,3+,2.0,Under Construction,0,0,0,0,0,0,87
house,ansal sushant residency,sector 57,4.6,17037.0,2700.0,6,6,3,3.0,Old Property,0,0,0,0,0,1,102
flat,godrej air,sector 85,1.8,13139.0,141.0,3,3,3,30.0,Under Construction,0,0,0,0,0,0,45
flat,raheja atharva,sector 109,1.6,5319.0,3008.0,4,1,0,0.0,New Property,0,0,0,0,0,0,0
house,international city by sobha phase 2,sector 109,9.4,26111.0,3600.0,5,6,3+,2.0,Relatively New,0,0,0,0,0,2,147
flat,emaar gurgaon greens,sector 102,1.45,8788.0,1493.0,3,3,3,7.0,Relatively New,0,1,0,0,0,0,159
flat,tata primanti,sector 72,4.0,13769.0,2629.0,4,5,2,7.0,Moderately Old,0,1,0,0,0,0,38
flat,corona gracieux,sector 76,1.05,5949.0,1597.0,3,3,3+,7.0,Relatively New,0,0,0,0,0,2,133
flat,signature global park,sohna road,0.55,6691.0,913.0,2,2,3,3.0,Relatively New,0,0,0,0,0,0,58
flat,suncity vatsal valley,gwal pahari,1.38,9650.0,1294.0,3,3,2,1.0,Relatively New,0,0,0,0,0,2,151
house,vipul tatvam villa,sector 48,7.25,22377.0,360.0,4,4,3,2.0,Relatively New,0,0,0,0,0,2,103
flat,puri diplomatic greens,sector 111,3.4,11525.0,2670.0,4,5,3+,14.0,Relatively New,0,1,0,0,0,0,94
flat,tarc maceo,sector 91,0.87,6641.0,1148.0,2,2,2,9.0,Relatively New,0,0,1,0,0,0,78
flat,m3m latitude,sector 65,4.7,19748.0,1761.0,3,3,3+,9.0,Relatively New,0,1,0,1,0,2,44
flat,sidhartha ncr one,sector 95,0.56,4106.0,1364.0,2,2,2,10.0,New Property,0,0,0,0,0,0,0
flat,ss the leaf,sector 85,2.0,8306.0,2300.0,3,4,3,6.0,Relatively New,0,1,0,0,0,0,49
flat,experion windchants,sector 112,2.8,11471.0,1939.03,2,3,2,9.0,Relatively New,1,1,0,0,0,0,137
flat,shapoorji pallonji joyville gurugram,sector 102,1.4,11667.0,1286.0,2,2,3,0.0,Relatively New,0,0,0,0,0,0,80
house,independent,sector 25,9.0,28490.0,3159.0,10,10,3,3.0,Old Property,0,0,0,0,0,2,64
flat,suncity avenue 76,sector 76,0.55,7422.0,823.0,2,2,2,9.0,Under Construction,0,0,0,0,0,0,26
flat,puri diplomatic greens,sector 111,3.9,13000.0,2996.0,4,5,3+,6.0,Relatively New,0,1,0,0,0,1,160
flat,raheja revanta,sector 78,1.2,10017.0,823.0,1,2,2,32.0,Under Construction,0,0,0,0,0,0,39
flat,bestech park view sanskruti,sector 92,1.6,8020.0,1615.0,3,4,3+,10.0,Relatively New,0,1,0,0,1,2,174
house,sector 14 rwa,sector 14,5.51,16990.0,3249.0,3,3,2,4.0,Moderately Old,0,0,0,0,0,0,14
flat,m3m heights,sector 65,2.8,14997.0,1654.0,3,3,3,20.0,Under Construction,0,0,0,0,0,0,91
flat,green court,sector 90,0.45,7188.0,696.0,2,2,1,2.0,New Property,0,0,0,0,0,2,42
house,independent,sector 25,13.5,37313.0,3618.0,5,6,3+,4.0,Old Property,0,0,0,0,0,2,79
flat,cghs rail vihar,sector 15,1.4,10769.0,1444.0,4,3,3,3.0,Old Property,0,0,0,0,0,2,81
flat,ireo the corridors,sector 67a,2.0,11581.0,1346.0,3,3,2,6.0,Under Construction,0,0,0,0,1,0,15
house,independent,sector 7,1.0,8818.0,126.0,2,2,0,0.0,Old Property,0,0,0,0,0,0,7
flat,orchid petals,sector 49,4.16,11699.0,3219.0,5,4,3+,14.0,Relatively New,1,1,0,0,0,0,40
flat,railway officers rpf society,sector 9a,1.25,6921.0,2007.0,4,3,3,1.0,Old Property,0,1,0,0,0,0,40
flat,the khushboo cooperative housing society ltd,sector 9a,0.88,4889.0,1438.0,3,3,2,2.0,Old Property,0,0,0,0,0,2,31
flat,new sathi apartments,sector 54,1.59,7067.0,2250.0,3,3,3+,3.0,Moderately Old,1,0,0,0,0,2,127
house,independent,sector 28,9.0,27778.0,3240.0,6,7,3+,3.0,Moderately Old,0,0,0,0,0,0,67
flat,guru gram haryana cghs,sector 56,1.39,8424.0,1750.0,3,2,3,6.0,Old Property,0,1,0,1,0,2,89
flat,breez global heights,sohna road,0.26,6599.0,438.0,1,1,1,6.0,New Property,0,0,0,0,0,0,26
house,independent,sector 7,3.1,13778.0,2250.0,3,3,2,2.0,Old Property,0,0,0,0,0,0,22
flat,shapoorji pallonji joyville gurugram,sector 102,0.97,10601.0,828.0,2,2,2,12.0,Relatively New,0,0,0,0,0,0,100
flat,sobha city,sector 108,2.95,14728.0,1600.0,3,4,2,12.0,Relatively New,0,0,0,0,0,0,49
house,independent,sector 13,1.5,10519.0,1426.0,2,2,2,3.0,Old Property,0,0,0,0,0,0,7
house,independent,sector 26,13.5,29880.0,4518.0,5,5,3+,2.0,Relatively New,0,0,0,0,0,1,49
house,independent,sector 12,3.71,19818.0,1872.0,3,3,1,4.0,Moderately Old,0,0,0,0,0,0,0
flat,ambience creacions,sector 22,2.55,13710.0,1600.0,3,3,3,5.0,Relatively New,0,0,0,0,0,1,49
flat,bestech park view grand spa,sector 81,4.2,10000.0,3512.0,4,4,3+,25.0,Relatively New,0,1,0,0,0,2,90
flat,shapoorji pallonji joyville gurugram,sector 102,1.41,10307.0,1238.0,2,2,3,0.0,Relatively New,0,0,0,0,1,0,49
flat,godrej habitat,sector 3,1.3,9003.0,1604.0,2,2,2,6.0,Under Construction,0,0,0,0,0,0,36
flat,experion windchants,sector 112,5.6,11530.0,3662.34,4,6,3+,15.0,Moderately Old,0,1,0,0,0,2,157
flat,m3m skycity,sector 65,2.85,15591.0,1654.0,3,3,3,43.0,Under Construction,0,0,0,0,0,0,115
flat,m3m one key resiments,sector 67,0.8,13115.0,610.0,1,1,0,0.0,Relatively New,0,0,0,0,0,0,0
flat,the penthouses at the hibiscus,sector 50,8.0,8888.0,10000.0,4,3,3,7.0,Moderately Old,0,1,0,0,0,0,35
flat,godrej aria,sector 79,1.7,7427.0,1659.0,3,4,3+,6.0,New Property,0,1,0,0,0,0,81
flat,emaar palm heights,sector 77,1.75,11667.0,1900.0,3,3,3+,11.0,Relatively New,0,1,0,0,0,0,94
flat,sare homes,sector 92,1.19,5219.0,2533.0,4,3,3,14.0,Relatively New,0,1,0,0,0,0,100
flat,umang monsoon breeze,sector 78,1.15,5285.0,1969.0,3,3,3,9.0,Moderately Old,0,1,0,0,1,0,22
house,unitech uniworld resorts,sector 33,8.0,11429.0,7000.0,4,4,3+,2.0,Old Property,0,0,0,0,0,0,77
flat,parsvnath exotica,sector 53,6.44,19003.0,3068.0,4,4,3,7.0,Moderately Old,0,1,0,0,0,2,80
flat,antriksh heights,sector 84,0.89,4369.0,1833.0,3,3,3,8.0,Relatively New,0,0,0,1,0,0,67
flat,ss the leaf,sector 85,1.93,8075.0,2400.0,3,4,3,7.0,Relatively New,0,1,0,0,0,0,174
house,suncity essel towers,sector 28,6.0,22222.0,2700.0,4,4,3+,3.0,Old Property,0,0,0,0,0,2,89
flat,tulip orange,sector 70,1.1,8148.0,1350.0,3,2,2,5.0,Relatively New,0,0,0,0,0,0,0
flat,godrej,sector 79,1.12,7147.0,1325.0,2,2,3,6.0,Relatively New,1,0,0,0,0,0,49
flat,ashok vihar phase 2,sector 3 phase 2,0.28,4308.0,600.0,2,2,1,3.0,Relatively New,0,0,0,0,0,0,64
flat,smart world one,dwarka expressway,1.65,5933.0,3094.0,3,4,3,6.0,Under Construction,0,0,0,0,0,0,0
flat,sare petioles,sector 92,1.25,6098.0,2278.0,3,3,3,18.0,Under Construction,0,1,0,0,0,0,44
flat,mapsko mount ville,sector 79,1.28,8556.0,1265.0,3,3,3,16.0,Relatively New,1,0,0,0,0,2,128
house,independent,sector 4,1.1,11111.0,990.0,3,4,1,2.0,Moderately Old,0,0,0,0,0,0,0
flat,ireo victory valley,sector 67,3.05,12650.0,2029.0,3,3,3+,21.0,Relatively New,0,1,0,0,0,2,157
flat,shapoorji pallonji joyville gurugram,sector 102,2.04,14069.0,1644.0,3,3,3+,1.0,Relatively New,0,0,0,0,0,0,72
flat,signature global solera,sector 107,0.37,6752.0,496.0,2,2,1,10.0,Relatively New,0,0,0,0,0,0,73
house,independent,sector 14,4.6,20444.0,2250.0,1,1,0,1.0,Old Property,0,0,0,0,0,0,0
house,anshul,sector 6,0.85,7727.0,1222.0,2,2,0,4.0,Moderately Old,0,0,0,0,0,0,0
house,vipul tatvam villa,sector 48,7.25,27971.0,2592.0,3,4,2,2.0,Moderately Old,0,0,0,0,0,2,115
house,independent,sector 17,3.5,24306.0,160.0,2,6,3+,3.0,Old Property,0,0,0,0,0,0,0
house,experion windchants,sector 112,7.46,10260.0,6350.0,4,4,3+,2.0,Relatively New,0,0,0,0,0,2,62
flat,smart world gems,sector 89,1.1,9973.0,1103.0,3,1,0,0.0,New Property,0,0,0,0,0,0,45
flat,conscient elevate,sector 59,4.02,17501.0,2550.0,3,3,1,3.0,Under Construction,0,0,0,0,0,0,31
flat,unitech greenwood city,sector 45,2.4,12346.0,195.0,3,3,2,1.0,New Property,0,1,0,0,0,2,19
flat,smart world gems,sector 89,0.9,8145.0,1105.0,2,2,2,1.0,New Property,0,0,0,0,0,0,45
house,independent,sector 28,8.4,34568.0,2430.0,4,4,3+,2.0,Relatively New,0,0,0,0,0,2,139
flat,imperia aashiyara,sector 37c,0.4,5882.0,756.0,2,2,3,3.0,Under Construction,0,0,0,0,0,0,126
flat,mapsko mount ville,sector 79,1.25,7716.0,1212.0,3,3,2,1.0,Relatively New,1,0,0,1,0,2,166
house,independent,sector 54,3.51,12342.0,2844.0,4,4,3,4.0,New Property,0,0,0,0,0,0,73
flat,ansal heights 86,sector 86,0.74,5441.0,1231.0,2,2,1,11.0,Under Construction,0,0,0,0,1,0,45
flat,raheja navodaya,sector 92,0.62,4806.0,1498.0,2,2,2,5.0,New Property,0,0,0,0,0,0,0
flat,emaar mgf palm hills,sector 77,1.25,8621.0,1310.0,3,4,3,3.0,Relatively New,1,1,0,0,0,0,49
house,independent,sector 41,7.0,28283.0,2475.0,7,7,3+,3.0,Moderately Old,0,0,0,0,0,1,151
flat,ambience creacions,sector 22,4.8,19200.0,2778.0,4,6,3+,10.0,New Property,0,1,0,1,0,1,49
flat,experion windchants,sector 112,3.1,20667.0,1667.0,2,2,3,9.0,Relatively New,1,1,1,0,0,2,80
flat,essel tower,sector 28,2.2,12500.0,1956.0,3,4,3+,3.0,Moderately Old,0,1,0,0,0,1,0
flat,tata primanti,sector 72,6.5,15294.0,3846.0,4,4,3+,0.0,Relatively New,1,1,0,1,0,0,67
flat,ansal api celebrity suites,sector 2,0.6,8163.0,665.0,1,1,1,5.0,Moderately Old,0,0,0,0,0,2,88
house,independent,sector 26,17.0,37627.0,4518.0,5,5,3+,2.0,Relatively New,0,0,0,0,0,2,124
house,international city by sobha phase 2,sector 109,6.2,25514.0,2430.0,5,5,2,2.0,Relatively New,0,0,0,0,0,0,135
house,independent,sector 25,9.0,33333.0,2700.0,5,5,3,3.0,Old Property,0,0,0,0,0,0,56
house,independent,sector 1,4.75,10556.0,4500.0,6,7,0,4.0,Moderately Old,0,0,0,0,0,0,0
flat,bestech park view ananda,sector 81,0.88,8044.0,1223.0,2,2,3,8.0,Relatively New,1,0,0,0,0,2,95
house,independent,sector 57,3.6,20833.0,1728.0,4,4,2,2.0,Old Property,0,0,0,0,0,0,110
flat,smart world gems,sector 89,0.86,7797.0,998.0,2,3,3,4.0,Under Construction,0,0,0,0,0,0,45
house,ansals florence villa,sector 57,3.3,19820.0,1665.0,4,3,3+,2.0,Moderately Old,0,0,0,0,0,0,151
flat,dlf the ultima,sector 81,2.28,10842.0,1750.0,3,3,3+,14.0,Relatively New,0,1,0,0,0,1,49
flat,sahara grace,sector 28,4.3,12421.0,3133.0,3,4,3,5.0,Old Property,0,1,1,0,0,0,24
flat,mittal surya vihar,sector 21,0.8,7080.0,1256.0,2,2,2,6.0,Old Property,0,0,0,0,0,0,0
flat,signature global solera,sector 107,0.35,6399.0,608.0,2,2,2,8.0,Relatively New,0,0,0,0,0,0,45
flat,godrej summit,sector 104,0.75,5910.0,1148.0,2,2,3,6.0,Relatively New,0,0,0,0,1,0,79
flat,bptp mansions park prime,sector 66,3.0,10854.0,2700.0,4,4,3,3.0,Relatively New,1,1,0,1,1,2,174
flat,m3m woodshire,sector 107,1.45,6141.0,1900.0,3,4,3+,7.0,Relatively New,0,1,0,0,0,0,67
flat,vatika gurgaon,sector 83,1.05,7000.0,1618.0,3,3,3,3.0,Relatively New,0,0,1,0,0,0,79
flat,ansal housing highland park,sector 103,0.8,5878.0,1361.0,2,2,2,9.0,Relatively New,0,0,0,0,0,0,0
flat,dlf regal gardens,sector 90,1.78,8036.0,2000.0,4,4,3+,8.0,Relatively New,0,0,0,0,0,0,126
flat,orris carnation residency,sector 85,0.72,4881.0,1350.0,3,3,2,9.0,Moderately Old,0,0,0,0,1,0,49
flat,dlf regency park,sector 28,2.25,14516.0,1700.0,3,3,2,16.0,Old Property,0,1,0,0,0,0,89
flat,wings apartment,sector 9,1.2,6667.0,2000.0,4,3,2,4.0,Moderately Old,0,0,0,0,0,2,23
house,independent,sector 25,4.45,32963.0,1350.0,4,3,3+,2.0,Moderately Old,0,0,0,0,0,0,79
flat,ambience creacions,sector 22,1.99,15547.0,1285.0,2,2,2,9.0,New Property,0,0,0,0,0,0,49
flat,shree vardhman flora,sector 90,0.7,5178.0,1224.0,2,2,3,9.0,New Property,1,0,0,0,0,0,97
flat,m3m soulitude,sector 89,1.0,9066.0,1226.0,2,2,2,2.0,New Property,1,0,0,0,0,0,49
flat,avl 36 gurgaon,sector 36a,0.5,8333.0,600.0,1,1,1,5.0,Relatively New,0,0,0,0,0,0,0
flat,shapoorji pallonji joyville gurugram,sector 102,0.95,10383.0,915.0,2,2,2,14.0,Relatively New,0,0,0,0,0,0,0
flat,awho shanti vihar,sector 95,0.8,8889.0,713.0,2,2,3,9.0,New Property,1,0,0,0,0,0,67
house,independent,sector 43,2.5,2885.0,963.0,7,7,3,4.0,Relatively New,0,0,0,0,0,2,20
flat,godrej nature plus,sector 33,1.31,15976.0,85.0,2,2,2,4.0,Under Construction,0,0,0,0,0,0,92
flat,emaar gurgaon greens,sector 102,1.4,8485.0,1300.0,3,3,3,10.0,Relatively New,0,1,0,0,0,0,46
flat,ss,sector 85,2.09,7432.0,2600.0,4,4,3,8.0,Relatively New,1,1,0,1,0,0,49
flat,tulip violet,sector 69,1.85,9204.0,1819.0,4,4,2,14.0,Relatively New,0,0,0,0,0,2,157
flat,shapoorji pallonji joyville gurugram,sector 102,1.35,9934.0,1230.0,2,2,2,9.0,Relatively New,0,0,0,0,0,0,100
flat,dlf regal gardens,sector 90,1.79,8081.0,2461.0,4,3,3+,10.0,Moderately Old,0,0,0,0,0,0,63
house,independent,sector 82,7.5,23148.0,3240.0,5,5,3+,2.0,Relatively New,0,0,0,0,0,2,135
house,independent,sector 31,4.25,26235.0,200.0,5,5,3+,3.0,Moderately Old,0,0,0,0,0,2,56
flat,orchid petals,sector 49,2.23,10969.0,1840.0,3,3,3,14.0,Relatively New,0,0,0,0,1,0,40
house,independent,sector 7,2.43,14890.0,345.0,4,4,2,3.0,Old Property,0,0,0,0,0,0,38
flat,sare green parc,sector 92,0.75,4820.0,1556.0,3,2,2,16.0,Relatively New,0,0,0,0,0,0,0
flat,chd avenue,sector 71,1.16,6655.0,1577.0,3,3,3,5.0,Moderately Old,0,1,0,0,0,2,73
house,independent,sector 56,2.95,20233.0,162.0,2,2,0,1.0,Moderately Old,0,0,0,0,0,0,0
flat,m3m capital,sector 113,2.9,12620.0,2553.0,4,4,3+,11.0,Under Construction,1,1,0,0,0,0,49
house,emaar mgf marbella,sector 66,9.01,16066.0,5574.7,4,4,3+,3.0,Relatively New,0,0,0,0,0,0,122
flat,breez global heights,sohna road,0.4,6689.0,762.0,2,2,2,7.0,Relatively New,0,0,0,0,0,0,57
flat,tata primanti,sector 72,3.25,10545.0,2986.0,3,3,3,2.0,Moderately Old,0,1,0,0,0,0,94
flat,ss the leaf,sector 85,1.08,6585.0,1200.0,2,2,3,8.0,New Property,1,1,1,1,0,2,157
flat,m3m heights,sector 65,2.0,13957.0,1433.0,2,2,2,32.0,Relatively New,0,0,0,0,0,0,48
flat,aipl zen residences,sector 70a,1.25,9905.0,1402.0,2,2,3,19.0,Relatively New,0,0,0,0,0,0,0
house,international city by sobha phase 1,sector 109,6.0,9634.0,6228.0,4,5,3,2.0,Moderately Old,0,0,0,0,0,0,76
flat,m3m golfestate,sector 65,5.9,17544.0,3043.0,3,3,3,9.0,Moderately Old,1,0,0,0,0,1,21
flat,tulip violet,sector 69,1.55,9823.0,1428.0,3,3,2,9.0,Relatively New,0,0,0,1,0,2,165
flat,assotech blith,sector 99,1.9,6702.0,2835.0,4,4,3+,2.0,New Property,0,0,0,0,0,0,51
house,international city by sobha phase 1,sector 109,5.85,26423.0,2214.0,4,5,3+,2.0,Relatively New,0,0,0,0,0,2,85
flat,dlf the arbour,sector 63,7.9,20000.0,3950.0,4,4,3+,34.0,Under Construction,0,0,0,0,0,0,61
house,unitech espace,sector 50,10.3,31790.0,3240.0,5,6,3+,3.0,Moderately Old,0,0,0,0,0,2,160
flat,shree vardhman victoria,sector 70,1.67,14384.0,1527.0,3,5,3,5.0,Moderately Old,0,1,0,0,0,0,108
flat,smriti apartment,sector 56,0.52,10656.0,475.0,1,1,1,1.0,Old Property,0,0,0,0,0,0,34
flat,bptp terra,sector 37d,1.79,8981.0,1808.0,4,3,3,15.0,Relatively New,0,0,0,0,1,2,37
flat,signature global city 63a,sector 63a,1.4,11336.0,1372.0,2,2,2,3.0,Under Construction,0,0,0,0,1,0,0
flat,chd avenue,sector 71,1.2,7407.0,1466.0,3,3,3,4.0,Relatively New,0,0,0,0,1,2,49
flat,dlf regency park,sector 28,2.35,13225.0,1700.0,3,4,3,8.0,Old Property,0,1,0,0,0,2,109
flat,vatika city homes,sector 83,1.0,5747.0,1575.0,3,3,2,2.0,Relatively New,0,0,1,0,0,2,174
flat,emaar mgf emerald floors premier,sector 65,2.8,16970.0,1493.0,3,3,2,3.0,Relatively New,0,1,0,0,0,0,105
flat,maa bhagwati residency,sector 7,0.45,5000.0,1000.0,2,2,1,4.0,Relatively New,0,0,0,0,0,0,28
house,independent,sector 4,2.3,17012.0,160.0,4,4,3,2.0,Old Property,0,0,0,0,0,2,15
flat,umang winter hills,sector 77,1.2,6586.0,1822.0,3,3,3,14.0,Relatively New,0,0,0,0,0,0,46
flat,supertech araville,sector 79,0.78,6023.0,1172.0,2,2,3+,17.0,Relatively New,0,0,0,0,0,0,24
flat,emaar palm gardens,sector 83,1.76,9263.0,1600.0,3,3,3,5.0,Relatively New,0,1,0,0,0,2,174
flat,smart world orchard,sector 61,2.41,14785.0,1630.0,3,3,3,2.0,New Property,0,0,0,0,0,0,61
flat,orchid island,sector 51,1.7,10652.0,1773.0,3,4,3,2.0,Moderately Old,0,0,1,1,0,0,90
flat,sare crescent parc royal greens phase 1,sector 92,0.65,4511.0,1304.0,3,3,3,1.0,Moderately Old,0,0,0,0,0,0,91
house,project mianwali colony,sector 12,2.0,14815.0,1350.0,5,5,2,3.0,Old Property,0,0,0,0,0,0,0
flat,ss the leaf,sector 85,2.13,7575.0,2600.0,4,4,3,2.0,Relatively New,0,0,0,0,0,0,49
flat,the penthouses at the hibiscus,sector 50,8.5,8500.0,11111.0,4,4,3,9.0,Moderately Old,0,1,0,0,0,0,35
flat,ansal heights 86,sector 86,1.05,5541.0,1715.0,3,3,3,9.0,Under Construction,0,1,0,0,0,0,0
house,independent,sector 103,2.25,6367.0,3534.0,3,5,3+,10.0,Relatively New,0,0,0,0,0,0,0
flat,godrej summit premia towers,sector 104,0.9,7149.0,1259.0,2,2,0,16.0,Relatively New,0,0,0,0,0,0,0
house,independent,sector 17,9.5,23457.0,500.0,8,8,3,3.0,Relatively New,0,0,0,0,0,2,27
flat,ats triumph,sector 104,2.65,8413.0,2898.0,4,4,3+,14.0,Relatively New,0,1,0,0,0,0,21
flat,aipl the peaceful homes,sector 70a,2.4,11163.0,1946.0,3,3,3,11.0,Relatively New,0,1,0,0,0,0,108
flat,central park flower valley,sector 33,2.3,12778.0,2000.0,4,4,3+,5.0,New Property,0,1,0,1,0,0,42
flat,signature global orchard avenue,sector 93,0.4,5479.0,730.0,2,2,0,0.0,Relatively New,0,0,0,0,0,0,0
flat,m3m woodshire,sector 107,0.9,6589.0,1236.0,2,2,3+,14.0,New Property,0,0,0,0,0,0,67
house,unitech palms south city 1,sector 41,9.25,28549.0,5000.0,9,9,3+,4.0,Moderately Old,0,0,0,0,0,2,65
flat,ireo uptown,sector 66,2.4,13065.0,1700.0,3,2,3,5.0,Relatively New,0,1,0,0,0,2,156
flat,shree vardhman victoria,sector 70,1.9,9744.0,1765.0,3,3,3,10.0,New Property,0,1,1,1,1,0,36
flat,adani brahma samsara vilasa,sector 63,4.49,14254.0,389.0,4,4,3+,3.0,New Property,0,0,0,0,0,2,96
flat,emaar mgf the palm drive,sector 66,3.5,16471.0,2150.0,3,4,3,6.0,Relatively New,0,1,0,0,0,0,68
flat,emaar mgf palm hills,sector 77,1.9,9500.0,1582.0,3,4,3+,6.0,New Property,0,1,0,0,0,2,42
house,independent,sector 67,1.5,8641.0,200.0,5,3,2,2.0,New Property,0,0,0,0,0,0,0
flat,ss,sector 85,1.19,7121.0,1670.0,2,2,3,11.0,Relatively New,0,0,0,0,0,0,49
flat,gls arawali homes,sohna road,0.35,7000.0,556.0,2,2,2,5.0,Relatively New,0,0,0,0,0,0,30
house,independent,sector 2,2.55,16378.0,1557.0,3,3,2,2.0,Old Property,0,0,0,0,0,0,8
flat,m3m latitude,sector 65,4.6,26791.0,1908.0,3,3,3,7.0,New Property,1,1,1,1,0,0,115
house,independent,sector 109,1.55,6568.0,2360.0,3,2,0,1.0,Relatively New,0,0,0,0,0,0,0
house,independent,sector 26,18.9,41833.0,4518.0,6,8,2,3.0,Relatively New,0,0,0,0,0,2,120
flat,the close north,sector 50,2.7,10365.0,2400.0,3,3,3+,6.0,Moderately Old,0,1,0,0,0,0,174
flat,bestech park view grand spa,sector 81,2.91,9137.0,3017.0,4,5,2,6.0,Relatively New,0,1,0,0,0,2,101
flat,puri emerald bay,sector 104,1.5,9677.0,1403.0,2,2,2,7.0,Under Construction,0,0,0,0,1,0,43
house,bhim garh kheri,sector 3,1.5,7576.0,1980.0,7,2,0,1.0,Moderately Old,0,0,0,0,0,0,0
flat,sobha city,sector 108,2.5,14611.0,1480.0,3,3,2,19.0,New Property,0,0,0,0,0,0,166
flat,ambience creacions,sector 22,2.79,15000.0,1564.0,3,3,3,13.0,New Property,0,0,0,0,0,1,158
flat,paras dews,sector 106,1.35,8940.0,1678.0,4,3,3,19.0,Old Property,0,1,0,0,0,0,112
flat,signature global city 37d ph 2,sector 37d,1.1,8148.0,1500.0,3,3,1,2.0,Under Construction,0,0,0,1,0,0,30
flat,dlf regency park,sector 28,1.91,16609.0,1278.0,2,2,2,11.0,New Property,0,0,0,0,0,1,98
house,dlf city plots phase 3,sector 24,1.6,3292.0,540.0,8,5,3+,4.0,Old Property,0,0,0,0,0,0,8
flat,breez global hill view,sohna road,0.35,5600.0,694.0,2,2,2,14.0,Relatively New,0,0,0,0,0,0,98
flat,ss the leaf,sector 85,2.7,7754.0,3151.0,4,4,3+,23.0,New Property,0,0,0,0,0,0,21
flat,citizen apartment,sector 51,3.55,6826.0,5200.0,5,6,3+,11.0,Moderately Old,1,1,1,1,0,2,157
flat,supertech hues,sector 68,1.0,8475.0,1311.0,2,2,2,12.0,New Property,0,0,0,0,0,0,54
flat,tulip ivory,sector 70,5.0,10417.0,5333.0,6,7,3+,0.0,Relatively New,1,1,0,0,0,0,119
flat,emaar mgf the palm drive,sector 66,3.45,15682.0,2000.0,3,4,3,6.0,Relatively New,0,1,0,0,0,2,95
flat,imperia the esfera,sector 37c,0.85,5387.0,1442.0,2,3,3,9.0,Relatively New,1,0,0,0,0,0,49
house,dlf city plots,sector 26,13.5,29880.0,4518.0,5,5,3,2.0,Old Property,0,0,0,0,0,2,110
flat,signature global city,sector 37d,1.1,9839.0,1242.0,2,2,2,4.0,Relatively New,0,0,0,0,0,0,59
flat,central park flower valley,sector 33,2.15,13522.0,1439.0,3,3,3+,1.0,New Property,0,0,0,0,0,0,31
flat,emaar mgf emerald floors premier,sector 65,2.3,13939.0,1833.0,3,4,3,3.0,Relatively New,1,1,1,1,0,1,174
flat,shree vardhman victoria,sector 70,1.63,8359.0,1527.0,3,3,3,5.0,New Property,0,1,0,0,1,0,49
flat,vatika gurgaon,sector 83,0.87,6988.0,1127.0,2,2,2,3.0,Moderately Old,0,0,0,0,0,0,35
flat,dlf the skycourt,sector 86,1.5,7776.0,1550.0,3,3,1,15.0,Relatively New,0,0,0,0,0,0,159
flat,m3m skywalk,sector 74,1.47,10954.0,1281.0,2,2,3,26.0,New Property,0,0,0,0,0,2,31
flat,dhoot time residency,sector 63,3.0,18270.0,1642.0,3,3,3+,14.0,Relatively New,0,1,0,0,0,2,0
flat,parsvnath green ville,sector 48,2.5,12821.0,2167.0,4,5,3,1.0,Moderately Old,0,0,0,0,1,2,49
flat,umang monsoon breeze,sector 78,0.95,5491.0,1730.0,3,3,2,9.0,Relatively New,0,0,0,0,0,2,65
flat,lotus homz,sector 111,0.36,8889.0,450.0,1,1,1,10.0,Relatively New,0,0,0,0,0,0,44
flat,signature global park,sohna road,0.56,6813.0,913.0,2,2,3,3.0,New Property,0,0,0,0,0,0,111
flat,emaar mgf palm hills,sector 77,1.64,8410.0,1765.0,4,3,3,9.0,Relatively New,0,1,0,0,0,0,102
house,unitech aspen greens,sector 50,12.0,37037.0,3240.0,3,4,2,1.0,Moderately Old,0,0,0,0,0,2,101
flat,unitech uniworld gardens,sector 47,1.05,10532.0,1108.0,2,2,2,3.0,Relatively New,0,0,0,0,0,2,34
flat,ashiana anmol,sohna road,0.9,9464.0,1105.0,2,2,2,13.0,Relatively New,0,0,0,0,0,1,120
flat,ramprastha skyz,sector 37d,1.0,4943.0,1833.0,3,5,3,11.0,Under Construction,0,1,0,0,1,0,8
flat,dlf royalton tower,sector 43,6.2,20687.0,2712.0,4,4,3+,9.0,Moderately Old,0,1,0,0,0,0,7
flat,eldeco accolade,sohna road,0.71,5608.0,1154.0,2,2,3,10.0,Relatively New,0,0,0,0,0,0,159
flat,orchid petals,sector 49,1.9,10526.0,1600.0,3,3,3,2.0,Old Property,0,0,0,0,1,2,49
flat,tata primanti,sector 72,3.85,13253.0,2629.0,4,5,3+,13.0,Relatively New,0,1,0,0,0,2,174
flat,ambience creacions,sector 22,1.65,11957.0,1200.0,2,2,2,9.0,Relatively New,0,0,0,1,1,1,133
flat,signature andour heights,sector 71,0.37,7400.0,425.0,1,1,2,2.0,Relatively New,0,0,0,0,0,2,37
flat,sobha city,sector 108,2.33,14463.0,1711.0,3,3,3,17.0,Relatively New,0,0,1,0,0,2,159
flat,signature global park,sohna road,0.68,8252.0,916.0,2,2,2,3.0,New Property,0,0,0,0,0,0,113
house,independent,sector 2,19.5,27083.0,7200.0,8,9,3+,2.0,New Property,0,0,0,0,0,0,122
flat,dlf regal gardens,sector 90,1.25,8117.0,1640.0,3,3,3,8.0,Relatively New,0,0,0,1,0,0,158
flat,experion the heartsong,sector 108,1.55,7738.0,1750.0,3,3,3+,7.0,Relatively New,0,1,0,1,0,2,174
house,independent,sector 3,0.55,6707.0,810.0,2,2,1,2.0,Moderately Old,0,0,0,0,0,0,0
flat,puri emerald bay,sector 104,2.45,10000.0,2131.0,3,4,3+,14.0,Relatively New,0,1,0,0,0,2,56
house,independent,sector 43,2.15,13030.0,1650.0,1,1,0,1.0,Moderately Old,0,0,0,0,0,0,0
flat,signature global solera,sector 107,0.28,5622.0,543.0,2,2,2,14.0,Relatively New,0,0,0,0,0,0,38
flat,emaar gurgaon greens,sector 102,1.5,9091.0,1315.0,3,3,3,7.0,Relatively New,0,0,0,1,0,2,174
flat,ss the leaf,sector 85,1.85,7683.0,2179.0,3,4,3,2.0,Relatively New,1,1,0,0,0,2,49
flat,dlf new town heights,sector 90,1.21,6244.0,1929.0,3,3,3+,7.0,Relatively New,0,1,0,1,0,0,127
flat,supertech araville,sector 79,1.45,7455.0,2161.0,3,3,3,3.0,Relatively New,0,0,0,0,0,0,0
house,independent,sector 7,1.75,11111.0,1575.0,4,2,2,2.0,Old Property,0,0,0,0,0,0,31
flat,emaar mgf the palm drive,sector 66,3.5,15902.0,2200.0,3,3,2,4.0,Relatively New,1,0,0,0,0,0,89
flat,shree vardhman victoria,sector 70,1.15,8519.0,1500.0,2,2,2,6.0,Relatively New,1,0,0,0,0,0,85
flat,nagata group housing society,sector 1,0.85,3696.0,2081.0,3,3,3+,4.0,Relatively New,0,1,0,0,0,0,5
house,independent,sector 13,9.0,11111.0,900.0,10,5,3+,4.0,Old Property,0,0,0,0,0,0,0
flat,dlf new town heights,sector 90,1.3,6736.0,1929.0,3,3,3+,10.0,Relatively New,0,1,0,1,0,2,129
flat,bestech park view city,sector 49,2.7,12506.0,1954.0,3,4,3+,6.0,Moderately Old,0,0,0,0,0,0,0
flat,bptp astaire gardens,sector 70a,1.6,8658.0,1600.0,4,4,3,1.0,Relatively New,1,0,0,0,1,0,42
flat,imperia elvedor,sector 37c,0.55,8221.0,669.0,1,1,0,5.0,Relatively New,0,0,0,0,0,0,0
flat,ats tourmaline,sector 109,2.25,8704.0,2339.0,3,4,3,14.0,Relatively New,0,1,0,0,0,0,101
flat,cghs hewo apartments,sector 31,1.25,11574.0,1200.0,2,2,2,2.0,Old Property,0,0,0,0,0,0,28
flat,eldeco accolade,sohna road,0.78,5420.0,1319.0,2,2,2,7.0,Relatively New,1,0,0,0,0,2,137
flat,malibu towers,sector 47,2.45,10699.0,2544.0,3,4,2,1.0,Old Property,1,0,0,0,0,2,42
flat,nul,gwal pahari,0.56,6054.0,1028.0,2,2,1,11.0,Old Property,0,0,0,0,0,2,0
flat,emaar palm gardens,sector 83,1.8,12000.0,1667.0,3,4,3+,6.0,Relatively New,0,1,0,0,0,2,96
flat,mapsko casa bella,sector 82,0.86,8121.0,1234.0,3,3,3,5.0,Moderately Old,1,0,0,0,0,2,120
flat,tulip monsella,sector 53,5.6,19364.0,2617.0,3,3,3+,1.0,Under Construction,0,0,0,0,0,0,42
flat,tulip ivory,sector 70,2.0,8333.0,2172.0,4,5,3+,2.0,Relatively New,0,1,0,0,0,2,49
flat,vipul lavanya,sector 81,1.28,7175.0,1982.0,3,3,3,1.0,Moderately Old,0,1,0,1,0,2,49
flat,pareena coban residences,sector 99a,1.3,6510.0,1997.0,3,3,0,16.0,New Property,0,0,0,0,0,0,0
house,independent,sector 38,4.0,21786.0,1836.0,6,6,3+,4.0,Old Property,0,0,0,0,0,2,137
flat,dlf the ultima,sector 81,2.25,10553.0,1929.0,3,3,3+,6.0,New Property,0,1,0,0,0,1,168
flat,shri ram apartments,sector 4,0.36,3789.0,1056.0,2,2,1,4.0,Relatively New,0,0,0,0,0,0,0
flat,gls arawali homes,sohna road,0.28,4308.0,588.0,2,2,2,12.0,New Property,0,0,0,0,0,0,0
flat,tulip monsella,sector 53,8.25,28004.0,2661.0,3,4,3,8.0,Under Construction,0,1,0,0,0,1,35
flat,shri balaji apartment,sector 12,0.35,4037.0,737.0,2,2,1,1.0,Moderately Old,0,0,0,0,0,0,23
flat,godrej,sector 79,2.03,9046.0,2031.0,3,4,3+,7.0,Relatively New,0,1,0,0,0,0,118
flat,dlf express greens,manesar,1.5,6359.0,2135.0,4,5,3+,10.0,New Property,0,1,0,0,0,0,32
flat,om apartment dayanand colony,sector 5,0.26,4370.0,648.0,1,1,1,3.0,Relatively New,0,0,0,0,0,0,14
flat,tata primanti,sector 72,5.25,15648.0,3000.0,4,4,3+,30.0,New Property,0,1,0,0,0,2,174
flat,sare crescent parc,sector 92,0.51,4080.0,1131.0,3,2,2,2.0,Relatively New,0,0,0,0,0,0,72
flat,rwa,sector 7,0.48,6000.0,889.0,3,2,1,1.0,New Property,0,0,0,0,0,0,21
flat,dlf regal gardens,sector 90,1.65,7449.0,1900.0,4,4,3+,8.0,Relatively New,0,0,0,0,1,0,79
flat,laxmi apartment sector 99a gurgaon,sector 99a,0.3,4615.0,600.0,2,2,1,4.0,New Property,0,0,0,0,0,0,44
house,nul,sector 25,6.25,34722.0,1800.0,5,5,3,2.0,Moderately Old,0,0,0,0,0,2,112
flat,tulip violet,sector 69,1.68,8350.0,1819.0,4,4,2,1.0,Relatively New,0,0,0,1,0,0,102
flat,tulip violet,sector 69,1.2,10909.0,1100.0,2,3,0,0.0,Relatively New,0,0,0,0,0,0,54
flat,viridian the plaza 106,sector 106,0.39,5571.0,567.0,1,1,1,7.0,Relatively New,0,0,0,0,0,0,130
house,independent,sector 105,1.2,10118.0,1185.51,3,2,1,2.0,Old Property,0,0,0,0,0,0,9
flat,m3m merlin,sector 67,3.0,14656.0,1900.0,3,3,3+,4.0,Relatively New,0,0,1,0,0,2,174
flat,ats triumph,sector 104,2.55,13077.0,2509.0,4,4,3+,21.0,Relatively New,0,1,0,0,0,0,150
flat,tata primanti,sector 72,5.0,11111.0,4500.0,4,4,3+,2.0,Moderately Old,1,1,0,1,1,2,174
flat,hsiidc sidco aravali,manesar,0.9,3478.0,1900.0,3,3,3,2.0,Old Property,0,1,0,0,0,1,21
house,independent,sector 23,1.2,6231.0,1500.0,3,2,2,3.0,New Property,0,0,0,0,0,2,79
flat,rof ananda,sector 95,0.38,5901.0,716.0,2,2,2,5.0,Relatively New,1,0,0,0,0,0,83
flat,laxmi pareena,sector 99a,0.3,6667.0,500.0,2,1,0,12.0,New Property,0,0,0,0,0,0,0
flat,godrej nature plus,sector 33,1.65,14335.0,1279.0,2,2,3,1.0,Under Construction,0,0,0,0,0,0,38
flat,supertech araville,sector 79,0.9,6950.0,1295.0,2,2,0,12.0,Relatively New,0,0,0,0,0,0,0
flat,bestech park view spa next,sector 67,2.7,11489.0,2127.0,4,4,3+,9.0,Moderately Old,0,1,0,1,0,2,149
flat,spaze privvy the address,sector 93,1.45,8033.0,1350.0,3,4,2,12.0,Relatively New,0,0,0,0,0,2,96
house,independent,sector 26,6.0,33333.0,1800.0,3,5,3+,3.0,Old Property,0,0,0,0,0,2,9
flat,signature global park,sohna road,0.83,7411.0,1244.0,3,2,2,1.0,New Property,0,0,0,0,0,0,16
flat,spire woods now ananda by alpha corp,sector 103,1.25,6902.0,2012.0,3,4,3,11.0,Under Construction,1,1,0,0,0,0,105
flat,pyramid urban homes 2,sector 86,0.5,9690.0,573.0,2,2,2,6.0,Old Property,0,0,0,0,0,0,15
flat,smart world gems,sector 89,1.2,8433.0,1423.0,3,3,2,2.0,New Property,0,0,0,0,0,0,45
flat,emaar mgf emerald floors premier,sector 65,2.85,14430.0,1787.0,4,4,3+,0.0,Relatively New,1,1,0,0,0,2,151
flat,ss the leaf,sector 85,1.75,7267.0,2179.0,3,4,3,8.0,Relatively New,0,1,0,0,0,0,49
flat,godrej aria,sector 79,0.95,6552.0,1611.0,2,2,3,5.0,Relatively New,0,0,0,0,0,2,174
flat,smart world orchard,sector 61,2.2,14203.0,1721.0,3,3,2,4.0,New Property,0,0,0,0,0,0,152
flat,vatika city,sector 49,1.69,8622.0,2178.0,3,3,3,3.0,Moderately Old,0,0,0,1,0,0,136
house,unitech espace,sector 50,9.8,30247.0,300.0,4,4,3,2.0,Moderately Old,0,0,0,0,0,0,22
house,independent,sector 110,0.34,6800.0,500.0,1,1,0,1.0,Moderately Old,0,0,0,0,0,0,0
flat,sidhartha ncr one phase,sector 95,0.6,4800.0,1250.0,2,2,3,10.0,New Property,0,0,0,0,0,0,0
flat,dlf the arbour,sector 63,7.8,19747.0,3950.0,4,4,0,6.0,New Property,0,0,0,0,0,0,61
flat,raheja sampada,sector 92,0.9,6569.0,1240.0,3,2,3,11.0,Relatively New,0,0,0,0,0,0,88
flat,signature global orchard avenue,sector 93,0.38,6387.0,661.0,2,2,2,7.0,Relatively New,0,0,0,0,0,0,16
flat,smart world gems,sector 89,1.71,12000.0,1423.0,3,2,0,3.0,New Property,0,0,0,0,0,0,45
flat,emaar mgf the enclave,sector 66,1.9,10556.0,1850.0,3,4,2,8.0,Relatively New,0,1,0,0,0,2,174
flat,tata primanti,sector 72,3.4,15561.0,1977.0,3,4,3+,9.0,Moderately Old,0,1,0,0,0,0,38
flat,m3m heights,sector 65,1.9,13991.0,1358.0,2,2,2,40.0,Relatively New,0,0,0,0,0,0,48
flat,sidhartha ncr one,sector 95,0.55,5556.0,990.0,2,2,3,15.0,New Property,0,0,0,0,0,0,0
house,independent,sector 47,4.6,26620.0,1728.0,2,6,3+,4.0,Moderately Old,0,0,0,0,0,1,51
flat,m3m woodshire,sector 107,0.94,6881.0,1236.0,2,2,3+,1.0,Moderately Old,0,0,0,0,0,0,113
flat,raheja navodaya,sector 92,1.1,4681.0,2350.0,3,2,3,0.0,Relatively New,0,0,0,0,0,0,0
house,independent,sector 4,0.47,3518.0,1350.0,3,4,0,3.0,Moderately Old,0,0,0,0,0,0,0
flat,emaar mgf emerald floors premier,sector 65,2.36,14303.0,1493.0,3,3,3,0.0,Relatively New,1,1,0,0,0,2,159
flat,emaar mgf the palm drive,sector 66,3.0,15385.0,1720.0,3,3,2,12.0,Relatively New,0,1,0,0,0,0,96
flat,tulip ivory,sector 70,2.0,8333.0,2169.0,4,5,3+,7.0,Moderately Old,0,1,0,0,0,2,174
flat,brisk lumbini terrace homes,sector 109,1.5,6617.0,2519.0,3,3,1,4.0,New Property,0,1,0,0,0,0,37
flat,raheja vanya,sector 99a,0.85,6789.0,1133.0,2,2,2,3.0,New Property,0,0,0,0,0,0,43
flat,ireo skyon,sector 60,2.85,13936.0,1640.0,3,4,3+,5.0,Relatively New,0,1,0,0,0,2,174
flat,shapoorji pallonji joyville gurugram,sector 102,1.99,20665.0,1145.0,2,2,2,14.0,New Property,0,0,0,0,0,0,152
house,independent,sector 2,3.65,23443.0,1557.0,3,9,3+,3.0,New Property,0,0,0,0,0,2,116
house,independent,sector 57,8.31,24171.0,3438.0,5,6,3+,4.0,Old Property,0,0,0,0,0,0,34
flat,antriksh heights,sector 84,0.9,4932.0,1652.0,3,3,3,11.0,Relatively New,0,0,0,0,0,0,87
flat,signature andour heights,sector 71,0.65,10172.0,590.0,2,2,1,10.0,Relatively New,0,0,0,0,0,2,23
flat,residency grand,sector 52,5.0,9615.0,5200.0,5,5,3+,2.0,Moderately Old,0,0,0,0,0,0,0
flat,vatika city homes,sector 83,1.08,6207.0,1537.0,3,3,3,6.0,Relatively New,0,0,1,0,0,0,111
flat,suncity platinum towers,sector 28,7.0,22222.0,2488.0,4,3,2,10.0,Moderately Old,0,1,0,0,0,0,31
flat,hero homes,sector 104,1.4,15819.0,1120.0,3,2,2,4.0,Under Construction,0,0,0,0,0,0,49
flat,ild grand,sector 37c,0.66,5038.0,1310.0,2,2,3+,14.0,Relatively New,0,0,0,0,0,0,60
flat,vatika independent floors,sector 82,1.45,8056.0,1800.0,4,3,0,1.0,Relatively New,0,0,0,0,0,0,50
flat,dlf wellington estate,sector 43,2.09,14615.0,1294.0,3,3,2,11.0,Old Property,0,0,0,0,0,2,79
flat,tulip violet,sector 69,1.95,9701.0,1819.0,4,4,2,0.0,Relatively New,0,0,0,0,0,0,157
flat,dnha group housing society,manesar,0.75,4518.0,1502.0,3,2,2,5.0,Moderately Old,0,0,0,0,0,0,0
flat,conscient habitat,sector 99a,0.27,5602.0,538.0,2,2,1,8.0,Relatively New,0,0,0,0,1,0,49
flat,ats triumph,sector 104,1.85,8079.0,2072.0,3,4,3+,14.0,Relatively New,1,1,1,1,0,0,117
flat,m3m golfestate,sector 65,6.15,18331.0,3355.0,3,4,2,20.0,Relatively New,0,0,0,0,0,0,34
flat,mapsko mount ville,sector 79,1.1,12731.0,1154.0,3,3,3,22.0,Relatively New,1,0,0,1,0,0,135
flat,whiteland the aspen,sector 76,3.35,17613.0,2111.0,3,4,3+,5.0,Under Construction,0,1,0,0,0,1,151
flat,central park flower valley,sector 33,2.5,13270.0,2093.0,3,3,2,1.0,Under Construction,0,0,0,0,0,0,66
flat,vatika the seven lamps,sector 82,0.78,5932.0,1175.0,2,2,2,0.0,Relatively New,0,0,0,0,0,2,103
flat,ss the leaf,sector 85,1.18,10727.0,1700.0,2,2,3,9.0,Relatively New,1,0,0,0,0,2,150
flat,m3m golfestate,sector 65,5.9,17481.0,3043.0,3,3,3,18.0,Relatively New,1,1,0,0,0,0,76
flat,bestech park view residency,sector 2,0.56,8550.0,722.0,1,1,2,7.0,Moderately Old,0,0,0,0,0,0,92
house,independent,sector 105,0.35,7778.0,556.0,2,2,1,2.0,Moderately Old,0,0,0,0,0,0,0
flat,godrej nature plus,sector 33,1.2,12000.0,1111.0,2,2,3+,3.0,Under Construction,0,0,0,0,0,0,105
flat,sidhivinayak apartments,sector 55,1.9,10556.0,2000.0,4,3,3+,9.0,Moderately Old,0,0,0,1,0,1,35
flat,gls avenue 51,sector 92,0.5,7812.0,711.0,3,3,1,12.0,New Property,0,0,0,0,0,1,95
flat,raheja vedaanta,sector 108,0.7,4651.0,1505.0,2,2,2,12.0,Relatively New,0,0,0,0,0,0,0
flat,adani aangan galleria,sector 89,0.25,5000.0,430.0,1,1,1,6.0,New Property,0,0,0,0,0,0,74
flat,ireo the grand arch,sector 58,4.0,18484.0,1958.0,3,4,3,5.0,Old Property,0,1,0,0,0,2,49
flat,shapoorji pallonji joyville gurugram,sector 102,1.28,10535.0,1100.0,2,2,3,10.0,Relatively New,0,0,0,0,0,0,49
flat,m3m woodshire,sector 107,1.01,7394.0,1200.0,2,2,3+,11.0,New Property,0,0,0,0,1,0,74
flat,vatika seven elements,sector 89,1.6,8163.0,1774.0,3,3,3,5.0,New Property,0,0,0,0,0,0,58
flat,deepak minda,manesar,1.25,4715.0,2944.0,3,3,3+,6.0,Moderately Old,0,1,0,0,0,0,44
flat,microtek greenburg,sector 86,1.3,8754.0,1339.0,2,2,3,10.0,Relatively New,1,0,0,0,0,0,38
flat,mapsko paradise,sector 83,0.75,5597.0,1162.0,3,3,3,10.0,New Property,0,0,0,0,1,2,49
flat,la vida by tata housing,sector 113,1.9,18500.0,1285.0,3,2,2,10.0,Relatively New,0,0,0,1,0,2,174
flat,godrej aria,sector 79,0.96,13296.0,1012.0,2,2,3,8.0,Relatively New,0,0,0,0,0,0,49
flat,ss the leaf,sector 85,2.0,6579.0,2545.0,4,5,3+,1.0,Relatively New,0,1,1,0,0,0,106
house,huda plots,sector 56,2.95,20359.0,1000.0,2,2,2,1.0,Moderately Old,0,0,0,0,0,0,31
flat,kiran residency,sector 56,1.5,6649.0,2250.0,3,5,3+,4.0,Moderately Old,1,0,0,1,0,2,134
flat,emaar gurgaon greens,sector 102,1.35,8182.0,1315.0,3,3,3,5.0,Relatively New,0,1,0,0,0,0,119
flat,smart world gems,sector 89,1.25,8784.0,1288.0,3,3,3,2.0,Under Construction,0,0,0,1,0,0,12
house,independent,sector 7,0.27,12000.0,225.0,2,2,1,2.0,Moderately Old,0,0,0,0,0,0,12
flat,ambience caitriona,sector 24,14.0,22222.0,700.0,4,5,3,3.0,Old Property,0,0,0,0,0,0,0
flat,smart world gems,sector 89,1.01,9157.0,1226.0,2,2,2,4.0,Under Construction,1,0,0,0,0,0,38
flat,pyramid pride,sector 76,0.5,6579.0,844.0,2,2,1,8.0,Under Construction,0,0,0,0,0,0,76
flat,rof ananda,sector 95,0.55,5500.0,866.0,3,2,2,14.0,New Property,1,0,0,0,0,1,30
house,independent,sector 43,2.1,4250.0,549.0,10,10,3+,5.0,New Property,0,0,0,0,0,0,20
house,international city by sobha phase 2,sector 109,6.25,10035.0,6228.0,5,7,3+,3.0,Relatively New,0,0,0,0,0,0,147
house,independent,sector 43,7.85,29074.0,2700.0,9,9,3+,3.0,Relatively New,0,0,0,0,0,1,49
house,independent,sector 4,0.5,9259.0,540.0,2,3,2,3.0,Old Property,0,0,0,0,0,0,0
flat,bptp terra,sector 37d,1.6,7303.0,2000.0,4,3,3+,7.0,Relatively New,0,0,0,0,1,2,139
flat,dlf the ultima,sector 81,2.3,14375.0,1854.0,3,4,3+,18.0,Relatively New,0,1,0,0,0,1,174
flat,sare homes,sector 92,0.68,5239.0,1442.0,3,3,2,11.0,Relatively New,0,0,0,1,0,0,100
house,uppal southend,sector 49,3.75,25562.0,163.0,2,6,3+,3.0,Moderately Old,0,0,0,0,0,2,26
flat,emaar palm gardens,sector 83,1.8,9474.0,1719.0,3,3,3+,9.0,Relatively New,0,0,0,0,0,0,55
flat,pyramid urban homes 2,sector 86,0.41,6902.0,668.0,2,2,1,3.0,Relatively New,0,0,0,0,0,0,63
flat,unitech heritage city,sector 14,4.26,13108.0,3250.0,4,4,0,9.0,Old Property,0,0,0,0,0,0,0
flat,antriksh heights,sector 84,0.6,5000.0,1086.0,2,2,2,14.0,Relatively New,0,0,0,0,0,0,52
house,ss hibiscus,sector 50,12.5,40850.0,410.0,4,4,3+,2.0,Relatively New,0,0,0,0,0,1,160
flat,ats tourmaline,sector 109,1.4,8000.0,1584.0,3,3,3+,9.0,Relatively New,0,0,0,0,0,0,95
flat,emaar gurgaon greens,sector 102,1.49,9030.0,1315.0,3,3,3,10.0,Relatively New,0,0,0,0,0,2,159
flat,signature global park,sohna road,0.78,6404.0,1344.0,3,3,3,1.0,Relatively New,0,0,0,1,0,0,150
flat,ireo the grand arch,sector 58,3.83,21577.0,2000.0,3,4,2,10.0,Relatively New,1,1,0,0,0,2,174
flat,ss the leaf,sector 85,1.2,7317.0,1380.0,2,2,3+,14.0,Relatively New,0,0,1,0,0,0,141
flat,godrej oasis,sector 88a,1.4,7568.0,1674.0,3,3,3+,4.0,Relatively New,0,0,0,0,0,2,38
flat,ats triumph,sector 104,2.78,8825.0,2851.0,4,4,3+,11.0,Relatively New,0,1,0,0,0,0,110
house,independent,sector 46,2.25,2723.0,90.0,4,3,3,3.0,Relatively New,0,0,0,0,0,2,35
flat,raheja teachers apartments,sector 31,1.2,7273.0,1450.0,3,2,2,1.0,Moderately Old,0,0,0,0,1,1,105
flat,pareena mi casa,sector 68,1.7,8504.0,1809.0,4,4,3,2.0,New Property,0,0,0,0,0,0,47
flat,la lagune,sector 54,6.75,21361.0,2455.0,4,6,3+,11.0,Moderately Old,0,1,0,0,0,2,119
flat,signature global park,sohna road,0.54,6331.0,939.0,2,2,2,4.0,Relatively New,0,0,0,1,0,0,159
flat,the lions cghs,sector 56,2.0,8333.0,2253.0,4,4,3,8.0,Relatively New,0,0,0,0,1,2,49
flat,la vida by tata housing,sector 113,2.35,10600.0,2210.0,3,3,3,11.0,New Property,0,1,0,0,0,0,174
flat,bestech park view sanskruti,sector 92,1.83,7871.0,2104.0,4,3,3,8.0,New Property,0,1,0,0,0,0,128
house,unitech espace,sector 50,11.0,40741.0,361.0,4,4,3+,2.0,Moderately Old,0,0,0,0,0,2,88
flat,signature global solera,sector 107,0.29,5930.0,543.0,2,2,2,3.0,Relatively New,0,0,0,0,0,0,45
house,independent,sector 11,4.0,19753.0,225.0,5,4,1,2.0,Moderately Old,0,0,0,0,0,0,0
house,independent,sector 3,0.9,8929.0,112.0,3,3,0,2.0,Moderately Old,0,0,0,0,0,0,0
flat,smart world one dxp,sector 113,3.45,13269.0,2353.0,4,4,3,11.0,Under Construction,1,1,0,0,0,0,156
flat,shree vardhman flora,sector 90,0.64,4923.0,1199.0,2,2,3,6.0,Old Property,1,0,0,0,0,0,103
flat,ss radiance residency,sector 12,0.6,5660.0,1178.0,3,3,2,3.0,Relatively New,0,0,0,0,0,0,44
house,independent,sector 26,12.5,38580.0,3240.0,5,5,3+,2.0,Old Property,0,0,0,0,0,2,79
flat,bestech park view spa next,sector 67,3.32,12600.0,2385.0,4,5,3+,12.0,Moderately Old,0,1,0,0,0,2,174
house,eros rosewood city,sector 49,3.75,22046.0,1701.0,3,3,1,2.0,Old Property,0,0,0,0,0,2,6
flat,sare homes,sector 92,0.8,5253.0,1692.0,3,3,3,7.0,Relatively New,1,0,0,0,0,2,80
flat,m3m woodshire,sector 107,1.21,6227.0,1713.0,3,3,3,7.0,Moderately Old,0,0,0,0,0,2,126
flat,m3m capital,sector 113,2.57,15576.0,2060.0,4,5,3+,25.0,Under Construction,1,0,0,0,0,2,79
flat,bestech park view residency,sector 2,1.51,7889.0,1738.0,3,4,3+,8.0,Moderately Old,0,1,0,0,0,0,92
flat,ireo skyon,sector 60,2.5,16129.0,1403.0,2,3,2,4.0,Relatively New,1,0,0,0,0,0,100
flat,paras quartier,gwal pahari,5.9,11028.0,5350.0,4,4,3+,0.0,Moderately Old,0,0,0,0,0,0,63
flat,hcbs sports ville,sohna road,0.3,4011.0,743.0,2,2,2,3.0,Relatively New,0,0,0,0,0,0,0
flat,m3m skycity,sector 65,1.8,13699.0,1456.0,2,2,3,13.0,New Property,0,0,0,0,0,0,73
house,tata primanti,sector 72,8.5,13492.0,6300.0,5,6,3+,10.0,Relatively New,0,0,0,0,0,2,145
flat,godrej nature plus,sector 33,1.07,7726.0,1253.0,2,2,2,14.0,Under Construction,0,0,0,0,0,0,68
flat,sunischit apartments,sector 54,1.75,7955.0,2100.0,3,3,3+,6.0,Moderately Old,0,1,0,0,0,2,126
house,independent,sector 31,3.5,24155.0,1449.0,4,3,3,2.0,Moderately Old,0,0,0,0,0,2,81
flat,tulip violet,sector 69,1.7,8625.0,1783.0,4,4,1,12.0,Relatively New,0,0,0,0,0,0,88
flat,m3m heights,sector 65,2.65,18493.0,1297.0,2,2,3,4.0,New Property,1,0,0,0,0,0,38
flat,pivotal devaan,sector 84,0.27,7965.0,387.0,1,1,1,13.0,Relatively New,0,0,0,0,0,1,45
flat,emaar imperial gardens,sector 102,2.05,9875.0,2250.0,3,4,3+,14.0,Relatively New,0,1,0,0,0,0,116
flat,umang monsoon breeze,sector 78,0.62,5004.0,1115.0,2,2,1,7.0,Moderately Old,0,0,1,0,0,0,111
flat,eldeco accolade,sohna road,0.72,5737.0,1404.0,2,2,3,8.0,Relatively New,0,0,0,0,0,0,153
flat,avl 36 gurgaon,sector 36a,0.75,7500.0,856.0,2,2,2,5.0,Relatively New,0,0,0,0,0,0,26
flat,sobha city,sector 108,3.35,13267.0,1876.0,3,4,2,19.0,New Property,0,0,0,0,0,0,102
flat,smart world gems,sector 89,1.0,9009.0,1233.0,2,2,3,3.0,New Property,1,0,0,0,1,0,99
flat,bptp terra,sector 37d,1.8,8215.0,1983.0,4,3,3,12.0,Relatively New,1,0,0,0,0,2,144
flat,sukhshanti apartment,sector 56,1.7,7727.0,2200.0,3,3,3,4.0,Moderately Old,1,0,0,0,0,0,49
flat,landmark the residency,sector 103,0.9,6667.0,1222.0,2,2,2,1.0,Relatively New,0,0,0,0,0,0,44
house,independent,sector 37d,2.5,13158.0,1900.0,5,5,3+,2.0,Relatively New,0,0,0,0,0,0,0
house,independent,sector 105,9.9,49500.0,2000.0,2,2,2,3.0,Moderately Old,0,0,0,0,0,0,0
flat,conscient heritage max,sector 102,2.2,10237.0,1945.0,3,4,3+,9.0,Moderately Old,1,1,0,0,0,0,125
flat,gls avenue 51,sector 92,0.5,7812.0,579.0,3,3,1,0.0,Relatively New,0,0,0,0,0,0,0
flat,dlf the skycourt,sector 86,1.55,8031.0,1900.0,3,3,1,12.0,Relatively New,0,0,0,1,0,2,153
flat,ireo skyon,sector 60,3.05,12788.0,2300.0,3,3,3,9.0,Relatively New,0,1,0,0,0,2,165
house,independent,sector 25,4.35,32222.0,1350.0,5,4,3,3.0,Old Property,0,0,0,0,0,0,49
flat,gls arawali homes,sohna road,0.28,4938.0,500.0,2,2,2,3.0,Relatively New,0,0,0,0,0,2,42
flat,uphaar residency 2,sector 105,0.42,5600.0,833.0,3,2,1,0.0,Moderately Old,0,0,0,0,1,0,7
flat,tarc maceo,sector 91,1.75,11118.0,2107.0,4,3,3+,8.0,Relatively New,1,1,1,1,0,0,128
flat,godrej,sector 79,2.01,8495.0,2141.0,3,4,3+,6.0,Relatively New,0,1,0,0,0,0,158
flat,m3m heights,sector 65,2.79,14170.0,1654.0,3,3,3,26.0,New Property,0,0,0,0,0,0,15
flat,suncity vatsal valley,gwal pahari,1.45,10140.0,1430.0,3,3,3,4.0,Under Construction,0,0,0,0,0,0,49
house,dlf pink town house,sector 24,1.9,3786.0,5018.0,10,9,3+,3.0,Relatively New,0,0,0,0,0,1,29
house,independent,sector 26,15.0,33333.0,4500.0,4,4,3,3.0,Moderately Old,0,0,0,0,0,2,36
house,independent,sector 45,7.35,29697.0,2475.0,6,4,3+,3.0,Old Property,0,0,0,0,0,2,61
flat,emaar mgf the palm drive,sector 66,3.5,15909.0,2125.0,3,3,3,7.0,Moderately Old,0,1,1,0,0,2,149
flat,godrej,sector 79,1.47,16261.0,93.0,2,2,3,9.0,New Property,1,0,0,0,0,0,99
flat,ambience lagoon,sector 24,4.25,13281.0,3201.0,3,4,3+,3.0,Old Property,0,1,1,0,0,2,131
house,smart world gems,sector 89,1.25,8784.0,1423.0,3,3,2,1.0,Under Construction,0,0,0,0,0,0,45
house,suncity essel towers,sector 28,8.95,17900.0,5000.0,5,6,3+,4.0,Moderately Old,0,0,0,0,0,0,0
flat,umang winter hills,sector 77,0.8,5961.0,1163.0,2,2,2,10.0,Relatively New,0,0,0,0,0,2,49
flat,godrej,sector 79,2.5,11141.0,2244.0,3,3,3+,5.0,Relatively New,0,0,0,0,0,0,0
flat,hcbs sports ville,sohna road,0.32,5517.0,644.0,2,2,1,7.0,New Property,0,0,0,0,0,0,37
flat,ats triumph,sector 104,2.3,10000.0,2544.0,3,4,3+,15.0,New Property,0,1,0,0,0,0,117
flat,m3m the tree of life,sector 111,2.35,14551.0,1615.0,3,3,3+,5.0,Under Construction,0,0,0,0,0,0,0
flat,signature global solera,sector 107,0.5,7752.0,717.0,3,2,2,6.0,Relatively New,0,0,0,0,1,0,49
house,independent,sector 55,3.55,24500.0,1449.0,4,4,3+,2.0,Old Property,0,0,0,0,0,2,27
flat,ss the leaf,sector 85,2.15,8929.0,2179.0,3,5,3,2.0,New Property,0,0,0,0,0,0,53
flat,4s aradhya homes,sector 67a,1.9,8862.0,1991.0,4,4,3,3.0,New Property,0,0,0,0,0,2,62
flat,whiteland blissville,sector 76,1.92,11497.0,1672.0,3,3,2,2.0,Under Construction,0,0,0,0,0,0,61
house,bptp visionnaire,sector 70a,4.0,6666.0,6000.0,4,4,3+,2.0,Relatively New,0,0,0,0,0,0,154
house,independent,sector 8,1.6,3186.0,558.0,4,6,1,3.0,Relatively New,0,0,0,0,0,0,0
flat,lotus elise,sector 99,0.95,6552.0,1611.0,2,3,3,7.0,Relatively New,0,1,0,0,0,0,0
house,independent,sector 3 phase 3 extension,1.5,5000.0,3000.0,6,1,0,1.0,New Property,0,0,0,0,0,0,0
flat,vipul belmonte,sector 53,6.5,21922.0,2683.0,3,4,3+,0.0,Old Property,1,0,0,0,1,0,72
flat,ats tourmaline,sector 109,1.75,8140.0,1797.0,3,4,3+,7.0,Relatively New,0,1,0,0,0,0,165
flat,orris aster court premier,sector 85,1.25,5896.0,1616.0,3,4,2,6.0,Relatively New,0,1,0,0,0,2,49
flat,capital residences 360,sector 70a,1.51,7642.0,1788.0,3,3,3,7.0,Relatively New,0,1,0,0,0,0,49
flat,godrej summit,sector 104,1.3,9028.0,1303.0,3,2,3+,16.0,Relatively New,1,0,1,1,0,2,0
flat,bestech altura,sector 79,1.85,8605.0,1946.0,3,4,3+,11.0,New Property,0,1,0,0,0,0,49
flat,hero homes,sector 104,1.75,10361.0,1529.0,3,3,3,2.0,Under Construction,0,0,0,0,0,0,30
flat,gls avenue 51,sector 92,0.42,6562.0,711.0,3,3,1,2.0,Relatively New,0,0,0,0,0,0,20
flat,godrej aria,sector 79,1.3,9623.0,1223.0,2,4,2,3.0,Relatively New,0,0,0,0,0,0,53
flat,indiabulls enigma,sector 110,4.25,10954.0,3511.0,5,5,3+,4.0,Relatively New,0,1,0,0,0,0,101
flat,mapsko mount ville,sector 79,1.2,8054.0,1321.0,3,3,3,9.0,Relatively New,1,0,0,0,0,2,104
flat,city shri ram apartments 1,sector 110,0.22,3667.0,543.0,2,1,1,1.0,Relatively New,0,0,0,0,0,0,0
flat,ireo the corridors,sector 67a,1.7,9844.0,1346.0,3,3,2,10.0,New Property,0,1,0,0,1,2,44
house,independent,sector 28,10.5,32407.0,3240.0,5,6,3+,3.0,New Property,0,0,0,0,0,2,153
flat,m3m woodshire,sector 107,0.9,6589.0,1236.0,2,2,3+,4.0,Relatively New,0,0,0,0,0,0,21
house,independent,sector 50,10.45,38704.0,4000.0,4,5,2,3.0,Moderately Old,0,0,0,0,0,2,142
flat,afnhb jalvayu vihar,sector 30,1.3,10000.0,1401.0,3,3,2,2.0,Old Property,0,0,0,0,0,0,19
house,ss aaron ville,sector 49,6.5,18808.0,3456.0,5,5,2,2.0,Relatively New,0,0,0,0,0,2,28
house,ninex city,sector 76,1.75,6250.0,3111.0,4,4,0,14.0,New Property,0,0,0,0,0,0,0
flat,emaar mgf palm studios,sector 66,1.45,14796.0,1082.0,2,2,3,3.0,Relatively New,0,0,0,0,0,0,92
flat,bestech park view residency,sector 2,1.18,7540.0,1416.0,2,2,3,5.0,Old Property,1,0,0,0,0,0,76
house,independent,sector 26,4.5,33333.0,1350.0,5,5,3+,2.0,Old Property,0,0,0,0,0,0,7
flat,hsiidc sidco aravali,manesar,0.91,3516.0,1900.0,3,3,3+,8.0,Moderately Old,0,1,0,0,0,0,23
flat,godrej air,sector 85,2.6,12212.0,2129.0,3,3,3,17.0,Under Construction,0,1,0,0,0,0,44
flat,vatika gurgaon,sector 83,0.83,6667.0,1154.0,2,2,2,12.0,Relatively New,0,0,0,1,0,0,165
house,ansal heights,sector 92,2.75,9793.0,5000.0,4,4,3+,3.0,Relatively New,0,0,0,0,0,0,0
flat,emaar gurgaon greens,sector 102,1.3,7879.0,1315.0,3,3,3,4.0,Relatively New,0,1,0,0,0,2,125
house,independent,sector 7,2.25,15625.0,1440.0,3,3,2,2.0,Old Property,0,0,0,0,0,2,27
flat,orchid petals,sector 49,2.09,11579.0,1633.0,3,3,3,0.0,Relatively New,0,0,0,0,0,0,49
house,sheetla enclave,sector 5,0.96,10000.0,945.0,2,4,2,3.0,Moderately Old,0,0,0,0,0,2,0
flat,m3m skywalk,sector 74,1.55,13790.0,1300.0,2,2,3+,18.0,Relatively New,0,0,0,0,1,0,137
flat,the lions cghs,sector 56,1.99,11056.0,2000.0,4,4,3+,4.0,Old Property,0,0,0,1,1,2,105
flat,la vida by tata housing,sector 113,3.72,13985.0,2956.0,5,4,3+,0.0,New Property,0,0,0,1,0,1,44
house,independent,sector 7,6.5,15046.0,4320.0,3,2,3+,2.0,Old Property,0,0,0,0,0,0,9
flat,puri diplomatic greens,sector 111,5.25,11667.0,4072.0,4,6,3+,7.0,Relatively New,0,1,0,0,0,2,134
house,uppal southend,sector 49,4.4,15278.0,2880.0,6,6,3,3.0,Moderately Old,0,0,0,0,0,1,110
flat,shree vardhman flora,sector 90,0.7,5323.0,1350.0,2,2,3,9.0,New Property,1,0,0,0,0,0,60
flat,sbtl caladium,sector 109,1.68,6601.0,2303.0,3,3,3+,7.0,Moderately Old,0,1,0,0,0,0,134
flat,m3m heights,sector 65,2.15,15003.0,1433.0,2,2,3+,28.0,Relatively New,0,0,0,0,0,0,48
flat,shree vardhman victoria,sector 70,1.75,8974.0,1950.0,3,4,2,16.0,Relatively New,0,1,0,1,0,0,49
flat,bptp terra,sector 37d,1.95,14444.0,1650.0,4,3,3,7.0,Under Construction,0,0,0,0,0,0,53
flat,sare homes,sector 92,0.95,4872.0,1765.0,4,3,3,13.0,New Property,0,0,0,0,0,0,0
flat,rof aalayas,sector 102,0.45,6000.0,750.0,1,1,2,6.0,Relatively New,0,0,0,0,0,0,0
flat,shapoorji pallonji joyville gurugram,sector 102,1.95,17287.0,1465.0,3,3,3,12.0,New Property,0,0,1,0,0,0,72
flat,dlf new town heights,sector 90,1.99,7297.0,3030.0,4,4,3+,9.0,Relatively New,0,1,0,1,0,2,102
flat,smart world gems,sector 89,0.88,7964.0,1228.0,2,2,3,2.0,New Property,1,0,0,0,0,0,44
flat,bptp terra,sector 37d,1.4,7731.0,1711.0,3,3,3,5.0,Relatively New,0,0,0,0,0,2,149
flat,godrej air,sector 85,1.83,10005.0,2032.0,3,3,3+,18.0,Under Construction,0,0,0,0,0,0,110
flat,bestech park view sanskruti,sector 92,1.55,7568.0,1805.0,3,4,3,16.0,Relatively New,0,1,0,0,0,2,60
flat,prime habitat,sector 99a,0.27,5433.0,552.0,2,2,1,4.0,New Property,0,0,0,0,0,0,7
flat,m3m golfestate,sector 65,5.0,18519.0,2800.0,3,3,3+,28.0,Relatively New,0,1,0,1,0,2,165
flat,ramprasta awho,sector 95,0.92,5257.0,1750.0,3,3,3+,13.0,New Property,0,0,0,0,0,0,0
house,independent,sector 36,0.75,6938.0,1081.0,3,1,0,1.0,New Property,0,0,0,0,0,0,0
flat,kiran residency,sector 56,1.55,7750.0,1800.0,3,3,3+,5.0,Old Property,0,1,0,1,1,0,166
house,independent,sector 12,1.7,8000.0,2000.0,5,5,3,3.0,Moderately Old,0,0,0,0,0,0,9
flat,ireo the grand arch,sector 58,2.2,16000.0,1244.0,2,2,2,6.0,Relatively New,0,0,0,0,0,0,42
flat,sare crescent parc,sector 92,0.66,4977.0,1473.0,3,2,2,15.0,Relatively New,0,0,0,0,0,1,44
flat,mvn athens,sohna road,0.25,5198.0,481.0,2,2,0,0.0,Relatively New,0,0,0,0,0,0,37
house,independent,sector 28,1.45,8002.0,1800.0,3,2,1,1.0,Relatively New,0,0,0,0,0,0,0
flat,m3m skywalk,sector 74,2.7,13380.0,1826.0,3,3,3,13.0,New Property,0,0,1,0,0,0,92
flat,corona optus,sector 37c,1.26,7250.0,1400.0,3,3,3,4.0,New Property,0,0,0,0,0,0,28
flat,signature global solera,sector 107,0.5,7752.0,717.0,3,2,2,6.0,Relatively New,0,0,0,0,1,0,15
house,nul,sector 25,15.0,23438.0,6400.0,5,5,3,2.0,Moderately Old,0,0,0,0,0,2,112
flat,the pearl apartmen,sector 15,0.43,5584.0,856.0,2,2,1,2.0,Relatively New,0,0,0,0,0,2,28
flat,ireo skyon,sector 60,2.82,12818.0,2400.0,3,3,3,2.0,Relatively New,0,1,0,0,0,2,174
flat,ramprastha primera,sector 37d,1.1,6111.0,1700.0,3,3,3,6.0,Relatively New,0,0,0,0,0,0,149
flat,signature the roselia,sector 95,0.41,7295.0,670.0,2,2,2,12.0,New Property,0,0,0,0,0,2,93
house,independent,sector 24,2.6,24074.0,1080.0,4,4,3+,4.0,Relatively New,0,0,0,0,0,1,0
flat,emaar palm gardens,sector 83,1.38,8023.0,1350.0,3,3,3,5.0,Relatively New,0,1,0,0,0,2,8
flat,indiabulls enigma,sector 110,3.4,10000.0,3077.0,4,5,3,3.0,Relatively New,0,1,1,0,0,0,90
flat,vatika emilia floors,sector 83,0.6,5714.0,990.0,2,2,2,1.0,Relatively New,0,0,0,0,0,2,167
flat,dlf regal gardens,sector 90,1.29,9021.0,1540.0,3,3,3,7.0,Relatively New,1,0,0,0,0,0,174
flat,aipl the peaceful homes,sector 70a,2.8,11915.0,1798.0,3,4,3,22.0,Relatively New,0,1,0,0,0,0,49
flat,ireo uptown,sector 66,1.32,11438.0,1048.0,2,2,2,6.0,Relatively New,0,0,0,0,0,0,45
flat,emaar digihomes,sector 62,4.0,14870.0,2343.0,3,3,3,18.0,New Property,0,1,0,0,0,2,38
flat,experion windchants,sector 112,3.75,13383.0,2225.56,3,3,2,21.0,Relatively New,0,1,0,0,0,2,159
house,ansal api spanish court,sector 2,2.9,18626.0,1415.0,4,4,3,2.0,Relatively New,0,0,0,0,0,2,49
flat,tulip violet,sector 69,1.4,8872.0,1428.0,3,3,2,11.0,Relatively New,0,0,0,1,0,0,126
flat,shapoorji pallonji joyville gurugram,sector 102,1.77,9195.0,1653.0,3,3,3,1.0,Relatively New,0,0,0,0,0,0,151
flat,smart world gems,sector 89,1.1,9973.0,1226.0,2,2,2,3.0,New Property,0,0,1,0,0,0,77
flat,bestech altura,sector 79,1.85,8605.0,1650.0,3,3,3,7.0,New Property,0,1,0,0,0,0,53
flat,green court,sector 90,0.47,6812.0,767.0,2,2,1,0.0,New Property,0,0,0,0,0,0,49
flat,tulip violet,sector 69,1.68,8358.0,1819.0,4,4,2,7.0,Relatively New,0,0,0,0,0,0,127
flat,shree vardhman flora,sector 90,0.95,6333.0,1667.0,3,3,3,9.0,Relatively New,0,1,0,0,0,0,90
flat,dlf new town heights,sector 86,1.3,6736.0,1715.0,3,3,3,15.0,Relatively New,0,1,0,1,0,2,49
flat,bestech park view ananda,sector 81,0.95,10626.0,1112.0,2,2,2,2.0,Relatively New,0,0,0,0,0,2,104
house,independent,sector 2,6.0,24691.0,2430.0,5,6,3+,3.0,Old Property,0,0,0,0,0,2,43
flat,tulip violet,sector 69,3.1,9823.0,2817.0,4,6,3+,14.0,Relatively New,0,1,0,1,0,0,174
flat,ramprastha city,dwarka expressway,1.3,9028.0,1303.0,3,3,2,3.0,Under Construction,0,0,0,0,0,0,0
flat,smart world orchard,sector 61,1.6,13913.0,1278.0,2,2,2,4.0,New Property,1,0,0,0,1,0,29
flat,emaar mgf emerald floors premier,sector 65,2.55,15455.0,1469.0,3,3,3,3.0,Relatively New,1,1,0,0,0,0,21
house,independent,sector 38,8.0,25616.0,347.0,10,10,3+,1.0,Relatively New,0,0,0,0,0,0,0
flat,ss the leaf,sector 85,1.3,7927.0,1484.0,2,2,2,17.0,New Property,0,0,0,0,0,0,90
flat,indiabulls centrum park,sector 103,1.34,7486.0,1560.0,3,3,3+,13.0,Relatively New,1,0,0,0,0,0,93
flat,alpha corp gurgaonone,sector 84,1.52,7904.0,1703.0,3,4,3,15.0,Relatively New,0,1,0,0,0,0,92
flat,ireo uptown,sector 66,1.85,12568.0,1470.0,2,3,3,16.0,Relatively New,0,1,0,0,1,2,79
flat,krrish provence estate,gwal pahari,5.25,9052.0,5249.0,4,5,3+,2.0,New Property,1,1,0,1,0,0,49
flat,godrej nature plus,sector 33,1.7,12593.0,1500.0,3,3,3+,6.0,New Property,0,1,0,0,0,0,38
flat,dlf the skycourt,sector 86,1.5,7895.0,1719.0,3,3,1,16.0,Relatively New,0,0,0,0,1,0,49
flat,signature global solera,sector 107,0.28,5680.0,543.0,2,2,2,11.0,Relatively New,0,0,0,0,0,0,29
flat,conscient heritage max,sector 102,2.65,10376.0,2311.0,4,5,3+,17.0,Moderately Old,0,1,0,0,0,0,125
flat,supertech hues,sector 68,0.9,7627.0,1311.0,2,2,2,1.0,New Property,0,0,0,0,0,0,44
house,independent,sector 38,3.9,21242.0,1836.0,6,6,3+,3.0,Moderately Old,0,0,0,0,0,0,32
flat,krrish florence estate,sector 70,1.65,7765.0,1923.0,3,4,3+,27.0,New Property,1,1,0,0,0,0,81
flat,vatika the seven lamps,sector 82,1.6,6598.0,2195.0,4,5,3+,8.0,Relatively New,0,1,0,0,0,0,133
flat,tulip violet,sector 69,1.44,9125.0,1381.0,3,3,2,1.0,Relatively New,0,0,0,1,0,0,174
flat,shree vardhman flora,sector 90,0.96,5120.0,1697.0,3,4,3,3.0,New Property,0,1,0,0,0,0,106
flat,adani m2k oyster grande,sector 102,2.35,8468.0,2351.0,3,3,3,14.0,Relatively New,1,1,0,0,0,2,165
flat,puri emerald bay,sector 104,1.59,10905.0,1403.0,2,2,2,12.0,Relatively New,0,0,0,0,0,0,121
house,independent,sector 39,0.34,7556.0,450.0,1,1,1,1.0,Relatively New,0,0,0,0,0,0,0
flat,silverglades hightown residences,sector 43,4.2,19765.0,1946.0,3,4,2,7.0,Under Construction,0,0,0,0,0,0,42
house,unitech nirvana birch court,sector 50,7.1,31430.0,240.0,3,3,3,1.0,Moderately Old,0,0,0,0,0,0,49
flat,ramprastha skyz,sector 37d,1.2,6000.0,1900.0,3,2,1,9.0,Under Construction,0,1,0,0,1,0,53
flat,umang monsoon breeze,sector 78,0.75,6053.0,1239.0,2,2,1,5.0,Moderately Old,0,0,0,0,0,0,0
flat,umang winter hills,sector 77,1.35,7781.0,1451.0,3,3,3+,7.0,New Property,0,0,1,0,0,2,96
flat,pivotal devaan,sector 84,0.35,6003.0,528.0,2,2,1,4.0,Relatively New,0,0,0,0,0,0,37
flat,tulip violet,sector 69,1.29,8227.0,1419.0,3,3,1,12.0,Relatively New,0,0,0,1,0,2,86
flat,parsvnath green ville,sector 48,1.6,8377.0,1700.0,3,3,3,13.0,Old Property,0,0,0,0,1,2,119
flat,corona optus,sector 37c,1.43,7186.0,1834.0,3,3,3+,2.0,Relatively New,0,1,0,0,1,0,49
flat,antriksh heights,sector 84,0.79,4580.0,1561.0,3,3,3+,8.0,New Property,0,0,0,0,0,0,24
flat,signature global solera,sector 107,0.27,5521.0,543.0,2,2,2,0.0,Relatively New,0,0,0,0,0,0,45
flat,ireo the corridors,sector 67a,1.8,9370.0,1551.0,3,3,2,3.0,New Property,1,0,1,0,0,2,150
house,independent,sector 26,4.5,33333.0,1350.0,3,3,2,2.0,Old Property,0,0,0,0,0,2,58
house,independent,sector 53,4.0,17778.0,2250.0,5,5,2,3.0,Relatively New,0,0,0,0,0,0,23
house,not applicable,sector 4,0.8,6088.0,146.0,5,4,3,3.0,Under Construction,0,0,0,0,0,0,0
flat,vatika gurgaon,sector 83,1.4,6629.0,1570.0,3,3,2,7.0,Relatively New,0,0,0,0,0,2,74
flat,kiran residency,sector 56,1.54,8324.0,1900.0,3,4,3+,5.0,Old Property,0,1,0,0,0,2,98
house,independent,sector 105,0.7,5833.0,1200.0,3,2,2,1.0,Moderately Old,0,0,0,0,0,0,0
flat,shree vardhman victoria,sector 70,1.55,7949.0,1527.0,3,3,3,6.0,Relatively New,1,1,0,1,1,0,49
flat,piedmont taksila heights,sector 37c,1.05,4792.0,1738.0,3,3,3,7.0,Relatively New,0,0,0,0,0,2,81
flat,ansal housing highland park,sector 103,1.25,6443.0,1464.0,3,3,3+,2.0,New Property,0,0,0,1,0,0,105
house,nirvana country,sector 50,10.0,14286.0,7000.0,5,7,2,4.0,Moderately Old,0,0,0,0,0,1,0
flat,m3m skywalk,sector 74,1.48,12333.0,1300.0,2,2,3,13.0,Relatively New,0,0,1,0,0,0,158
house,unitech espace,sector 50,7.35,41761.0,240.0,4,4,3+,3.0,Moderately Old,0,0,0,0,0,2,52
flat,bhagwati sadan,sector 12,1.15,5750.0,2000.0,3,4,2,2.0,Old Property,1,1,0,0,1,2,28
flat,shapoorji pallonji joyville gurugram,sector 102,1.26,10040.0,1100.0,2,2,2,10.0,Relatively New,0,0,0,0,0,0,108
flat,m3m heights,sector 65,3.0,17996.0,1654.0,3,3,3,20.0,Under Construction,0,0,0,0,0,0,60
flat,ramprastha skyz,sector 37d,1.1,6377.0,1561.0,3,3,3+,7.0,Under Construction,0,0,0,0,0,0,109
flat,vatika gurgaon,sector 83,0.95,6574.0,1300.0,2,2,3,5.0,Relatively New,0,0,0,0,0,2,96
flat,ss the leaf,sector 85,2.0,8306.0,2179.0,3,4,3,8.0,Relatively New,0,1,0,0,0,0,21
flat,vatika lifestyle homes,sector 83,1.1,6268.0,1588.0,3,3,2,8.0,Relatively New,1,0,1,1,0,2,174
flat,shree vardhman victoria,sector 70,1.1,8462.0,1026.0,2,2,2,0.0,New Property,1,0,0,0,0,0,49
flat,ramprastha primera,sector 37d,1.02,6000.0,1538.0,3,2,3,22.0,Under Construction,0,0,0,0,0,0,43
flat,pyramid urban homes 2,sector 86,0.6,8000.0,833.0,3,2,2,2.0,New Property,0,0,0,0,0,0,13
house,malibu towne,sector 47,1.15,4646.0,275.0,3,3,3,2.0,Old Property,0,0,0,0,0,2,33
flat,central park flower valley,sector 33,1.79,11251.0,1619.0,3,3,3,3.0,Old Property,0,0,0,0,0,0,71
flat,breez global hill view,sohna road,0.32,5776.0,616.0,2,2,2,19.0,Relatively New,0,0,0,0,0,2,21
flat,mapsko royale ville,sector 82,1.22,7176.0,2000.0,3,5,3+,10.0,Relatively New,0,1,0,1,0,2,76
flat,eldeco accolade,sohna road,1.35,6136.0,2444.0,3,3,3,2.0,New Property,0,1,0,0,0,0,72
flat,apex builders,sector 37c,0.42,5600.0,833.0,2,2,2,4.0,Relatively New,0,0,0,0,0,0,42
flat,the roselia 2,sector 95,0.45,6475.0,695.0,2,2,2,19.0,New Property,0,0,0,0,0,0,0
flat,smriti apartment,sector 56,0.6,10000.0,543.0,1,1,1,2.0,Moderately Old,0,0,0,0,0,0,49
flat,bestech park view sanskruti,sector 92,1.55,7769.0,1805.0,3,4,3,8.0,Relatively New,0,1,0,0,0,0,49
flat,sidhartha ncr greens,sector 95,0.56,5657.0,896.0,2,2,3,13.0,New Property,0,0,0,0,0,0,8
flat,godrej aria,sector 79,1.0,6653.0,1300.0,2,2,2,4.0,Relatively New,1,0,0,0,0,0,49
house,international city by sobha phase 2,sector 109,8.75,24306.0,3600.0,5,5,3+,3.0,New Property,0,0,0,0,0,2,153
house,signature global park,sohna road,0.85,7589.0,1120.0,3,2,2,1.0,Under Construction,0,0,0,0,0,0,15
house,independent,sector 24,6.5,22855.0,2844.0,4,4,2,2.0,Old Property,0,0,0,0,0,0,35
house,huda flats,sector 7,2.3,17037.0,1350.0,5,3,3+,3.0,Old Property,0,0,0,0,0,0,27
flat,conscient heritage max,sector 102,2.0,9307.0,1900.0,3,4,3+,13.0,Relatively New,1,1,0,0,0,2,174
flat,indiabulls centrum park,sector 103,1.05,5859.0,1365.0,2,2,3,1.0,Relatively New,0,0,0,0,0,2,51
house,independent,sector 22,4.75,20068.0,261.0,7,5,3+,3.0,Old Property,0,0,0,0,0,2,49
flat,gls avenue 51,sector 92,0.42,7107.0,657.0,2,2,1,4.0,Relatively New,1,0,0,1,0,2,42
flat,indiabulls centrum park,sector 103,1.35,7542.0,1620.0,3,3,3+,3.0,Relatively New,1,0,0,0,0,2,168
flat,mvn athens,sohna road,0.27,5895.0,509.0,2,2,1,4.0,Relatively New,0,0,0,0,1,2,35
flat,supertech araville,sector 79,1.0,6536.0,1700.0,2,2,3,4.0,Relatively New,1,0,0,0,0,0,24
flat,pioneer urban presidia,sector 62,6.5,14987.0,3925.0,4,4,3+,3.0,Moderately Old,1,0,0,0,0,0,86
flat,tulip violet,sector 69,1.9,9453.0,1819.0,4,4,2,0.0,Relatively New,0,0,0,0,0,0,49
house,independent,sector 3,0.37,7923.0,480.0,1,1,1,1.0,Relatively New,0,0,0,0,0,0,0
flat,elan mercado,sector 80,0.85,12409.0,761.0,1,1,1,15.0,Relatively New,0,0,0,0,0,0,60
flat,vatika city homes,sector 83,0.75,5660.0,1199.0,2,2,2,3.0,Relatively New,0,0,0,0,0,2,49
flat,mrg world ultimus,sector 90,0.5,6983.0,796.0,2,2,2,1.0,Under Construction,0,0,0,0,0,0,21
flat,eldeco accolade,sohna road,1.1,7550.0,1319.0,2,2,3+,17.0,Relatively New,1,0,0,0,1,2,7
flat,ireo the corridors,sector 67a,1.62,9380.0,1346.0,3,3,2,4.0,New Property,0,0,1,0,0,2,142
flat,tulip violet,sector 69,1.4,8917.0,1419.0,3,3,1,12.0,Relatively New,0,0,0,1,0,0,86
house,ansals florence villa,sector 57,3.65,10580.0,3450.0,6,6,2,3.0,Moderately Old,0,0,0,0,0,1,152
flat,m3m skywalk,sector 74,1.54,10815.0,1200.0,2,2,3+,15.0,Relatively New,0,0,0,0,1,0,137
flat,conscient heritage max,sector 102,1.82,9372.0,1757.0,3,4,3+,15.0,Moderately Old,0,1,0,0,0,0,125
flat,dlf new town heights,sector 90,1.65,6980.0,2139.0,4,4,3+,15.0,Moderately Old,0,1,0,0,0,2,137
house,independent,sector 12,2.9,10741.0,2700.0,7,7,3,2.0,Old Property,0,0,0,0,0,0,7
flat,m3m golfestate,sector 79,1.4,10000.0,1556.0,2,2,2,4.0,Relatively New,1,1,1,0,0,1,83
flat,tulip violet,sector 69,1.4,9103.0,1392.0,3,3,1,12.0,Relatively New,0,0,0,0,0,2,157
flat,dlf park place,sector 54,5.75,24689.0,1900.0,3,4,3,12.0,Relatively New,0,1,0,0,0,1,174
house,independent,sector 2,6.0,20000.0,333.0,4,4,1,2.0,Relatively New,0,0,0,0,0,0,0
flat,rof ananda,sector 95,0.32,5829.0,610.0,2,2,1,9.0,Relatively New,0,0,0,1,0,2,71
house,independent,sector 25,11.0,35530.0,3096.0,5,5,3+,2.0,Relatively New,0,0,0,0,0,0,29
flat,signature andour heights,sector 71,0.37,8222.0,450.0,1,1,2,2.0,Relatively New,0,0,0,0,0,0,65
house,independent,sector 23,2.7,18621.0,1450.0,5,5,2,3.0,Old Property,0,0,0,0,0,2,17
house,unitech uniworld resorts,sector 33,11.75,23240.0,502.0,5,7,3+,3.0,Relatively New,0,0,0,0,0,0,80
flat,bhagwati sadan,sector 12,1.15,5500.0,2000.0,3,4,2,2.0,Old Property,0,1,0,0,1,0,0
house,ats tourmaline,sector 109,1.87,8698.0,2150.0,3,4,0,12.0,Relatively New,0,0,0,0,0,0,0
flat,aipl the peaceful homes,sector 70a,2.6,12009.0,2406.0,3,2,2,12.0,Moderately Old,0,1,0,0,0,0,52
flat,signature global solera,sector 107,0.5,4762.0,850.0,3,2,2,5.0,Relatively New,0,0,0,0,1,0,35
flat,ramprastha skyz,sector 37d,1.25,7251.0,1725.0,3,3,3+,2.0,Under Construction,0,0,0,0,0,0,8
house,independent,sector 4,0.67,8557.0,783.0,3,2,1,1.0,Moderately Old,0,0,0,0,0,0,19
house,international city by sobha phase 2,sector 109,7.0,12963.0,5400.0,4,4,3+,2.0,Relatively New,0,0,0,0,0,2,102
flat,ramprastha the atrium,sector 37d,0.9,6224.0,1185.0,3,3,2,13.0,Relatively New,0,0,0,0,0,1,37
flat,emaar mgf emerald floors premier,sector 65,2.85,14430.0,2194.0,4,4,3,3.0,Relatively New,1,1,0,0,0,0,28
flat,smart world orchard,sector 61,2.3,14110.0,1475.0,3,3,2,2.0,Under Construction,1,0,0,0,0,0,79
house,ansals palam vihar,sector 2,5.7,14729.0,4550.0,5,5,2,2.0,Old Property,0,0,0,0,0,1,94
flat,godrej aria,sector 79,1.95,8519.0,1659.0,3,4,3+,10.0,New Property,0,1,0,0,0,0,32
flat,dlf the skycourt,sector 86,1.59,8243.0,1700.0,3,3,3,17.0,Relatively New,0,0,0,0,1,2,165
flat,signature global the millennia,sector 37d,0.55,9167.0,543.0,2,2,3,3.0,New Property,0,0,0,0,0,0,53
flat,ss the leaf,sector 85,1.09,6663.0,1475.0,2,2,3,5.0,Relatively New,0,0,0,0,0,0,49
flat,breez global heights,sohna road,0.39,4105.0,720.0,2,2,2,3.0,Relatively New,0,0,0,0,0,0,0
house,independent,sector 6,0.75,10519.0,713.0,2,4,1,3.0,Moderately Old,0,0,0,0,0,0,62
flat,m3m soulitude,sector 89,1.28,8828.0,1611.0,3,3,2,4.0,Under Construction,1,0,0,0,0,0,114
flat,emaar gurgaon greens,sector 102,1.4,8485.0,1493.0,3,3,3,4.0,Relatively New,0,1,0,0,0,2,83
house,independent,sector 4,0.58,9619.0,67.0,2,2,1,2.0,Moderately Old,0,0,0,0,0,0,7
flat,mahindra luminare,sector 59,5.8,19174.0,3361.0,3,4,3,16.0,New Property,0,1,0,0,0,2,49
house,independent,sector 4,0.65,11111.0,585.0,4,2,2,2.0,Moderately Old,0,0,0,0,0,0,0
flat,signature global synera,sector 81,0.49,6667.0,700.0,2,2,3,5.0,Relatively New,0,0,0,0,0,0,117
house,independent,sector 82,7.0,21605.0,3240.0,4,4,3+,1.0,Relatively New,0,0,0,0,0,2,49
flat,orchid petals,sector 49,4.79,11629.0,3724.0,5,5,3+,14.0,Relatively New,1,1,0,1,0,0,49
flat,krisumi waterfall residences,sector 36a,4.1,15501.0,2820.0,3,4,3,30.0,New Property,1,0,0,0,0,1,49
flat,emaar mgf emerald floors premier,sector 65,2.77,14025.0,2194.0,4,4,3+,3.0,Relatively New,1,1,0,0,0,1,174
flat,emaar mgf emerald floors premier,sector 65,2.65,16061.0,1833.0,3,3,3,5.0,Relatively New,1,1,0,0,0,0,37
flat,m3m woodshire,sector 107,1.4,5930.0,2137.0,3,4,0,1.0,New Property,0,0,0,0,0,0,67
flat,suncity platinum towers,sector 28,6.0,22346.0,2983.0,3,3,2,8.0,Moderately Old,0,1,0,0,0,0,31
flat,zara aavaas,sector 104,0.49,6577.0,695.0,3,2,2,7.0,Under Construction,0,0,0,0,0,0,74
house,satya the hermitage,sector 103,4.35,13501.0,3222.0,4,4,3+,2.0,Relatively New,0,0,0,0,0,0,138
house,independent,sohna road road,1.2,22305.0,535.0,1,4,3+,4.0,Old Property,0,0,0,0,0,0,8
flat,dlf the skycourt,sector 86,1.72,8917.0,1746.0,3,3,1,8.0,Relatively New,0,0,0,0,1,2,49
flat,bptp terra,sector 37d,1.45,8007.0,1711.0,3,3,3,8.0,Relatively New,0,0,0,0,0,0,149
flat,tulip violet,sector 69,1.7,8445.0,1819.0,4,4,2,7.0,Relatively New,0,0,0,0,0,0,128
flat,ss the coralwood,sector 84,1.05,6774.0,1610.0,3,3,3,6.0,Relatively New,0,0,0,0,1,0,129
flat,shree arihant apartment,sector 54,1.55,8611.0,1900.0,3,3,3,3.0,Moderately Old,0,1,0,0,0,2,109
flat,swarn jayanti cghs,sector 54,1.75,7609.0,1900.0,4,3,3+,3.0,Old Property,0,0,0,0,1,2,26
flat,capital residences 360,sector 70a,1.69,8553.0,1900.0,3,3,3+,8.0,New Property,0,1,0,0,0,0,165
flat,ireo victory valley,sector 67,4.5,14098.0,3160.0,4,4,3+,0.0,Relatively New,0,1,0,1,0,2,42
flat,godrej summit,sector 104,0.82,9856.0,86.0,2,2,3,12.0,Relatively New,1,0,0,0,0,0,120
house,ansals palam vihar,sector 2,5.0,12500.0,4000.0,6,4,0,3.0,Moderately Old,0,0,0,0,0,0,0
flat,godrej air,sector 85,1.05,10606.0,97.0,2,2,1,15.0,Under Construction,0,0,0,0,0,0,45
flat,emaar digihomes,sector 62,2.1,13926.0,1500.0,2,2,3,12.0,New Property,0,0,0,0,1,2,49
house,independent,sector 40,5.0,21124.0,2367.0,9,9,3+,3.0,Moderately Old,0,0,0,0,0,2,83
flat,ss,sector 85,1.98,8223.0,2300.0,3,4,3,6.0,Relatively New,0,0,0,0,0,0,42
flat,bsf chs,gwal pahari,0.95,5938.0,1778.0,3,3,3,13.0,Old Property,0,0,0,0,0,0,37
flat,ats kocoon,sector 109,1.7,9742.0,1550.0,3,3,3,21.0,Moderately Old,0,0,0,0,0,0,49
flat,la vida by tata housing,sector 113,2.48,14091.0,1980.0,3,3,3+,8.0,New Property,0,1,0,0,0,0,79
flat,experion the heartsong,sector 108,0.97,9238.0,1167.0,2,2,3,10.0,Relatively New,0,1,0,0,0,0,165
flat,m3m the marina,sector 68,1.45,9615.0,1365.0,3,2,3+,9.0,New Property,0,0,0,0,0,0,0
flat,parsvnath green ville,sector 48,1.86,7654.0,2199.0,3,3,3+,6.0,Moderately Old,0,1,0,0,0,2,94
flat,the nav manesar apartment,sector 1,0.85,3953.0,1946.0,3,3,3+,5.0,Moderately Old,0,1,0,0,0,0,5
flat,vatika gurgaon,sector 83,0.75,6024.0,1150.0,2,2,2,19.0,Relatively New,0,0,0,0,1,2,105
house,independent,sector 91,3.6,14815.0,2430.0,4,4,3,2.0,New Property,0,0,0,0,0,2,49
flat,shree vardhman flora,sector 90,0.92,4907.0,1493.0,3,4,3,4.0,Relatively New,0,1,0,0,0,0,116
flat,m3m golf hills,sector 79,1.45,10211.0,1578.0,2,2,3,15.0,Under Construction,0,0,0,0,0,0,67
flat,parsvnath exotica,sector 53,6.5,19174.0,3000.0,4,5,3+,10.0,Relatively New,1,1,0,1,0,2,174
flat,suncity vatsal valley,gwal pahari,1.28,9552.0,1489.0,3,3,3,1.0,Relatively New,0,0,0,0,0,2,49
flat,tarc maceo,sector 91,1.9,6975.0,2465.0,4,4,3,9.0,Relatively New,0,1,0,0,0,0,120
flat,signature global solera,sector 107,0.5,7692.0,494.0,2,2,1,11.0,Relatively New,0,0,0,0,0,0,55
house,bptp astaire gardens,sector 70a,1.04,7172.0,1611.0,3,3,3+,2.0,Relatively New,0,0,0,0,0,2,145
flat,emaar gurgaon greens,sector 102,1.42,8606.0,1315.0,3,3,3,7.0,Relatively New,0,1,0,0,0,0,128
house,independent,sector 43,5.75,23663.0,260.0,4,4,2,4.0,Under Construction,0,0,0,0,0,1,153
flat,parsvnath green ville,sector 48,1.75,7202.0,2200.0,3,3,3,7.0,Old Property,0,1,0,0,0,1,109
flat,dlf the arbour,sector 63,7.52,18999.0,3956.0,4,4,3,15.0,New Property,0,0,0,0,0,0,61
flat,experion windchants,sector 112,5.2,10726.0,3655.35,4,6,3+,15.0,Relatively New,0,1,0,1,0,2,174
flat,sare crescent parc,sector 92,0.8,6033.0,1473.0,3,2,2,3.0,Relatively New,0,0,0,0,0,0,15
flat,indiabulls enigma,sector 110,3.4,10000.0,3000.0,4,5,3,10.0,Relatively New,0,1,0,0,0,0,152
house,independent,sector 57,8.0,29630.0,300.0,5,4,3,2.0,Relatively New,0,0,0,0,0,0,21
flat,chd avenue,sector 71,1.3,5532.0,2127.0,4,4,3,5.0,Moderately Old,0,1,0,0,0,0,126
flat,smartworld one dxp,sector 113,2.0,11074.0,1806.0,3,3,3,12.0,New Property,0,0,0,0,0,0,70
house,independent,sector 12,1.2,14184.0,846.0,2,4,2,2.0,Relatively New,0,0,0,0,0,2,7
flat,tata primanti,sector 72,3.3,15385.0,2000.0,3,3,3+,10.0,Relatively New,0,1,0,0,0,2,165
flat,shree vardhman victoria,sector 70,1.23,9111.0,1222.0,2,2,3,1.0,Relatively New,1,0,0,0,0,0,43
flat,emaar gurgaon greens,sector 102,1.45,8788.0,1493.0,3,3,2,7.0,Relatively New,0,1,0,0,0,0,169
flat,conscient heritage max,sector 102,2.1,9772.0,1945.0,3,4,3+,10.0,Relatively New,1,1,0,0,0,0,53
flat,rof ananda,sector 95,0.55,8527.0,811.0,3,2,2,14.0,New Property,1,0,0,0,0,2,81
flat,adani aangan arcade,sector 89,0.5,7764.0,672.0,2,2,1,4.0,Relatively New,0,0,0,0,0,1,69
flat,greenopolis,sector 89,0.8,6168.0,1441.0,2,2,2,6.0,Under Construction,0,0,0,0,0,0,44
flat,the close north,sector 50,2.97,11401.0,2600.0,3,3,3+,8.0,Moderately Old,0,1,0,0,0,2,174
flat,dlf the primus,sector 82a,1.87,10395.0,1668.0,3,3,3,31.0,Moderately Old,0,0,0,1,0,0,38
flat,pyramid urban homes 2,sector 86,0.44,7321.0,668.0,2,2,2,6.0,Relatively New,0,0,0,0,0,2,63
house,unitech uniworld resorts,sector 33,8.5,17820.0,4770.0,5,5,3+,3.0,New Property,0,0,0,0,0,2,145
flat,tulip violet,sector 69,1.36,8619.0,1291.0,3,3,1,12.0,Relatively New,0,0,0,1,0,0,95
flat,corona optus,sector 37c,1.22,6912.0,1665.0,3,4,3,5.0,Relatively New,0,0,0,0,0,0,149
flat,orris aster court premier,sector 85,1.45,6840.0,1616.0,3,4,2,3.0,New Property,0,1,0,0,0,0,16
flat,godrej aria,sector 79,1.1,11482.0,81.0,2,2,3,9.0,New Property,0,0,0,0,0,0,62
house,independent,sector 105,0.55,10913.0,56.0,2,4,0,2.0,Moderately Old,0,0,0,0,0,0,0
flat,puri diplomatic greens,sector 111,3.5,11864.0,2700.0,4,5,3+,10.0,Relatively New,0,1,0,0,0,2,49
flat,ats tourmaline,sector 109,2.95,9365.0,2851.0,4,5,3+,10.0,Relatively New,0,1,0,0,0,0,101
house,eldeco mansionz,sector 48,6.4,23704.0,366.0,4,4,3,3.0,Moderately Old,0,0,0,0,0,2,151
flat,tarc maceo,sector 91,1.5,6466.0,1786.0,3,4,3+,3.0,Relatively New,1,1,0,0,0,0,112
flat,gls arawali homes,sohna road,0.3,5291.0,516.0,2,2,2,10.0,Relatively New,0,0,0,0,0,0,42
house,independent,sector 24,4.5,33333.0,160.0,2,8,3+,4.0,Relatively New,0,0,0,0,0,2,56
flat,godrej aria,sector 79,1.1,7774.0,1223.0,2,2,3+,4.0,New Property,0,0,0,0,0,2,49
flat,m3m woodshire,sector 107,1.35,5718.0,1950.0,3,4,3+,8.0,Relatively New,0,1,0,0,0,2,74
flat,emaar mgf emerald floors premier,sector 65,2.7,16364.0,1833.0,3,3,3,5.0,Relatively New,0,1,1,0,0,2,108
flat,ambience creacions,sector 22,2.0,14493.0,1533.0,2,2,2,9.0,Relatively New,0,0,0,0,0,0,49
flat,ats marigold,sector 89,1.5,8571.0,1944.0,3,3,3,2.0,New Property,0,0,0,0,1,0,49
flat,sare homes,sector 92,0.95,4251.0,1983.0,4,3,2,16.0,New Property,0,0,0,0,0,0,95
flat,park view apartment,sector 56,1.74,7565.0,2400.0,3,3,3+,2.0,Old Property,0,1,0,1,0,2,104
flat,smart world orchard,sector 61,2.0,12912.0,1721.0,3,3,2,3.0,New Property,0,0,0,0,1,0,61
flat,sare crescent parc,sector 92,0.92,4855.0,1895.0,4,5,3+,14.0,Moderately Old,0,0,0,0,0,2,131
flat,godrej aria,sector 79,1.45,9062.0,1494.0,2,2,3+,9.0,Relatively New,1,0,0,0,0,0,113
house,independent,sector 4,1.9,8444.0,211.0,4,3,2,2.0,Moderately Old,0,0,0,0,0,2,46
flat,sare petioles,sector 92,1.3,6373.0,2040.0,4,4,0,7.0,Relatively New,0,0,0,0,0,0,0
flat,emaar mgf emerald floors premier,sector 65,2.79,14127.0,2194.0,4,4,3+,2.0,Relatively New,1,1,0,0,0,1,174
flat,dlf regal gardens,sector 90,1.7,7222.0,2005.0,4,4,3+,15.0,Moderately Old,0,1,0,0,0,0,38
house,independent,sector 49,4.5,15625.0,2880.0,8,8,3,3.0,Moderately Old,0,0,0,0,0,1,151
house,arjun marg/ sector- 26 phase- 1/ golf course road,sector 26,31.5,35000.0,9000.0,7,9,3+,3.0,Moderately Old,0,0,0,0,0,1,74
flat,parsvnath exotica,sector 53,4.8,14679.0,2895.0,3,4,3+,12.0,New Property,0,0,0,0,0,0,69
flat,tulip violet,sector 69,1.4,8855.0,1428.0,3,3,2,9.0,Relatively New,0,0,0,1,0,0,120
flat,tulip violet,sector 69,1.2,8889.0,1222.0,2,3,1,0.0,Relatively New,0,0,0,0,0,0,150
flat,bptp terra,sector 37d,1.77,8079.0,2025.0,4,3,3,15.0,Relatively New,1,1,0,1,1,0,49
flat,dlf the ultima,sector 81,2.26,10762.0,1900.0,3,4,3+,17.0,New Property,0,1,0,0,0,1,174
flat,m3m sky lofts,sector 71,1.0,11494.0,869.0,1,1,1,9.0,Moderately Old,0,0,0,0,0,0,77
house,independent,sector 23,5.0,16244.0,3078.0,4,4,2,2.0,Old Property,0,0,0,0,0,0,7
flat,rof ananda,sector 95,0.31,5647.0,610.0,2,2,1,5.0,Relatively New,0,0,0,1,0,2,74
flat,bestech park view ananda,sector 81,1.1,6687.0,1319.0,3,2,3+,5.0,Relatively New,0,0,0,0,0,0,150
house,unitech uniworld resorts,sector 33,9.55,19293.0,4950.0,6,7,3+,2.0,Relatively New,0,0,0,0,0,2,126
flat,tulip violet,sector 69,1.55,9823.0,1428.0,3,3,2,0.0,Relatively New,0,0,0,1,0,2,129
flat,emaar imperial gardens,sector 102,1.98,9900.0,2222.0,3,3,3+,9.0,Relatively New,0,1,0,0,0,2,72
house,independent,sector 2,2.5,16057.0,1557.0,4,4,2,4.0,Old Property,0,0,0,0,0,0,17
flat,shree vardhman victoria,sector 70,1.8,9231.0,1527.0,3,4,3,2.0,New Property,0,1,0,0,1,0,45
flat,shree vardhman flora,sector 90,0.92,4718.0,2167.0,3,3,2,6.0,Relatively New,1,0,0,0,0,2,49
flat,emaar mgf palm hills,sector 77,1.09,5383.0,1833.0,3,4,3+,5.0,Relatively New,0,1,0,0,1,2,167
flat,mrg skyline,sector 106,1.82,13392.0,1359.0,3,2,2,4.0,Relatively New,0,0,0,0,0,0,0
flat,tulip violet,sector 69,1.66,10134.0,1482.0,3,3,2,0.0,Relatively New,0,0,0,0,0,0,157
house,house number b-34,sector 5,0.8,8889.0,900.0,2,2,1,1.0,Old Property,0,0,0,0,0,0,0
house,independent,sector 9,0.35,9722.0,360.0,2,2,1,2.0,Old Property,0,0,0,0,0,0,0
flat,puri diplomatic greens,sector 111,3.7,12542.0,2650.0,4,5,3+,12.0,Relatively New,0,1,0,0,0,2,158
house,independent,sector 28,1.39,11583.0,1450.0,2,2,1,3.0,Old Property,0,0,0,0,0,0,37
flat,eldeco accolade,sohna road,1.3,7424.0,1509.0,3,3,3+,10.0,Relatively New,0,0,0,0,0,0,49
flat,kanchanjanga tower,sector 56,1.45,7632.0,1719.0,3,3,3+,2.0,Moderately Old,0,0,0,0,0,2,126
flat,raheja vedaanta,sector 108,0.65,4762.0,1235.0,2,2,2,5.0,Relatively New,0,0,0,1,0,2,174
flat,tulsiani easy in homes,sohna road,0.4,6723.0,661.0,2,2,3,12.0,New Property,0,0,0,0,0,0,36
flat,imperia the esfera,sector 37c,0.86,5450.0,1442.0,2,3,3,9.0,Relatively New,1,0,0,0,1,0,49
flat,signature global the millennia,sector 37d,0.55,9167.0,610.0,2,2,3,3.0,New Property,0,0,0,0,0,0,71
house,independent,sector 26,23.0,25556.0,9000.0,4,4,3+,2.0,Relatively New,0,0,0,0,0,2,145
house,ansals florence villa,sector 57,6.0,22222.0,2700.0,4,5,2,2.0,Old Property,0,0,0,0,0,2,20
flat,dlf park place,sector 54,6.75,24963.0,2076.0,4,4,2,8.0,Moderately Old,0,1,0,0,0,1,135
house,godrej meridien,sector 106,5.6,14000.0,4000.0,5,4,3+,33.0,New Property,0,0,0,0,0,0,151
flat,adani m2k oyster grande,sector 102,1.9,14074.0,1605.0,3,4,3,21.0,Relatively New,0,1,0,0,0,0,60
flat,tulip violet,sector 69,1.7,8433.0,1819.0,4,4,2,10.0,New Property,0,0,0,0,0,0,125
flat,bestech spa signature,sector 81,4.4,12571.0,3700.0,4,4,3+,6.0,New Property,1,1,0,1,1,1,49
flat,ss the leaf,sector 85,1.18,10094.0,1420.0,2,3,3,12.0,Relatively New,0,0,0,1,0,2,150
house,not applicable,sector 4,0.65,13000.0,500.0,2,1,1,3.0,Moderately Old,0,0,0,0,0,0,7
flat,vatika boulevard residences and heights,sector 83,1.42,8000.0,1972.0,3,3,2,2.0,Relatively New,0,0,0,0,0,2,113
flat,godrej,sector 79,1.3,8270.0,1423.0,2,2,3,3.0,New Property,1,0,0,0,0,0,49
flat,godrej,sector 79,1.33,8531.0,1411.0,2,2,3,6.0,Relatively New,1,0,0,0,0,0,158
flat,shree vardhman victoria,sector 70,1.64,8410.0,1527.0,3,5,3,8.0,Relatively New,0,1,0,0,0,0,126
house,independent,sector 28,11.25,34722.0,3240.0,9,9,3+,2.0,Moderately Old,0,0,0,0,0,2,126
flat,tulip violet,sector 69,1.4,8838.0,1428.0,3,3,2,1.0,Relatively New,0,0,0,0,0,0,95
flat,unitech harmony,sector 50,2.6,9591.0,2700.0,3,4,2,15.0,Relatively New,0,1,0,0,1,2,174
flat,godrej,sector 79,1.91,8512.0,2031.0,3,4,3+,7.0,Relatively New,0,1,0,0,0,0,158
flat,sare crescent parc,sector 92,0.95,5013.0,1895.0,4,5,3+,13.0,Relatively New,0,0,0,0,0,0,0
house,rattan garden,sector 7,1.3,13499.0,963.0,2,3,2,3.0,Old Property,0,0,0,0,0,0,0
flat,bajrang apartments,sector 6,0.38,4471.0,944.0,2,2,2,1.0,Moderately Old,0,0,0,0,0,0,0
house,ansals palam vihar,sector 2,9.0,19231.0,4680.0,5,5,2,2.0,Old Property,0,0,0,0,0,1,110
flat,signature global synera,sector 81,0.39,6500.0,667.0,2,2,2,6.0,Relatively New,0,0,0,0,0,0,37
flat,central park resort belgravia residences,sector 48,6.25,24300.0,3200.0,3,5,3+,5.0,Moderately Old,0,1,0,0,0,2,49
flat,dlf new town heights,sector 90,1.2,6218.0,2144.0,3,3,3+,8.0,Moderately Old,0,1,0,1,0,0,59
flat,shree vardhman victoria,sector 70,1.07,7926.0,1222.0,2,2,3,8.0,Relatively New,1,0,0,0,0,0,108
flat,unitech fresco,sector 50,1.82,9913.0,1830.0,3,3,3+,14.0,Moderately Old,0,0,0,0,1,2,174
flat,emaar gurgaon greens,sector 102,1.4,13685.0,1315.0,3,3,3,7.0,Relatively New,0,1,0,0,0,0,67
house,vatika sovereign next,sector 82a,3.85,7500.0,5140.0,5,6,3+,6.0,Relatively New,0,0,0,0,0,0,53
house,independent,sector 23,5.5,21825.0,2520.0,8,8,2,3.0,Moderately Old,0,0,0,0,0,2,76
flat,alpha corp gurgaonone,sector 84,0.85,6693.0,1158.0,2,2,3,6.0,Relatively New,0,0,0,0,0,2,28
flat,godrej nature plus,sector 33,1.45,15659.0,118.0,3,2,3+,20.0,Under Construction,1,0,0,0,0,0,144
flat,piedmont taksila heights,sector 37c,0.9,5856.0,1537.0,3,3,3,9.0,Moderately Old,0,0,0,0,0,2,94
flat,allure homes,sector 12,0.72,7273.0,1100.0,2,2,1,2.0,Relatively New,0,0,0,0,1,2,16
flat,pareena coban residences,sector 99a,1.56,7812.0,1807.0,3,5,3,4.0,New Property,0,1,0,0,1,0,49
flat,signature global city 92,sector 92,0.78,8050.0,1083.0,2,2,2,2.0,New Property,0,0,0,0,0,2,47
house,ardee city,sector 52,5.5,20370.0,300.0,9,9,3+,3.0,Moderately Old,0,0,0,0,0,2,26
house,international city by sobha phase 1,sector 109,5.7,10556.0,5400.0,4,4,3+,4.0,Relatively New,0,0,0,0,0,0,98
flat,paras dews,sector 106,1.25,10656.0,1305.0,3,4,3,14.0,Relatively New,1,1,0,0,0,0,167
flat,ss the leaf,sector 85,1.15,10017.0,1380.0,2,2,3+,18.0,Relatively New,0,0,1,0,0,0,156
flat,sobha city,sector 108,2.6,15196.0,1548.0,3,3,2,11.0,New Property,0,0,0,0,0,0,49
flat,dlf regal gardens,sector 90,1.27,5498.0,1500.0,3,3,3+,2.0,Relatively New,0,0,0,0,1,0,72
flat,gls arawali homes,sohna road,0.27,4688.0,640.0,2,2,2,1.0,New Property,0,0,0,0,0,0,35
flat,pareena coban residences,sector 99a,1.4,7011.0,1807.0,3,5,3+,6.0,New Property,0,0,0,0,0,0,15
house,independent,sector 38,3.5,24306.0,178.0,3,3,2,1.0,Relatively New,0,0,0,0,0,0,0
flat,shree vardhman victoria,sector 70,1.55,7949.0,1527.0,3,5,3,8.0,Relatively New,0,1,0,0,0,0,174
flat,ats kocoon,sector 109,1.7,9742.0,1550.0,3,3,3,22.0,Relatively New,0,0,0,0,0,0,74
flat,mvn athens,sohna road,0.24,4211.0,516.0,2,2,1,12.0,Relatively New,0,0,0,0,0,0,38
house,spaze privy,sector 72,3.1,8486.0,3653.0,5,5,3+,21.0,Relatively New,0,0,0,0,0,0,0
flat,chd avenue,sector 71,0.98,6049.0,1466.0,3,3,3,0.0,Moderately Old,1,0,0,0,0,0,65
flat,gls arawali homes,sohna road,0.29,6029.0,534.0,2,2,2,9.0,Relatively New,0,0,0,0,0,0,55
flat,dlf the ultima,sector 81,2.2,10476.0,1900.0,3,4,3+,17.0,Relatively New,0,1,0,0,0,1,49
flat,ireo the grand arch,sector 58,3.8,17560.0,1700.0,3,4,1,19.0,Moderately Old,0,1,0,0,0,2,167
flat,shree vardhman flora,sector 90,0.85,4404.0,1679.0,3,4,3,3.0,Relatively New,0,1,1,0,0,0,110
flat,godrej nature plus,sector 33,1.2,14371.0,86.0,2,2,3,1.0,New Property,0,0,0,0,0,0,65
house,independent,sohna road,1.5,14245.0,1053.0,2,3,2,1.0,New Property,0,0,0,0,0,2,69
house,dlf city phase 1,sector 26,4.5,33333.0,1350.0,3,3,2,2.0,Moderately Old,0,0,0,0,0,0,70
house,independent,sector 43,5.5,28424.0,1935.0,1,1,0,1.0,Old Property,0,0,0,0,0,0,12
flat,experion windchants,sector 112,3.4,12134.0,2225.56,3,3,2,14.0,Relatively New,0,0,0,0,0,2,159
flat,sare homes,sector 92,0.58,4099.0,1281.0,3,3,3,3.0,New Property,0,0,0,0,0,0,54
flat,godrej oasis,sector 88a,1.3,7259.0,1990.0,3,3,3+,4.0,Relatively New,0,0,0,0,0,0,79
house,not applicable,sector 11,2.2,12222.0,1800.0,4,3,2,1.0,Old Property,0,0,0,0,0,0,24
house,vipul tatvam villa,sector 48,5.5,21219.0,2592.0,3,6,2,2.0,Moderately Old,0,0,0,0,0,2,106
house,independent,sector 110,1.0,8795.0,120.0,3,2,2,1.0,Old Property,0,0,0,0,0,0,0
flat,the close north,sector 50,2.35,11228.0,2000.0,3,3,3,8.0,Moderately Old,0,0,1,0,0,2,149
house,palam vihar extension west zone rwa,sector 2,0.35,6481.0,600.0,2,2,0,1.0,New Property,0,0,0,0,0,0,0
flat,pivotal riddhi siddhi,sector 99,0.5,8518.0,652.0,2,1,2,7.0,New Property,0,0,0,0,0,0,24
flat,emaar mgf emerald estate,sector 65,1.73,12401.0,1262.0,3,3,3,9.0,Relatively New,0,1,0,0,0,1,159
flat,sobha city,sector 108,2.9,14478.0,1813.0,3,4,2,11.0,Relatively New,0,0,0,0,0,0,108
flat,paras dews,sector 106,1.42,6030.0,2131.0,4,6,3+,11.0,Relatively New,0,1,0,0,0,0,143
flat,shree vardhman victoria,sector 70,1.8,9231.0,1765.0,3,3,3+,10.0,New Property,0,0,0,0,1,2,49
flat,shapoorji pallonji joyville gurugram,sector 102,0.97,10601.0,747.0,2,2,2,12.0,New Property,0,0,0,0,0,0,57
house,independent,sector 7,0.45,5000.0,1000.0,3,2,0,1.0,Old Property,0,0,0,0,0,0,0
house,independent,sector 25,7.6,38756.0,1935.0,2,9,3,4.0,Relatively New,0,0,0,0,0,2,84
flat,emaar palm premier,sector 77,2.1,10500.0,1600.0,3,4,3+,11.0,New Property,0,1,0,0,0,2,129
house,independent,sector 50,13.2,27155.0,4861.0,6,6,0,2.0,Moderately Old,0,0,0,0,0,0,0
house,suncity township,sector 54,2.0,3440.0,60.0,9,9,3,11.0,Relatively New,0,0,0,0,0,1,7
flat,pivotal devaan apartments,sector 84,0.39,6500.0,549.0,2,2,0,5.0,Relatively New,0,0,0,0,0,0,0
flat,dlf regal gardens,sector 90,1.8,7223.0,2005.0,4,4,3+,7.0,Moderately Old,0,0,0,0,0,0,38
house,independent,sector 2,5.6,17284.0,3240.0,8,6,3+,2.0,Moderately Old,0,0,0,0,0,0,0
flat,vatika emilia floors,sector 83,0.65,6190.0,950.0,2,2,2,1.0,Relatively New,0,0,0,0,0,2,174
house,independent,sector 2,5.0,15385.0,3611.0,6,6,2,1.0,Moderately Old,0,0,0,0,0,0,0
flat,the castle society,sector 56,2.0,8696.0,2081.0,4,4,2,4.0,Under Construction,0,0,0,0,0,0,0
flat,dlf new town heights,sector 90,1.15,5959.0,1747.0,3,3,3+,9.0,Relatively New,0,1,0,1,0,0,88
flat,emaar gurgaon greens,sector 102,1.4,8485.0,1413.0,3,3,3,9.0,Relatively New,0,1,0,0,0,0,49
flat,bestech park view sanskruti,sector 92,1.9,8172.0,1920.0,4,4,3+,10.0,Relatively New,1,1,0,1,1,0,49
house,independent,sector 12,0.7,6034.0,1160.0,3,3,0,1.0,Relatively New,0,0,0,0,0,0,23
house,ansal florence super,sector 57,3.75,23148.0,333.0,3,4,3,2.0,Moderately Old,0,0,0,0,0,2,38
flat,orchid petals,sector 49,2.51,12179.0,1865.0,3,3,3+,7.0,Old Property,1,0,0,0,0,2,72
flat,m3m heights,sector 65,1.9,14996.0,1141.0,2,2,3,4.0,Under Construction,0,0,0,0,0,0,54
house,international city by sobha phase 1,sector 109,5.5,21603.0,2430.0,4,4,3+,2.0,New Property,0,0,0,0,0,0,61
flat,tata gurgaon gateway,sector 113,1.75,10442.0,1430.0,2,2,2,10.0,Relatively New,1,0,0,0,0,0,104
flat,vatika city,sector 49,1.98,9074.0,1750.75,3,4,3,9.0,Moderately Old,0,1,0,0,0,2,101
flat,sidhartha ncr one phase,sector 95,0.55,4867.0,1256.0,2,2,2,14.0,New Property,1,0,0,0,0,0,90
flat,bptp pedestal,sector 70a,1.6,10159.0,1750.0,3,3,3,2.0,New Property,0,1,0,0,1,0,77
flat,bestech park view residency,sector 2,1.26,8051.0,1416.0,2,2,3,7.0,Moderately Old,1,0,0,0,0,0,84
flat,dlf new town heights,sector 86,1.25,6477.0,1747.0,3,4,3+,2.0,Relatively New,0,1,0,1,0,0,65
flat,m3m woodshire,sector 107,1.39,5887.0,2057.0,3,4,3+,6.0,Relatively New,0,1,0,1,0,2,174
house,independent,sector 105,0.37,8222.0,450.0,2,2,1,1.0,Moderately Old,0,0,0,0,0,0,0
flat,cancon enclave,sector 4,1.05,7778.0,1500.0,3,2,2,2.0,New Property,0,0,0,0,0,2,0
flat,paras dews,sector 106,1.28,7273.0,1186.0,3,4,3+,24.0,Relatively New,0,1,0,0,0,0,49
flat,vatika inxt floors,sector 82a,1.25,8333.0,1667.0,3,2,3,2.0,Relatively New,1,0,0,1,0,2,94
flat,zara aavaas,sector 104,0.2,6645.0,301.0,1,1,1,3.0,Relatively New,0,0,0,0,0,0,67
house,housing board colony,sector 28,5.5,30556.0,1800.0,4,3,3,2.0,Old Property,0,0,0,0,0,2,22
flat,m3m golf hills phase 1,sector 79,1.7,10828.0,1570.0,3,2,3,10.0,Relatively New,0,0,0,0,0,0,0
flat,umang monsoon breeze,sector 78,1.05,5666.0,1853.0,3,3,3,6.0,Moderately Old,0,0,0,0,0,0,0
flat,ansals highland park,dwarka expressway,1.2,6186.0,1940.0,3,3,3+,4.0,Under Construction,0,1,0,0,0,0,0
flat,vatika gurgaon,sector 83,1.25,7812.0,1970.0,4,4,3,12.0,Moderately Old,0,1,0,0,0,0,103
house,independent,sector 9,0.6,10753.0,558.0,3,3,1,2.0,Relatively New,0,0,0,0,0,0,0
flat,m3m golfestate,sector 65,5.3,24212.0,2506.0,3,3,3,38.0,Moderately Old,0,1,0,0,0,1,49
flat,parsvnath green ville,sector 48,1.5,8787.0,1600.0,3,3,3,1.0,Old Property,0,0,0,0,0,2,128
flat,pyramid urban homes 2,sector 86,0.5,9615.0,578.0,2,2,1,10.0,Relatively New,0,0,0,0,0,0,15
flat,jammu and kashmir bank employees cghs,sector 9a,0.95,6129.0,1403.0,3,3,2,5.0,Moderately Old,0,0,0,0,1,0,30
flat,bestech park view city,sector 48,4.25,9335.0,4120.0,4,5,3+,14.0,Moderately Old,1,0,0,0,0,2,81
flat,dlf regal gardens,sector 90,1.26,7403.0,1603.0,3,3,3,6.0,Relatively New,0,0,0,0,1,2,28
flat,gls arawali homes,sohna road,0.3,5291.0,567.0,2,2,0,10.0,Relatively New,0,0,0,0,0,0,0
house,independent,sector 4,0.47,10609.0,50.0,2,2,1,2.0,New Property,0,0,0,0,0,2,73
flat,assotech blith,sector 99,0.82,6007.0,1365.0,2,2,3,0.0,New Property,0,0,0,0,0,0,51
flat,bestech park view grand spa,sector 81,2.22,8346.0,2407.0,3,4,3+,15.0,Relatively New,0,1,0,0,0,2,174
flat,signature global city 92,sector 92,0.78,11143.0,846.0,2,2,3,2.0,Under Construction,0,0,0,0,1,0,24
flat,ild greens,sector 37c,0.9,5614.0,1500.0,3,3,3,0.0,Under Construction,0,0,0,0,0,0,66
house,dlf city plot phase 4,sector 28,13.0,17931.0,8056.0,10,10,3+,1.0,Relatively New,0,0,0,0,0,0,0
house,vatika india next,sector 82,6.5,20062.0,360.0,4,3,0,2.0,Relatively New,0,0,0,0,0,0,0
flat,sare crescent parc,sector 92,1.44,7069.0,2267.0,4,4,3,8.0,Relatively New,0,0,0,0,0,0,37
flat,ats triumph,sector 104,1.95,8515.0,2544.0,3,3,3+,3.0,New Property,0,1,0,0,0,0,69
flat,tata primanti,sector 72,3.9,13425.0,2509.0,4,4,3+,39.0,Relatively New,0,1,0,0,1,0,49
flat,breez global hill view,sohna road,0.35,6318.0,616.0,2,2,2,14.0,New Property,0,0,0,0,0,0,53
house,huda,sector 38,3.5,24005.0,161.0,3,2,3,2.0,Moderately Old,0,0,0,0,0,2,85
flat,orris carnation residency,sector 85,0.9,6429.0,1402.0,3,3,2,12.0,Relatively New,0,0,0,0,0,0,120
flat,gls arawali homes,sohna road,0.26,4514.0,640.0,2,2,2,5.0,New Property,0,0,0,0,0,0,78
flat,emaar imperial gardens,sector 102,1.7,8395.0,1750.0,3,4,3+,8.0,Relatively New,0,1,0,1,0,2,174
flat,ireo victory valley,sector 67,4.55,14537.0,2833.0,4,4,3+,19.0,Relatively New,0,1,0,0,0,2,156
flat,indiabulls centrum park,sector 103,1.33,8581.0,1671.0,3,3,3+,8.0,Relatively New,1,0,0,0,0,0,150
flat,shri banke bihari society,sector 56,1.37,9133.0,1450.0,3,3,3+,2.0,Old Property,0,0,0,0,1,0,174
flat,dlf regal gardens,sector 90,1.19,5504.0,1562.0,3,3,2,11.0,Relatively New,0,0,0,0,1,0,88
flat,emaar mgf the palm drive,sector 66,3.4,15455.0,1991.0,3,4,3,9.0,Relatively New,0,1,1,0,0,2,96
house,independent,sector 43,27.5,24366.0,11286.0,6,7,3+,3.0,Relatively New,0,0,0,0,0,2,42
flat,gls avenue 51,sector 92,0.45,6000.0,833.0,3,3,1,10.0,Relatively New,0,0,0,0,0,0,0
flat,eldeco accolade,sohna road,0.78,6171.0,1144.0,2,2,2,3.0,Relatively New,0,0,0,0,0,0,72
flat,apex our homes,sector 37c,0.38,4108.0,925.0,2,2,1,9.0,Relatively New,0,0,0,0,0,0,65
flat,signature global park,sohna road,0.95,7851.0,1210.0,3,2,3+,3.0,New Property,0,0,0,0,0,0,85
flat,breez global hill view,sohna road,0.42,7179.0,650.0,2,2,1,18.0,Relatively New,0,0,0,0,0,0,44
flat,ss the coralwood,sector 84,1.1,5820.0,1710.0,3,3,3+,12.0,Moderately Old,0,0,0,0,0,2,104
flat,ss the leaf,sector 85,2.2,6934.0,2545.0,4,5,3+,4.0,Relatively New,0,0,0,0,0,0,106
house,independent,sector 9,0.5,6083.0,822.0,3,2,1,1.0,Old Property,0,0,0,0,0,0,0
flat,shapoorji pallonji joyville,sector 102,1.1,12022.0,915.0,2,2,1,7.0,Relatively New,0,0,0,0,0,0,0
flat,vatika gurgaon,sector 83,1.19,7438.0,1778.0,3,3,2,10.0,Relatively New,0,1,0,0,0,2,35
flat,gls arawali homes,sohna road,0.35,6076.0,521.0,2,2,2,12.0,New Property,0,0,0,0,0,0,42
flat,mapsko mount ville,sector 79,1.5,8264.0,1416.0,3,4,3+,11.0,Relatively New,0,1,0,0,0,2,144
flat,ats triumph,sector 104,1.75,7642.0,2072.0,3,4,3+,11.0,Relatively New,0,1,0,0,0,0,110
flat,tulip violet,sector 69,1.75,8883.0,1783.0,4,4,1,12.0,Relatively New,0,0,0,0,0,0,86
flat,jmd gardens,sector 33,3.25,7509.0,4809.0,4,4,3+,17.0,Old Property,0,1,0,0,0,2,130
flat,emaar mgf the palm drive,sector 66,2.85,14615.0,1920.0,3,3,3,11.0,Relatively New,1,0,0,0,0,2,67
flat,"godrej 101, sector 79",sector 79,1.25,9038.0,1383.0,2,2,3,1.0,Relatively New,0,0,0,0,0,0,0
flat,mapsko casa bella,sector 82,1.25,6378.0,1774.0,3,4,3+,8.0,Under Construction,0,0,0,0,0,0,54
flat,dlf new town heights,sector 90,1.25,6477.0,1929.0,3,3,3+,6.0,Relatively New,0,1,0,1,0,0,136
flat,ireo the corridors,sector 67a,1.5,11111.0,1500.0,2,2,2,10.0,Relatively New,0,0,1,0,0,2,38
flat,pioneer araya,sector 62,9.2,19944.0,3867.0,4,6,3,5.0,Relatively New,0,1,0,1,0,2,156
flat,m3m woodshire,sector 107,1.7,6142.0,2505.0,4,5,3+,9.0,Relatively New,0,1,0,0,0,0,79
flat,bestech altura,sector 79,1.72,8000.0,1695.0,3,4,3+,5.0,Relatively New,0,1,0,0,0,0,174
house,independent,sector 4,1.1,6111.0,1800.0,4,4,3+,2.0,Old Property,0,0,0,0,0,0,7
flat,sare crescent parc royal greens phase 1,sector 92,0.75,4325.0,1734.0,4,4,3+,3.0,Relatively New,0,0,0,0,0,0,93
house,independent,sector 4,4.12,8889.0,4635.0,2,1,3+,2.0,Moderately Old,0,0,0,0,0,0,0
house,sector 57 huda,sector 57,3.8,26063.0,162.0,2,8,3+,4.0,Relatively New,0,0,0,0,0,2,94
house,dlf city plots phase 2,sector 25,15.5,34307.0,4518.0,5,6,3+,3.0,Moderately Old,0,0,0,0,0,0,144
flat,central park resorts,sector 48,15.0,22388.0,7444.0,5,6,3+,17.0,Relatively New,1,1,0,1,0,1,45
house,satya the legend,sector 57,9.25,16577.0,630.0,5,5,3+,4.0,Relatively New,0,0,0,0,0,2,160
flat,bestech park view residency,sector 2,0.56,8629.0,723.0,1,1,2,6.0,Moderately Old,0,0,0,0,0,0,77
house,independent,sector 56,2.99,20635.0,1449.0,4,4,2,2.0,Moderately Old,0,0,0,0,0,2,49
flat,puri diplomatic greens,sector 111,3.65,12373.0,2670.0,4,5,3+,17.0,Moderately Old,0,1,0,0,0,0,132
house,independent,sector 15,1.07,11889.0,900.0,2,2,1,1.0,Old Property,0,0,0,0,0,0,7
flat,tulip violet,sector 69,1.8,8955.0,1819.0,4,4,2,9.0,Relatively New,0,0,0,1,0,2,165
flat,experion windchants,sector 112,5.31,11205.0,3573.33,4,6,3+,15.0,Relatively New,0,1,0,1,0,0,72
house,dlf city plots phase 2,sector 25,4.25,31481.0,1350.0,3,2,3,2.0,Old Property,0,0,0,0,0,0,35
flat,dlf city plots phase 3,sector 24,6.5,18571.0,3889.0,4,5,3+,3.0,New Property,0,1,0,0,0,1,42
house,unitech nirvana birch court,sector 50,11.95,36883.0,3240.0,3,3,2,1.0,Moderately Old,0,0,0,0,0,0,101
flat,la vida by tata housing,sector 113,1.55,11654.0,1276.0,2,2,3,2.0,New Property,0,0,0,0,0,0,174
flat,bestech park view residency,sector 2,0.98,6960.0,1281.0,2,2,3,0.0,Moderately Old,0,0,0,0,0,0,85
flat,vipul lavanya,sector 81,1.0,8000.0,1131.0,2,2,2,7.0,Relatively New,0,0,0,0,0,0,31
flat,hsiidc sidco aravali,manesar,0.81,3129.0,1900.0,3,3,3+,2.0,Moderately Old,0,1,0,0,0,0,74
house,independent,sector 17a,1.52,19869.0,105.0,2,2,1,1.0,Old Property,0,0,0,0,0,0,22
house,independent,sector 26,15.0,33201.0,4518.0,5,6,3+,3.0,Moderately Old,0,0,0,0,0,2,78
house,suncity township,sector 54,25.0,31110.0,1000.0,4,4,3+,2.0,Moderately Old,0,0,0,0,0,0,0
flat,ace palm floors,sector 89,0.97,7861.0,1371.0,2,2,2,1.0,New Property,1,0,0,0,0,0,28
flat,dlf new town heights,sector 90,1.95,7151.0,2456.0,4,4,3+,24.0,Relatively New,0,1,1,0,0,0,174
flat,emaar mgf palm hills,sector 77,1.5,12744.0,1310.0,3,3,3,4.0,Relatively New,0,0,0,0,0,2,97
flat,mapsko mount ville,sector 79,1.3,8025.0,1215.0,3,3,2,6.0,Relatively New,1,0,0,1,0,0,151
flat,godrej habitat,sector 3,1.25,8657.0,1161.0,2,2,3,14.0,Under Construction,0,0,0,0,0,0,36
house,independent,sector 7,2.0,11111.0,1800.0,2,2,1,2.0,Relatively New,0,0,0,0,0,0,0
flat,dlf regency park,sector 28,2.35,13225.0,1608.0,3,3,2,18.0,Old Property,0,1,0,0,0,0,120
flat,ss the coralwood,sector 84,1.1,4857.0,1584.0,3,3,2,9.0,Relatively New,0,0,0,0,0,0,75
flat,ss the leaf,sector 85,2.2,5641.0,3920.0,4,6,3,10.0,Relatively New,0,1,0,0,0,0,174
flat,tulip violet,sector 69,1.19,8815.0,1500.0,2,3,1,0.0,Relatively New,1,0,0,0,0,0,174
flat,elevate,sector 50,6.75,19882.0,3395.0,4,4,0,10.0,Moderately Old,0,0,0,0,0,0,0
flat,ss the leaf,sector 85,1.85,6579.0,2545.0,4,5,3+,1.0,Relatively New,0,0,0,0,0,0,95
flat,ats tourmaline,sector 109,1.4,8000.0,1466.0,3,3,3+,8.0,Relatively New,0,0,1,0,0,0,119
house,independent,sector 56,3.25,21495.0,1512.0,5,6,3+,4.0,Relatively New,0,0,0,0,0,2,27
flat,satya the hermitage,sector 103,0.99,6653.0,1731.0,3,4,3+,2.0,Relatively New,0,1,0,1,0,0,174
flat,godrej oasis,sector 88a,0.95,7269.0,1452.0,2,2,2,6.0,Relatively New,0,0,0,0,0,0,79
flat,emaar mgf emerald floors premier,sector 65,2.35,14242.0,1650.0,3,3,3,2.0,Relatively New,1,1,0,0,0,0,158
flat,sare homes,sector 92,0.85,4786.0,1607.0,4,4,3,3.0,Moderately Old,0,0,0,0,0,0,0
flat,tata primanti,sector 72,6.75,19286.0,4000.0,4,4,3+,0.0,New Property,0,1,0,0,0,2,174
flat,surendra avenue 69,sector 69,0.75,6818.0,1100.0,2,2,2,4.0,Moderately Old,0,0,0,0,0,0,0
flat,rof ananda,sector 95,0.46,6319.0,809.0,2,2,2,11.0,New Property,1,0,0,0,0,0,82
flat,sare crescent parc royal greens phase 1,sector 92,0.5,5000.0,1000.0,2,2,3,2.0,Relatively New,0,0,0,0,0,0,0
flat,dlf regal gardens,sector 90,1.76,7946.0,2020.0,4,4,3+,8.0,Relatively New,0,0,0,0,0,2,135
flat,adani brahma samsara vilasa,sector 63,3.35,16470.0,1841.0,3,3,3+,3.0,New Property,0,0,0,0,0,2,16
house,aindependentt raj estates,sector 63a,8.5,27139.0,3132.0,6,6,3+,3.0,Under Construction,0,0,0,0,0,0,29
flat,m3m woodshire,sector 107,1.4,5930.0,2137.0,3,4,3+,6.0,Relatively New,0,1,0,0,0,0,117
house,independent,sector 25,8.0,8000.0,11111.0,3,9,2,3.0,New Property,0,0,0,0,0,0,0
flat,puri emerald bay,sector 104,2.65,15006.0,2090.0,3,4,3,15.0,Relatively New,0,1,0,0,0,2,174
house,experion windchants,sector 112,9.5,23457.0,7450.0,5,5,3,2.0,Relatively New,0,0,0,0,0,0,45
flat,m3m skywalk,sector 74,2.2,10902.0,1826.0,3,3,3,12.0,New Property,1,0,0,0,0,2,15
flat,hcbs sports ville,sector 2,0.35,4375.0,800.0,2,2,2,8.0,Relatively New,0,0,0,0,0,0,37
flat,m3m golfestate,sector 65,5.2,17456.0,2696.0,3,3,3,18.0,Relatively New,1,1,0,0,0,2,76
flat,supertech hues,sector 68,0.93,8611.0,1200.0,2,2,2,11.0,New Property,0,0,0,0,0,0,0
flat,paras dews,sector 106,1.05,8537.0,1345.0,3,4,3+,10.0,Relatively New,0,1,0,0,0,0,174
flat,sare crescent parc,sector 92,0.8,4211.0,1719.0,4,3,2,10.0,Relatively New,0,0,0,0,1,0,37
flat,raheja revanta,sector 78,4.75,16886.0,2813.0,3,3,2,31.0,Under Construction,0,1,0,0,0,0,100
flat,birla navya,sector 63a,2.2,17488.0,997.0,2,3,3+,4.0,Under Construction,0,0,0,0,0,0,60
house,ansal celebrity homes,sector 2,5.2,10000.0,5200.0,4,5,2,1.0,Moderately Old,0,0,0,0,0,0,0
flat,imperia the esfera,sector 37c,0.9,6272.0,1435.0,3,3,3,9.0,Relatively New,0,0,0,0,0,0,66
flat,smart world orchard,sector 61,2.2,13497.0,1811.0,3,3,2,3.0,Under Construction,0,0,0,0,0,0,16
flat,tulip white,sector 69,0.9,6000.0,1326.0,3,2,3+,1.0,Relatively New,0,0,0,0,0,2,149
flat,adani aangan galleria,sector 89,0.42,4941.0,769.0,2,2,2,3.0,Relatively New,0,0,0,0,0,0,0
flat,smart world orchard,sector 61,2.24,14461.0,1402.0,3,3,2,3.0,New Property,0,0,0,0,1,0,61
flat,shree vardhman victoria,sector 70,1.6,8205.0,2167.0,3,5,3,6.0,Relatively New,0,1,0,0,0,0,174
flat,sare homes,sector 92,1.18,5207.0,2518.0,4,4,3,8.0,Relatively New,0,1,0,0,0,0,108
flat,puri diplomatic greens,sector 111,3.45,11695.0,2670.0,4,5,3+,9.0,Relatively New,0,1,0,0,0,0,68
flat,trisara our homes 3,sohna road,0.4,4479.0,900.0,2,2,2,1.0,Relatively New,0,0,0,0,0,0,0
flat,chintels paradiso,sector 109,2.0,7605.0,2380.0,4,4,2,11.0,Relatively New,0,1,0,1,0,0,64
flat,imperia the esfera,sector 37c,0.87,5513.0,1300.0,2,3,3+,5.0,Relatively New,1,0,0,0,0,0,109
flat,mapsko casa bella,sector 82,1.3,6379.0,1774.0,4,4,3+,1.0,Relatively New,0,1,0,0,0,0,130
flat,central park flower valley cerise floors,sector 33,1.3,10744.0,1095.0,2,2,2,3.0,New Property,1,0,0,0,0,0,22
flat,suposhaa smartworld orchard,sector 61,2.17,14000.0,1721.0,3,3,3,1.0,Under Construction,0,0,0,0,0,0,0
flat,mapsko royale ville,sector 82,0.97,5419.0,1620.0,3,4,2,16.0,Relatively New,0,1,0,0,0,0,95
house,puri diplomatic greens,sector 111,9.0,11250.0,8000.0,5,5,3+,3.0,Relatively New,0,0,0,0,0,0,112
flat,spaze privy,sector 72,3.1,6693.0,3374.0,4,5,3+,8.0,Moderately Old,1,1,1,1,0,0,136
flat,unitech fresco,sector 50,1.88,10479.0,1790.0,3,3,3+,14.0,Moderately Old,0,0,0,0,1,2,174
flat,orchid petals,sector 49,2.55,12319.0,2060.0,3,4,3,8.0,Relatively New,1,0,0,0,0,2,49
flat,tulip violet,sector 69,1.76,8756.0,1819.0,4,4,2,6.0,Relatively New,0,0,0,0,0,0,108
flat,paras dews,sector 106,0.88,6354.0,940.0,2,2,3+,1.0,Relatively New,0,0,0,0,0,0,49
flat,ansal api esencia,sector 67,1.2,7407.0,200.0,3,3,2,1.0,Relatively New,0,0,0,0,0,0,49
flat,ss the leaf,sector 85,1.12,6452.0,1485.0,2,2,3,10.0,Relatively New,0,0,0,0,1,0,49
house,independent,sector 4,0.61,11111.0,61.0,2,2,2,2.0,Moderately Old,0,0,0,0,0,0,14
flat,m3m antalya hills,sector 79,1.15,7497.0,1200.0,3,3,3+,1.0,Under Construction,1,0,0,0,0,0,51
flat,chd avenue,sector 71,0.79,6594.0,1084.0,2,2,2,8.0,Relatively New,0,0,0,0,1,0,0
flat,la vida by tata housing,sector 113,1.85,11716.0,1429.0,3,2,2,7.0,New Property,0,0,0,0,0,0,13
flat,dlf new town heights,sector 91,1.75,7403.0,2139.0,4,4,3+,9.0,Relatively New,0,1,0,1,0,0,88
flat,shapoorji pallonji joyville gurugram,sector 102,2.0,10799.0,1676.0,3,3,3,9.0,Relatively New,0,0,0,0,0,0,49
flat,umang monsoon breeze,sector 78,0.9,4615.0,1900.0,3,3,2,1.0,Moderately Old,0,1,0,1,0,0,65
flat,signature global city,sector 37d,1.1,8494.0,1439.0,3,3,2,2.0,Under Construction,0,0,0,0,0,0,36
house,sneh vihar,sohna road road,1.35,10000.0,1350.0,5,5,3+,4.0,Relatively New,0,0,0,0,0,0,0
flat,godrej frontier,sector 80,1.6,6999.0,2047.0,3,3,3,5.0,Moderately Old,0,1,0,0,0,0,53
flat,emaar palm gardens,sector 83,1.48,7789.0,1549.0,3,3,3,7.0,Relatively New,0,1,0,0,0,0,66
flat,gls arawali homes,sohna road,0.27,4600.0,521.0,2,2,2,5.0,New Property,0,0,0,0,0,0,42
flat,vatika the seven lamps,sector 82,0.85,5977.0,1294.0,2,2,2,9.0,Relatively New,1,0,0,0,0,0,117
flat,smartworld 1dxp,sector 113,2.75,10589.0,2886.0,4,4,3+,20.0,Under Construction,1,1,0,1,0,1,57
flat,breez global hill view,sohna road,0.32,5470.0,1000.0,2,2,1,17.0,New Property,0,0,0,0,0,0,49
flat,central park resorts,sector 48,5.15,20901.0,2364.0,3,3,3+,8.0,Moderately Old,0,1,0,0,0,1,53
flat,shree vardhman flora,sector 90,0.7,4614.0,1224.0,2,2,3,9.0,New Property,1,0,0,0,1,0,51
house,independent,sohna road road,0.95,8920.0,1065.0,3,10,3+,3.0,New Property,0,0,0,0,0,0,0
house,grover homes sec 4,sector 4,4.75,9374.0,5067.0,5,5,1,1.0,Old Property,0,0,0,0,0,2,35
flat,signature global park 4,sector 36,0.72,6660.0,978.0,3,2,3,3.0,Under Construction,0,0,0,0,0,0,0
house,independent,sector 9,3.2,13519.0,2367.0,3,3,2,1.0,Old Property,0,0,0,0,0,2,36
house,emaar mgf marbella,sector 66,19.0,31667.0,6667.0,5,6,3+,3.0,Relatively New,0,0,0,0,0,2,110
flat,godrej summit,sector 104,1.35,5000.0,3000.0,4,5,3+,0.0,Relatively New,1,1,1,1,0,0,112
flat,supertech araville,sector 79,0.95,6209.0,1385.0,2,2,3,7.0,New Property,1,0,0,0,0,0,49
flat,chintels paradiso,sector 109,1.8,8867.0,1910.0,3,3,2,0.0,Moderately Old,0,1,0,0,0,0,83
flat,signature the roselia,sector 95,0.41,6193.0,670.0,2,2,2,12.0,New Property,1,0,0,0,0,2,90
flat,sobha city,sector 108,2.6,15196.0,1548.0,3,3,2,8.0,Relatively New,0,0,0,0,0,0,99
flat,smart world orchard,sector 61,1.7,15179.0,1244.0,2,2,2,4.0,Under Construction,1,0,0,0,0,0,127
flat,radhakrishna society,sector 23,0.55,5000.0,995.0,2,2,1,1.0,Moderately Old,0,0,0,0,0,2,29
flat,ireo the grand arch,sector 58,2.2,16000.0,1528.0,2,2,1,5.0,Relatively New,0,0,0,1,0,2,49
flat,shree vardhman victoria,sector 70,1.1,8462.0,1444.0,2,2,2,8.0,Relatively New,0,0,0,0,0,0,101
flat,bestech park view city,sector 48,1.76,9910.0,1576.0,3,3,3+,9.0,Moderately Old,0,1,0,1,0,2,158
flat,dlf the skycourt,sector 86,1.55,8031.0,1900.0,3,3,3,5.0,Relatively New,0,0,0,0,0,0,49
flat,conscient heritage max,sector 102,1.78,9218.0,1748.0,3,4,3+,5.0,Moderately Old,0,1,0,0,0,0,125
flat,satya the hermitage,sector 103,0.93,6405.0,1613.0,2,3,3,3.0,Relatively New,0,1,0,0,0,2,90
flat,the close north,sector 50,2.35,11768.0,1950.0,3,3,3+,8.0,Moderately Old,0,0,0,0,0,2,165
house,independent,sector 14,5.5,16975.0,355.0,5,4,2,2.0,Old Property,0,0,0,0,0,0,27
flat,dlf 76,sector 76,4.0,11429.0,3889.0,4,4,2,4.0,Under Construction,1,1,0,0,0,2,101
house,independent,sector 43,9.85,29642.0,418.0,5,5,2,3.0,Old Property,0,0,0,0,0,0,21
flat,la vida by tata housing,sector 113,3.05,15561.0,2150.0,3,4,3,3.0,Relatively New,0,1,0,0,0,0,174
flat,paras dews,sector 106,1.2,11605.0,1145.0,3,3,3,12.0,Relatively New,1,0,0,0,0,0,158
house,nul,sector 25,9.5,33404.0,2844.0,9,9,3+,3.0,Old Property,0,0,0,0,0,0,81
flat,shree vardhman flora,sector 90,0.65,6792.0,1050.0,2,2,3,9.0,Relatively New,1,0,0,0,0,0,67
flat,vatika the seven lamps,sector 82,1.37,8754.0,2000.0,3,3,3,11.0,Relatively New,1,1,0,1,0,2,145
flat,tulip lemon,sector 69,0.6,10000.0,667.0,2,1,1,12.0,Relatively New,0,0,0,0,0,0,23
flat,experion windchants,sector 112,6.5,10417.0,4800.0,4,5,3,11.0,Relatively New,0,0,0,0,0,0,55
house,international city by sobha phase 2,sector 109,7.0,11240.0,6228.0,5,5,3+,2.0,Relatively New,0,0,0,0,0,0,129
flat,ireo the corridors,sector 67a,1.6,9265.0,1346.0,3,3,2,3.0,New Property,0,0,1,0,0,2,142
flat,ats triumph,sector 104,1.75,7642.0,2036.0,3,4,3+,12.0,Relatively New,1,1,0,1,1,2,21
flat,umang winter hills,sector 77,1.1,5296.0,1829.0,3,4,3+,9.0,Relatively New,0,1,0,0,0,0,49
flat,experion the heartsong,sector 108,0.98,13351.0,978.23,2,3,3,4.0,Relatively New,1,0,0,0,0,0,135
house,emaar mgf marbella,sector 66,12.0,37037.0,3240.0,5,5,3+,3.0,New Property,0,0,0,0,0,2,106
flat,supertech araville,sector 79,0.83,5425.0,1700.0,2,2,3,5.0,New Property,1,0,0,0,0,1,49
flat,puri diplomatic greens,sector 111,3.45,11695.0,2670.0,4,5,3+,10.0,Relatively New,0,1,0,0,0,0,101
flat,raheja vedaanta,sector 108,0.7,4651.0,1362.0,2,2,2,12.0,Moderately Old,0,0,0,0,0,0,72
flat,ss the leaf,sector 85,1.91,5026.0,3890.0,4,6,3,6.0,Relatively New,0,1,0,0,0,0,174
house,independent,sector 37d,1.16,7537.0,1535.0,1,1,0,1.0,Relatively New,0,0,0,0,0,0,0
house,indiabulls centrum park,sector 103,3.25,8125.0,4000.0,4,3,3+,20.0,Under Construction,0,0,0,0,0,0,51
flat,conscient heritage max,sector 102,1.7,11333.0,1700.0,3,4,3+,8.0,Relatively New,0,1,0,1,0,2,174
flat,bhawna cghs,sector 43,3.25,10156.0,3115.0,4,4,3+,12.0,Moderately Old,0,0,0,1,0,2,119
flat,dlf regency park,sector 28,2.3,11819.0,1777.0,3,3,3,7.0,Moderately Old,0,1,0,0,0,0,117
house,independent,sector 12,1.35,12217.0,2052.0,2,5,1,3.0,Old Property,0,0,0,0,0,0,31
flat,ss the leaf,sector 85,1.04,8320.0,1550.0,2,2,3,17.0,New Property,0,0,0,0,1,0,145
flat,ramprastha the edge towers,sector 37d,0.8,8889.0,1310.0,2,2,3,10.0,Relatively New,0,0,0,0,1,0,166
flat,signature global park,sohna road,0.67,5537.0,1095.0,2,2,3,4.0,Relatively New,0,0,0,1,0,0,127
flat,tulip violet,sector 69,1.43,8888.0,1305.0,3,3,2,1.0,Relatively New,0,0,0,1,0,0,86
flat,m3m sierra 68,sector 68,1.08,8675.0,1130.0,2,2,3,1.0,Relatively New,0,0,0,0,0,2,149
house,independent,sector 26,16.0,35556.0,4500.0,5,6,3,2.0,Old Property,0,0,0,0,0,0,0
flat,m3m the marina,sector 68,1.02,8095.0,1250.0,2,2,2,11.0,Relatively New,0,0,0,0,1,2,49
house,independent,sector 25,4.31,31926.0,1350.0,5,4,3,3.0,Old Property,0,0,0,0,0,0,40
flat,pivotal devaan,sector 84,0.41,7033.0,565.0,2,2,2,10.0,New Property,0,0,0,0,0,2,23
flat,zara aavaas,sector 104,0.22,7309.0,335.0,1,2,2,2.0,New Property,0,0,0,0,0,0,60
flat,dlf new town heights,sector 91,1.65,6346.0,2139.0,4,4,3+,11.0,Moderately Old,0,1,0,0,0,0,72
house,international city by sobha phase 2,sector 109,8.48,23556.0,3600.0,4,6,3+,3.0,New Property,0,0,0,0,0,0,153
flat,microtek greenburg,sector 86,1.93,8446.0,2068.0,3,4,3,12.0,Relatively New,0,1,0,0,0,0,72
flat,shapoorji pallonji joyville gurugram,sector 102,2.12,16960.0,1852.0,3,3,3,9.0,Relatively New,0,0,0,0,0,0,72
flat,ss the leaf,sector 85,1.24,7122.0,1730.0,2,2,3,10.0,Relatively New,0,0,0,0,0,0,49
flat,smart world orchard,sector 61,1.47,12250.0,1333.0,2,2,2,2.0,Under Construction,1,0,0,0,0,0,76
house,rattan vihar rajendra park,dwarka expressway,0.85,14167.0,600.0,1,5,3+,4.0,New Property,0,0,0,0,0,0,0
flat,pyramid urban,sector 67a,0.6,8571.0,633.0,2,2,2,14.0,New Property,0,0,0,0,0,0,15
flat,godrej nature plus,sector 33,1.25,9025.0,1385.0,2,2,3,17.0,Under Construction,0,0,0,0,0,0,56
flat,signature the serenas,sohna road,0.5,9398.0,591.0,2,2,2,6.0,New Property,0,0,0,0,0,0,37
house,huda sector-56 gurgaon,sector 56,3.6,24845.0,1449.0,5,5,3+,3.0,Moderately Old,0,0,0,0,0,0,47
flat,pareena laxmi apartments,sector 99a,0.32,6107.0,473.0,2,2,2,2.0,New Property,0,0,0,0,0,0,50
house,emaar mgf marbella,sector 66,15.1,18605.0,8067.799999999999,5,5,3+,3.0,New Property,0,0,0,0,0,0,120
flat,vatika gurgaon,sector 83,0.85,8947.0,1100.0,2,2,2,18.0,Moderately Old,0,0,0,1,0,2,119
flat,ats tourmaline,sector 109,1.5,8571.0,1466.0,3,3,3+,7.0,Relatively New,0,0,0,0,0,0,165
flat,smart world orchard,sector 61,2.55,15644.0,1811.0,3,3,2,4.0,New Property,0,0,0,0,1,0,30
flat,raheja navodaya,sector 92,0.85,4271.0,1801.0,3,3,3,2.0,Relatively New,0,0,0,0,0,0,100
flat,ss the leaf,sector 85,1.98,8257.0,2399.0,3,4,3,12.0,Relatively New,0,0,1,0,0,0,174
flat,emaar mgf emerald floors premier,sector 65,2.4,14545.0,1600.0,3,3,3,3.0,Relatively New,1,1,0,0,0,2,49
flat,la vida by tata housing,sector 113,2.78,11347.0,2599.0,3,3,3,3.0,New Property,1,1,0,0,0,0,174
flat,bestech park view city,sector 48,2.7,11714.0,2000.0,3,3,3+,7.0,Relatively New,1,1,0,0,0,2,174
house,independent,sector 7,8.0,22222.0,3600.0,4,5,3+,1.0,Old Property,0,0,0,0,0,0,31
flat,m3m soulitude,sector 89,1.42,9979.0,1581.0,3,3,2,3.0,New Property,0,0,0,0,0,0,15
flat,dlf the ultima,sector 81,3.5,11686.0,2577.0,4,5,3+,7.0,Relatively New,0,1,0,0,0,1,174
flat,vatika the seven lamps,sector 82,1.28,6819.0,1800.0,3,3,3,3.0,Relatively New,1,0,0,0,0,2,165
flat,ats triumph,sector 104,2.5,7937.0,2851.0,4,4,3+,14.0,New Property,0,1,0,0,0,0,21
flat,signature global park,sohna road,0.7,6071.0,1281.0,3,3,3,2.0,Relatively New,0,0,0,1,0,0,152
house,independent,sector 26,4.45,35178.0,150.0,4,4,3,3.0,Old Property,0,0,0,0,0,0,25
flat,bhemerlei,sohna road road,0.69,5100.0,1350.0,2,2,2,3.0,Under Construction,0,0,0,0,0,0,0
flat,ss the leaf,sector 85,2.2,11179.0,2390.0,4,5,3+,4.0,Relatively New,0,1,0,1,0,0,174
flat,ats tourmaline,sector 109,1.5,6977.0,1797.0,3,4,3+,4.0,Relatively New,0,1,0,0,0,0,39
house,independent,sector 3,0.9,10000.0,3500.0,3,4,3,3.0,Moderately Old,0,0,0,0,0,2,42
house,shivaji nagar residential,sector 11,3.08,11407.0,2700.0,6,4,2,1.0,Moderately Old,0,0,0,0,0,0,0
flat,breez global hill view,sohna road,0.35,5319.0,658.0,2,2,2,18.0,New Property,0,0,0,0,0,0,15
flat,ansal sushant lok ci,sector 43,2.0,15152.0,1467.0,3,3,2,1.0,Old Property,0,1,0,0,0,1,15
flat,city heights,sector 39,1.75,8750.0,2222.0,3,4,3,3.0,Old Property,0,1,0,0,0,1,42
flat,hcbs sports ville,sohna road,0.22,4603.0,477.85,1,1,1,9.0,Relatively New,0,0,0,0,0,2,44
house,independent,sector 3,0.6,6000.0,1000.0,1,1,0,1.0,Moderately Old,0,0,0,0,0,0,0
flat,m3m skywalk,sector 74,1.57,11002.0,1300.0,2,2,3+,10.0,Relatively New,0,0,0,0,1,0,137
house,u block dlf phase 3 road no 21,sector 24,1.6,3292.0,540.0,7,5,3+,4.0,Old Property,0,0,0,0,0,0,0
flat,green campus chs,manesar,0.92,4023.0,1924.0,3,3,3+,8.0,Moderately Old,0,1,0,0,0,0,5
flat,adani brahma samsara vilasa,sector 63,3.4,10000.0,3077.0,3,3,3+,1.0,New Property,0,0,0,0,0,0,99
flat,ats triumph,sector 104,1.83,7991.0,2000.0,3,4,3+,10.0,Relatively New,0,1,0,0,0,0,165
flat,smart world orchard,sector 61,1.5,12500.0,1333.0,2,2,2,2.0,Under Construction,1,0,0,0,0,0,49
flat,dlf new town heights,sector 90,1.6,6768.0,2139.0,4,4,3+,10.0,Relatively New,0,1,0,1,0,0,88
flat,godrej frontier,sector 80,1.4,6189.0,1854.0,3,4,2,10.0,Moderately Old,0,0,1,1,0,0,111
flat,tata primanti,sector 72,3.3,15103.0,1800.0,3,4,3+,15.0,New Property,0,1,0,0,0,1,174
flat,shapoorji pallonji joyville gurugram,sector 102,1.95,10529.0,1676.0,3,3,3,10.0,Relatively New,0,0,0,0,0,0,59
flat,aipl club residences,sector 70a,0.85,9140.0,842.0,2,2,2,5.0,Relatively New,0,0,0,0,0,2,45
flat,mapsko royale ville,sector 82,1.12,6257.0,1588.0,3,3,2,12.0,Relatively New,0,0,0,1,0,0,49
flat,shapoorji pallonji joyville gurugram,sector 102,1.95,13929.0,1616.0,3,3,3,6.0,New Property,0,0,0,1,0,2,174
flat,emaar palm gardens,sector 83,1.75,9211.0,1549.0,3,3,3+,11.0,Relatively New,0,1,0,0,0,0,120
house,international city by sobha phase 2,sector 109,9.5,26389.0,3600.0,7,6,3,3.0,Relatively New,0,0,0,0,0,0,138
house,bptp visionnaire,sector 70a,4.02,7309.0,5500.0,4,4,3+,3.0,Relatively New,0,0,0,0,0,0,138
flat,mapsko mount ville,sector 79,1.25,8389.0,1058.0,3,3,3,18.0,Relatively New,1,0,0,0,0,2,102
flat,m3m woodshire,sector 107,1.02,6649.0,1388.0,2,2,3,6.0,Relatively New,1,0,0,0,0,0,112
flat,smart world orchard,sector 61,2.54,15497.0,1822.0,3,3,3,2.0,Under Construction,0,0,1,0,0,0,16
flat,m3m merlin,sector 67,4.5,14268.0,2854.0,4,4,3+,15.0,Relatively New,0,1,0,0,0,2,158
flat,experion the heartsong,sector 108,0.9,7015.0,978.23,2,3,3,2.0,Relatively New,0,1,0,0,0,0,94
house,independent,sector 40,2.1,23333.0,900.0,3,3,2,3.0,Moderately Old,0,0,0,0,0,2,35
flat,ansal heights 86,sector 86,0.78,5735.0,1231.0,2,2,1,8.0,New Property,0,0,0,0,0,0,67
flat,imperia the esfera,sector 37c,0.98,5399.0,1660.0,3,4,3,9.0,Relatively New,0,1,0,0,1,0,49
flat,greenopolis,sector 89,0.65,5196.0,1390.0,2,2,2,15.0,Under Construction,0,0,0,0,0,0,37
flat,tulip ivory,sector 70,2.0,8333.0,2114.0,4,5,3+,6.0,Moderately Old,0,1,0,0,0,2,95
flat,signature the serenas,sohna road,0.42,7910.0,590.0,2,2,1,12.0,New Property,0,0,0,0,0,0,54
flat,m3m golfestate,sector 65,6.1,18139.0,3027.0,3,3,3,19.0,Moderately Old,1,1,0,0,0,2,174
flat,supertech araville,sector 79,0.8,6178.0,1172.0,2,2,3+,9.0,New Property,0,0,0,0,1,0,24
flat,essel towers,sector 14,2.2,12500.0,1956.0,3,4,3+,3.0,Old Property,0,0,0,0,0,0,0
flat,la vida by tata housing,sector 113,1.65,10450.0,1420.0,3,2,2,3.0,Relatively New,0,0,0,0,0,0,49
flat,ireo the corridors,sector 67a,1.3,10031.0,1296.0,2,2,2,1.0,New Property,0,0,0,0,0,0,55
flat,ss residency,sector 12,0.53,4818.0,995.0,3,3,2,2.0,Relatively New,0,0,0,0,0,2,14
house,independent,sector 67,3.0,11905.0,2800.0,4,4,0,3.0,Moderately Old,0,0,0,0,0,0,0
flat,m3m urbana,sector 67,0.95,10894.0,826.0,1,1,1,17.0,Relatively New,0,0,0,0,0,0,49
flat,conscient elevate,sector 59,3.78,16499.0,2550.0,3,3,3,3.0,Under Construction,0,0,0,0,0,0,31
house,sushant lok 1 builder floors,sector 43,6.25,30728.0,2034.0,7,7,3+,3.0,Moderately Old,0,0,0,0,0,0,46
flat,conscient heritage max,sector 102,2.15,10005.0,1945.0,3,4,3+,18.0,Relatively New,1,1,0,0,0,2,134
house,ansal api esencia,sector 67,1.85,8222.0,278.0,3,3,3,1.0,Moderately Old,0,0,0,0,0,0,49
flat,dlf the primus,sector 82a,2.25,10714.0,2333.0,3,3,3+,29.0,Relatively New,0,1,0,0,0,1,72
flat,unitech uniworld gardens,sector 47,2.4,11505.0,1916.0,3,4,3+,10.0,Moderately Old,0,1,0,0,0,0,103
house,independent,sector 11,1.2,4444.0,300.0,7,3,0,3.0,Moderately Old,0,0,0,0,0,0,0
flat,signature global the millennia,sector 37d,0.6,9231.0,625.0,2,2,3,7.0,New Property,0,0,0,0,0,0,35
flat,ild greens,sector 37c,1.0,4320.0,1697.0,3,3,3+,5.0,Under Construction,0,0,0,0,0,0,51
flat,ats tourmaline,sector 109,2.3,8897.0,2339.0,3,4,3+,10.0,New Property,0,1,0,0,1,0,74
flat,experion windchants,sector 112,3.75,13383.0,2536.0,3,5,3+,22.0,Relatively New,0,1,0,0,0,2,49
flat,godrej nature plus,sector 33,1.55,9955.0,1730.0,3,2,3+,8.0,New Property,0,0,0,0,0,0,43
flat,bptp terra,sector 37d,1.98,9037.0,1983.0,3,3,3+,12.0,New Property,1,0,0,0,0,2,49
flat,m3m woodshire,sector 107,0.98,6422.0,1281.0,2,2,3,7.0,Relatively New,1,0,0,0,0,2,174
flat,signature the roselia,sector 95,0.48,7164.0,744.0,2,2,2,6.0,Relatively New,0,0,0,0,0,0,16
house,independent,sector 14,4.5,20000.0,2778.0,5,5,1,1.0,Relatively New,0,0,0,0,0,0,0
flat,unitech the residences,sector 33,1.1,9910.0,1100.0,2,2,3,9.0,Moderately Old,0,0,0,0,0,2,44
flat,dlf exclusive floors,sector 43,2.35,14242.0,1527.0,3,3,2,1.0,Old Property,0,0,1,0,0,2,102
flat,ats tourmaline,sector 109,1.65,7674.0,1946.0,3,3,3+,16.0,Relatively New,0,1,0,0,0,2,49
flat,shree vardhman mantra,sector 67,0.56,7000.0,889.0,2,2,1,8.0,New Property,0,0,0,0,0,0,65
flat,vatika lifestyle homes,sector 83,1.05,7500.0,1600.0,3,2,2,1.0,Moderately Old,0,0,0,0,0,2,106
house,independent,sector 5,3.5,15556.0,2250.0,6,5,2,3.0,Old Property,0,0,0,0,0,1,155
flat,hcbs sports ville,sohna road,0.29,3973.0,743.0,2,2,1,4.0,Relatively New,0,0,0,0,0,0,0
flat,emaar mgf emerald floors,sector 65,3.2,10159.0,3150.0,4,3,2,1.0,Relatively New,0,1,0,0,0,0,0
flat,emaar mgf the palm drive,sector 66,1.51,15130.0,1188.0,2,2,2,5.0,Relatively New,0,0,0,1,0,2,82
flat,corona optus,sector 37c,1.27,7204.0,1581.0,3,3,3,2.0,Relatively New,1,0,0,0,1,0,49
house,independent,sector 10a,3.6,19608.0,1836.0,3,4,3,3.0,Moderately Old,0,0,0,0,0,2,28
flat,la vida by tata housing,sector 113,1.75,10492.0,1424.0,2,2,3,10.0,Relatively New,1,0,0,0,0,0,93
flat,godrej,sector 79,2.0,8475.0,1963.0,3,4,3+,9.0,Relatively New,0,1,0,0,0,0,108
house,independent,sector 45,16.0,35003.0,4500.0,6,7,3+,3.0,Relatively New,0,0,0,0,0,2,105
flat,godrej frontier,sector 80,1.1,5705.0,1580.0,3,3,3,8.0,Moderately Old,0,1,0,0,0,0,111
flat,uphaar homes,sector 105,0.45,4737.0,1056.0,3,2,1,1.0,Relatively New,0,0,0,0,0,2,44
house,independent,sector 2,1.15,19360.0,594.0,3,3,2,2.0,Old Property,0,0,0,0,0,2,32
flat,uphar lakshya homes,sector 105,0.42,4200.0,1111.0,3,2,1,1.0,Relatively New,0,0,0,0,0,0,7
house,independent,sector 6,0.5,8333.0,600.0,3,3,2,2.0,Moderately Old,0,0,0,0,0,0,0
flat,mvn athens,sohna road,0.25,4259.0,587.0,2,2,1,0.0,Relatively New,0,0,0,0,0,0,38
flat,the close north,sector 50,2.7,9982.0,2357.0,3,3,3+,3.0,Moderately Old,0,1,0,0,0,0,117
flat,shapoorji pallonji joyville gurugram,sector 102,0.96,10492.0,828.0,2,2,2,10.0,Relatively New,0,0,0,0,0,0,132
flat,sare homes,sector 92,0.95,4750.0,1983.0,4,3,2,17.0,New Property,0,0,0,0,0,0,7
flat,ambience creacions,sector 22,2.55,13710.0,1600.0,3,3,3,8.0,Relatively New,0,0,0,0,1,1,125
flat,ambience lagoon,sector 24,4.25,13281.0,3201.0,3,4,3+,3.0,Old Property,0,1,0,1,0,2,143
flat,tarc maceo,sector 91,1.4,7407.0,1700.0,3,3,3+,7.0,Relatively New,0,0,0,0,0,0,76
flat,ireo uptown,sector 66,1.5,11219.0,1330.0,2,3,3,1.0,Relatively New,0,1,0,0,1,2,79
flat,m3m golfestate,sector 65,6.15,18287.0,3027.0,3,3,3,23.0,Moderately Old,1,1,0,0,0,2,60
flat,puri emerald bay,sector 104,2.3,9388.0,2217.0,3,4,3+,10.0,Moderately Old,0,1,0,0,0,0,101
flat,signature global solera,sector 107,0.6,8000.0,750.0,3,2,2,8.0,Relatively New,0,0,0,0,0,0,55
flat,tulip violet,sector 69,1.7,8458.0,1804.0,4,4,2,10.0,Relatively New,1,1,1,1,0,0,174
flat,ats triumph,sector 104,2.6,8254.0,2851.0,4,4,3+,12.0,Relatively New,0,1,0,0,0,0,118
flat,ss the leaf,sector 85,2.15,10925.0,2366.0,4,5,3+,6.0,Relatively New,0,1,0,0,0,0,156
flat,dlf the skycourt,sector 86,2.2,11500.0,1747.0,3,3,1,7.0,Relatively New,0,0,0,1,0,1,77
house,emaar mgf marbella,sector 66,18.0,40000.0,4500.0,5,6,3+,3.0,Relatively New,0,0,0,0,0,1,153
flat,pioneer park,sector 61,3.6,12627.0,2580.0,4,4,3,3.0,Moderately Old,0,1,0,0,0,2,121
flat,bptp astaire gardens,sector 70a,0.97,6585.0,1339.0,3,3,3+,1.0,Relatively New,0,0,0,0,1,0,149
flat,conscient heritage max,sector 102,3.0,10490.0,3178.0,4,4,3+,7.0,Relatively New,0,0,0,0,1,2,65
flat,smart world gems,sector 89,0.88,7978.0,1103.0,2,2,0,2.0,New Property,0,0,0,0,0,0,45
flat,mapsko mount ville,sector 79,1.2,8054.0,1154.0,3,3,3+,24.0,Relatively New,0,0,0,0,0,2,135
house,independent,sector 5,3.75,11029.0,3400.0,5,5,3+,3.0,Old Property,0,0,0,0,0,0,0
flat,bptp terra,sector 37d,1.17,8298.0,1276.0,2,2,2,0.0,Relatively New,0,0,0,0,0,0,107
flat,bptp astaire gardens,sector 70a,1.8,9351.0,1925.0,3,3,3,3.0,Relatively New,1,0,0,0,0,0,135
flat,shapoorji pallonji joyville gurugram,sector 102,1.1,12182.0,817.0,2,2,1,8.0,Under Construction,0,0,0,0,0,0,105
flat,park royal apartment,sector 56,1.85,9024.0,2278.0,3,4,3,7.0,Old Property,0,1,0,0,0,0,72
house,international city by sobha phase 2,sector 109,6.44,26502.0,2430.0,4,5,3+,3.0,New Property,0,0,0,0,0,0,138
flat,adani m2k oyster grande,sector 102,2.5,7817.0,2600.0,4,5,3+,10.0,Relatively New,0,1,0,1,0,2,174
flat,tata primanti,sector 72,4.0,13769.0,2800.0,4,5,3+,9.0,Relatively New,0,1,0,0,0,2,165
flat,chintamani,sector 103,1.57,8509.0,1845.0,3,3,3,1.0,Relatively New,0,0,0,0,0,0,0
flat,emaar mgf emerald floors premier,sector 65,2.9,14684.0,1787.0,4,4,3+,4.0,Relatively New,1,1,0,0,0,2,152
flat,m3m merlin,sector 67,3.4,14419.0,2134.0,3,4,3,17.0,Relatively New,0,1,0,0,0,2,174
flat,raheja atharva,sector 109,2.2,9491.0,2576.0,3,3,2,7.0,Moderately Old,0,1,0,0,0,2,111
flat,m3m capital,sector 113,2.87,12489.0,2553.0,4,4,3+,3.0,Under Construction,0,1,0,0,0,0,65
flat,orris aster court,sector 85,0.69,5219.0,1075.0,2,2,2,5.0,Relatively New,0,0,0,0,0,0,37
flat,raheja atharva,sector 109,0.79,7932.0,1213.0,3,2,2,3.0,Relatively New,0,0,0,0,0,2,44
flat,indiabulls centrum park,sector 103,2.4,8348.0,2456.0,4,6,3+,15.0,Relatively New,0,1,0,0,0,0,156
flat,godrej nature plus,sector 33,1.75,8768.0,1996.0,3,3,0,2.0,Under Construction,0,0,0,0,0,0,56
house,independent,sector 2,1.0,8230.0,1215.0,3,7,3+,3.0,Moderately Old,0,0,0,0,0,0,0
flat,signature global city,sector 37d,1.0,8163.0,1250.0,3,3,3,4.0,Under Construction,0,0,0,0,0,0,49
flat,bestech altura,sector 79,1.72,8398.0,2050.0,3,4,3,9.0,New Property,0,0,0,0,0,0,49
flat,ss almeria,sector 84,1.48,7400.0,1624.0,3,3,2,1.0,New Property,0,1,1,0,0,2,139
flat,signature global grand iva,sector 103,0.3,8287.0,402.0,1,2,2,5.0,New Property,0,0,0,0,0,0,37
flat,alpha corp gurgaonone,sector 84,2.2,7586.0,3222.0,4,4,3,10.0,Relatively New,0,1,0,0,0,0,21
flat,sonata group housing gh 24,manesar,1.65,5893.0,3111.0,4,3,3,8.0,New Property,0,1,0,0,0,0,20
house,independent,sector 23,5.5,13095.0,4200.0,9,9,3+,3.0,Moderately Old,0,0,0,0,0,2,0
flat,signature global synera,sector 81,0.5,7886.0,704.0,2,2,1,11.0,New Property,0,0,0,0,0,1,97
flat,signature global city,sector 37d,0.8,8421.0,860.0,2,2,2,2.0,Under Construction,0,0,0,0,0,0,42
flat,emaar gurgaon greens,sector 102,1.45,8788.0,1300.0,3,3,3,8.0,Relatively New,0,1,0,0,0,0,49
flat,shree vardhman victoria,sector 70,1.5,7692.0,1527.0,3,5,3,7.0,Relatively New,0,1,0,0,0,2,174
house,bptp astaire gardens,sector 70a,6.5,27873.0,299.0,4,4,3+,2.0,New Property,0,0,0,0,0,2,160
flat,m3m woodshire,sector 107,1.3,8922.0,1554.0,3,3,3+,4.0,Relatively New,0,0,0,1,0,2,174
flat,afnhb jalvayu vihar,sector 30,0.85,12859.0,734.0,2,2,1,2.0,Old Property,0,0,0,0,1,2,49
flat,ats kocoon,sector 109,1.65,10645.0,1650.0,3,3,3,19.0,Relatively New,0,0,1,0,0,2,159
house,dlf city plots phase 4,sector 28,9.54,29444.0,3240.0,6,5,3+,3.0,New Property,0,0,0,0,0,0,153
flat,indiabulls centrum park,sector 103,2.45,8522.0,2602.0,4,6,3,5.0,Relatively New,0,1,0,0,0,0,38
flat,the close south,sector 50,3.25,12810.0,2819.0,3,4,3+,4.0,Old Property,0,1,0,0,0,2,135
flat,ss residency,sector 6,0.48,5333.0,111.0,3,2,2,2.0,Moderately Old,0,0,0,0,0,0,54
flat,dlf the grove,sector 43,6.0,25000.0,2667.0,4,4,2,1.0,Under Construction,0,1,0,0,0,2,49
flat,central park flower valley aqua front towers,sector 33,2.1,11738.0,1619.0,3,3,2,6.0,Under Construction,0,0,0,0,0,0,24
flat,orris aster court,sector 85,0.67,5826.0,1250.0,2,2,2,5.0,Relatively New,0,0,0,0,1,2,174
flat,ild greens,sector 37c,1.0,4724.0,1629.0,3,3,3,3.0,Under Construction,0,0,0,0,0,0,51
flat,ramsons kshitij,sector 95,0.45,4592.0,887.0,2,2,1,2.0,Relatively New,1,0,0,0,0,0,89
flat,sare green parc phase 3,sector 92,1.08,5150.0,1891.0,4,4,2,16.0,New Property,0,1,0,0,0,0,107
flat,shree vardhman victoria,sector 70,1.66,14249.0,1527.0,3,5,3,8.0,Relatively New,0,1,0,0,0,0,108
flat,alpha corp gurgaonone,sector 84,1.15,7497.0,1361.0,2,2,3,8.0,Relatively New,1,0,0,0,0,2,37
flat,shree vardhman flora,sector 90,0.75,5769.0,1444.0,2,2,3,8.0,Relatively New,0,0,0,0,0,0,60
house,independent,sector 3,0.92,15257.0,603.0,4,1,0,1.0,Moderately Old,0,0,0,0,0,0,0
house,independent,sector 7,0.9,10000.0,900.0,2,4,3,3.0,Old Property,0,0,0,0,0,2,44
flat,conscient habitat,sector 99a,0.35,6422.0,606.0,2,2,1,3.0,Relatively New,0,0,0,0,0,0,62
flat,ss,sector 85,1.18,7169.0,1630.0,2,2,3,4.0,Relatively New,0,0,0,0,0,0,49
flat,signature global city 37d ph 2,sector 37d,1.07,8237.0,1450.0,3,3,2,2.0,Under Construction,0,0,0,0,0,0,86
flat,dlf new town heights,sector 86,1.28,8205.0,1740.0,3,4,3+,12.0,Moderately Old,0,1,0,1,0,0,96
flat,shapoorji pallonji joyville gurugram,sector 102,1.24,10206.0,1100.0,2,2,2,10.0,Relatively New,0,0,0,0,0,0,141
flat,umang monsoon breeze,sector 78,0.88,4746.0,1668.0,3,4,3,8.0,Moderately Old,0,1,0,1,0,0,111
flat,silverglades the melia,sohna road,0.91,6801.0,1222.0,2,2,3,1.0,New Property,1,0,0,0,0,0,72
house,independent,sector 7,1.16,11694.0,1102.0,2,4,2,3.0,Moderately Old,0,0,0,0,0,0,39
flat,imperia the esfera,sector 37c,0.87,5513.0,1428.0,2,3,3+,9.0,New Property,1,0,0,0,0,0,49
flat,pivotal devaan,sector 84,0.37,6346.0,532.0,2,2,1,5.0,Relatively New,0,0,0,0,0,0,73
flat,vatika the seven lamps,sector 82,0.94,6532.0,1299.0,2,2,3+,9.0,Relatively New,1,0,0,0,0,2,117
flat,ats tourmaline,sector 109,1.75,8140.0,1946.0,3,4,3+,9.0,Relatively New,0,1,0,0,0,0,94
flat,corona optus,sector 37c,1.43,7186.0,1845.0,3,3,3+,2.0,Relatively New,1,1,0,0,1,0,49
flat,mapsko royale ville,sector 82,0.99,5531.0,1620.0,3,4,2,14.0,New Property,0,1,0,0,0,0,95
flat,trisara our homes 3,sohna road,0.34,5405.0,699.0,2,2,1,0.0,New Property,0,0,0,0,0,0,0
flat,the center court,sector 88a,2.1,12174.0,1745.0,4,4,3,0.0,New Property,1,1,0,0,0,0,142
flat,parsvnath exotica,sector 53,5.0,17271.0,2500.0,3,4,3+,8.0,Relatively New,0,1,0,1,1,2,49
flat,dlf regal gardens,sector 90,1.15,6326.0,1645.0,3,3,3+,18.0,Relatively New,0,0,0,1,0,2,130
flat,tulip violet,sector 69,1.46,9252.0,1428.0,3,3,2,0.0,Relatively New,0,0,0,1,0,2,174
flat,dlf carlton estate,sector 43,2.1,15419.0,1233.0,3,3,1,2.0,Old Property,0,0,1,0,0,2,88
flat,umang winter hills,sector 77,1.4,6341.0,1735.0,3,3,3,10.0,Relatively New,0,0,0,0,0,0,28
flat,godrej air,sector 85,1.3,14541.0,1130.0,2,2,3,30.0,Under Construction,0,0,0,0,0,0,111
flat,conscient heritage max,sector 102,2.22,13875.0,2000.0,3,4,3+,15.0,Relatively New,1,1,0,0,0,0,82
flat,global height,sohna road,0.45,6338.0,789.0,2,2,2,6.0,Relatively New,0,0,0,0,0,1,49
flat,dlf park place,sector 54,4.85,25867.0,1697.0,3,4,3+,25.0,Relatively New,0,1,0,0,0,2,26
flat,dlf the ultima,sector 81,3.46,12047.0,2599.0,4,4,3+,10.0,New Property,0,1,0,0,0,1,161
flat,m3m woodshire,sector 107,0.9,6589.0,1236.0,2,2,3+,10.0,Relatively New,0,0,0,0,1,2,49
flat,supertech hues,sector 68,1.0,8475.0,1311.0,2,2,3,23.0,New Property,0,0,0,0,0,0,49
flat,mariners home,sector 56,2.11,8612.0,2250.0,3,2,3,4.0,Relatively New,0,0,0,0,1,2,126
flat,bestech park view sanskruti,sector 92,2.0,8333.0,2453.0,4,5,3+,12.0,Relatively New,0,1,0,0,0,2,60
flat,rail vihar cghs,sector 56,1.35,10385.0,1275.0,3,2,2,1.0,Old Property,0,0,0,0,1,0,159
flat,housing apna enclave,sector 4,0.39,4105.0,950.0,2,2,1,1.0,Relatively New,0,0,0,0,0,0,0
flat,palam vihar society,sector 2,0.4,8602.0,450.0,1,1,1,5.0,Moderately Old,0,0,0,0,0,2,39
flat,ss the leaf,sector 85,1.31,7988.0,1822.0,2,2,2,5.0,Relatively New,0,1,0,0,0,0,89
house,ss aaron ville,sector 49,6.75,15000.0,4500.0,5,4,2,2.0,New Property,0,0,0,0,0,0,49
flat,adani m2k oyster grande,sector 102,2.4,9306.0,2334.0,3,4,3+,3.0,Relatively New,1,0,0,0,0,2,49
flat,la vida by tata housing,sector 113,2.33,12534.0,2098.0,3,3,3,3.0,New Property,0,1,0,0,0,0,174
flat,park royal apartment,sector 56,1.71,7600.0,2251.0,3,3,3+,5.0,Moderately Old,0,1,0,0,0,2,118
flat,dlf new town heights,sector 90,2.0,7334.0,2468.0,4,4,3+,20.0,Moderately Old,0,1,0,0,1,0,49
house,independent,sector 2,5.7,22637.0,2430.0,9,9,3+,3.0,Moderately Old,0,0,0,0,0,2,0
flat,railway officers rpf society,sector 9a,1.3,5039.0,2580.0,4,4,3+,9.0,Old Property,0,0,0,0,0,0,0
flat,suncity avenue,sector 102,0.47,8935.0,582.0,2,2,1,5.0,Relatively New,0,0,1,0,0,0,142
flat,m3m skywalk,sector 74,1.4,9831.0,1289.0,2,2,2,17.0,New Property,0,0,0,0,0,2,167
house,shivpuri,sector 7,2.4,8889.0,2700.0,10,5,3,2.0,Old Property,0,0,0,0,0,0,8
house,rwa sector 46,sector 46,3.5,21605.0,1620.0,4,4,2,2.0,Relatively New,0,0,0,0,0,2,30
flat,dlf the skycourt,sector 86,1.6,8294.0,1746.0,3,3,1,14.0,Relatively New,0,0,0,1,0,0,72
flat,bptp astaire gardens,sector 70a,1.2,7059.0,1450.0,3,3,3+,2.0,Relatively New,0,0,0,0,0,1,38
flat,dlf the skycourt,sector 86,1.58,8191.0,1750.0,3,3,1,16.0,Relatively New,0,0,0,1,0,2,152
flat,m3m merlin,sector 67,2.78,13581.0,1852.0,3,3,3+,4.0,Relatively New,0,0,0,1,0,2,157
flat,emaar the palm drive,sector 66,3.9,18634.0,2200.0,3,4,3,2.0,Relatively New,0,0,0,0,0,0,0
flat,shree vardhman victoria,sector 70,1.8,9231.0,2167.0,3,5,3,0.0,New Property,0,0,0,0,0,0,72
flat,experion windchants,sector 112,5.6,11551.0,3655.35,4,6,3+,8.0,Relatively New,0,1,0,0,0,2,168
flat,tulip white,sector 69,0.91,6863.0,1473.0,3,2,2,12.0,Moderately Old,0,0,0,0,0,0,43
flat,m3m sierra 68,sector 68,1.05,8537.0,1200.0,2,2,2,11.0,New Property,0,0,0,0,0,2,127
flat,dlf new town heights,sector 90,1.75,5721.0,2468.0,4,4,3+,17.0,Relatively New,0,1,0,1,0,0,88
house,vatika india next,sector 82,6.8,20988.0,3240.0,4,4,3+,3.0,Relatively New,0,0,0,0,0,1,110
flat,m3m ikonic,sector 68,1.78,9128.0,1845.0,3,3,3+,27.0,Relatively New,0,0,0,0,0,2,126
house,ashok vihar phase 3 gurgaon,sector 3 phase 3 extension,0.95,8879.0,1070.0,4,3,2,1.0,Old Property,0,0,0,0,0,0,8
flat,paras dews,sector 106,0.88,6354.0,1120.0,2,2,3+,3.0,Relatively New,0,0,0,0,0,0,49
house,independent,sector 56,4.0,26613.0,1503.0,4,4,3+,2.0,Relatively New,0,0,0,0,0,2,24
house,eros rosewood villas,sector 49,2.5,13514.0,1900.0,3,3,2,2.0,Moderately Old,0,0,0,0,0,0,59
flat,tulip violet,sector 69,1.32,8413.0,1419.0,3,3,1,12.0,Relatively New,0,0,0,1,0,2,86
house,ireo victory valley,sector 67,8.0,22222.0,3600.0,6,7,3+,3.0,Moderately Old,0,0,0,0,0,2,151
flat,umang winter hills,sector 77,0.75,5589.0,1180.0,2,2,2,7.0,Relatively New,0,0,0,0,0,2,174
house,independent,sector 24,1.45,2984.0,540.0,3,3,1,2.0,Old Property,0,0,0,0,0,0,9
flat,experion the heartsong,sector 108,1.68,8387.0,1338.29,3,3,3+,4.0,Relatively New,1,1,0,0,0,2,86
flat,sbtl caladium,sector 109,1.6,6287.0,2303.0,3,3,3,9.0,Relatively New,0,1,0,0,0,0,75
flat,apna enclave,sector 3,0.5,7692.0,722.0,2,2,1,1.0,Old Property,0,0,0,0,0,2,37
house,independent,sector 43,5.5,19298.0,2850.0,8,7,3+,3.0,Moderately Old,0,0,0,0,0,2,123
flat,bestech park view spa next,sector 67,2.32,11990.0,1764.0,3,4,3+,14.0,Moderately Old,0,1,0,0,0,2,59
flat,dlf regency park,sector 28,1.24,12400.0,1050.0,2,2,3+,19.0,Moderately Old,0,0,0,1,0,2,157
house,independent,sector 25,7.3,12586.0,5800.0,9,9,2,3.0,Relatively New,0,0,0,0,0,2,109
flat,central park resorts,sector 48,3.65,15240.0,1869.0,3,3,3+,9.0,Relatively New,0,0,0,0,1,2,157
flat,signature global city 92,sector 92,0.78,7723.0,846.0,2,2,3,2.0,Under Construction,0,0,0,0,1,0,24
flat,emaar mgf emerald floors premier,sector 65,2.0,12121.0,1833.0,3,3,3,1.0,Relatively New,0,1,0,0,0,2,124
flat,m3m woodshire,sector 107,1.49,6311.0,2137.0,3,4,3+,5.0,Relatively New,0,1,1,0,0,2,174
flat,bestech park view city,sector 49,2.9,12170.0,2157.0,4,4,3+,5.0,Moderately Old,0,1,0,0,0,0,117
flat,tulip violet,sector 69,1.75,8706.0,1819.0,4,4,2,10.0,Relatively New,0,0,0,0,0,2,109
flat,m3m the marina,sector 68,1.32,8759.0,1364.0,2,2,3,15.0,Relatively New,1,0,0,0,0,0,120
house,mian wali,sector 12,1.7,9444.0,1800.0,1,1,1,1.0,Old Property,0,0,0,0,0,0,7
flat,bptp terra,sector 37d,2.08,10000.0,2211.0,4,4,3,0.0,New Property,1,1,0,1,0,0,121
flat,pareena mi casa,sector 68,0.92,7390.0,1127.0,2,2,3,5.0,Under Construction,0,0,0,0,1,0,50
flat,experion windchants,sector 112,4.75,12623.0,3405.0,3,5,3+,4.0,Relatively New,0,1,0,0,0,2,42
house,independent,sohna road road,0.5,5556.0,900.0,2,1,2,1.0,Moderately Old,0,0,0,0,0,0,0
flat,tulip violet,sector 69,1.78,8856.0,1819.0,4,4,2,10.0,Relatively New,0,0,0,1,0,2,156
house,sushant lok 1 builder floors,sector 43,10.85,28841.0,3762.0,8,8,3,3.0,Moderately Old,0,0,0,0,0,1,160
flat,central park resorts,sector 48,11.25,28266.0,4422.0,4,5,3+,2.0,Relatively New,0,1,0,1,0,0,45
flat,madhur jeevan apartments,sector 56,1.59,8595.0,1900.0,4,3,3+,3.0,Old Property,0,0,0,0,1,2,33
flat,dlf the primus,sector 82a,2.55,11219.0,1773.0,4,4,3+,14.0,Relatively New,0,0,0,0,0,1,44
flat,silverglades the melia,sohna road,0.75,5556.0,1350.0,2,2,2,4.0,Moderately Old,0,0,0,0,0,0,70
flat,ats tourmaline,sector 109,1.45,6744.0,1797.0,3,4,3+,4.0,Relatively New,0,1,0,0,0,0,71
flat,emaar mgf palm hills,sector 77,1.55,7949.0,1800.0,4,4,3+,2.0,Relatively New,1,1,0,0,0,1,49
flat,dlf the ultima,sector 81,2.21,10366.0,1881.0,3,3,3+,3.0,Relatively New,0,1,0,0,0,1,149
flat,shree vardhman victoria,sector 70,1.78,9128.0,1765.0,3,3,3+,7.0,Relatively New,0,1,0,0,1,0,49
flat,dlf new town heights,sector 91,1.8,7679.0,2604.0,4,4,3+,6.0,Moderately Old,0,1,0,1,0,0,81
flat,m3m heights,sector 65,2.1,16653.0,1015.0,2,2,3,8.0,New Property,0,0,0,0,0,0,31
flat,m3m golfestate,sector 65,4.94,16234.0,2754.0,3,4,3,15.0,Moderately Old,0,1,0,0,0,0,165
flat,godrej summit,sector 104,1.1,8668.0,1148.0,2,2,3,16.0,Under Construction,0,0,0,0,1,0,88
flat,shree balaji appartment,sector 33,0.4,5000.0,724.0,2,2,2,1.0,Relatively New,0,0,0,0,0,1,0
flat,aipl zen residences,sector 70a,1.34,10276.0,1180.0,2,2,3+,17.0,New Property,0,0,0,0,0,2,110
flat,pyramid urban,sector 67a,0.62,11855.0,581.0,2,2,2,2.0,Relatively New,0,0,0,0,0,0,64
house,eros rosewood city,sector 49,4.05,20769.0,2000.0,3,3,3,2.0,Moderately Old,0,0,0,0,0,0,46
flat,emaar mgf emerald floors premier,sector 65,2.8,16970.0,1800.0,4,4,3,2.0,Relatively New,1,0,0,0,0,2,89
flat,dlf regal gardens,sector 90,1.78,8040.0,2005.0,4,4,3+,12.0,Relatively New,0,0,0,0,0,0,61
flat,signature global park,sohna road,0.75,6938.0,1081.0,2,2,0,1.0,Relatively New,0,0,0,0,0,0,58
flat,emaar palm gardens,sector 83,1.8,9474.0,1551.0,3,4,3,4.0,Relatively New,1,1,1,1,0,2,174
flat,satya element one,sector 49,0.87,19333.0,500.0,1,1,1,2.0,Relatively New,0,0,0,0,0,0,22
house,independent,sector 11,0.95,7308.0,1300.0,5,3,0,1.0,Moderately Old,0,0,0,0,0,0,0
flat,bestech park view spa next,sector 67,2.72,11574.0,2250.0,4,4,3+,0.0,Relatively New,0,1,0,1,0,2,128
flat,ats kocoon,sector 109,2.15,10263.0,1896.0,3,4,3,9.0,Relatively New,0,1,0,0,0,0,97
flat,tata primanti,sector 72,5.0,11364.0,4000.0,4,4,3+,2.0,New Property,1,1,1,0,0,2,174
house,unitech espace,sector 50,11.5,35494.0,3240.0,5,6,0,1.0,Moderately Old,0,0,0,0,0,0,0
flat,sare green parc phase 3,sector 92,0.75,7143.0,1298.0,3,2,2,3.0,New Property,0,0,0,0,0,0,121
flat,apex our homes,sector 37c,0.35,3784.0,850.0,2,2,1,7.0,Relatively New,0,0,0,0,0,2,158
flat,smart world gems,sector 89,0.97,8794.0,1103.0,2,2,3+,2.0,New Property,0,0,0,0,0,0,49
flat,mvn athens,sohna road,0.25,5187.0,535.0,2,2,1,0.0,Relatively New,0,0,0,1,0,0,90
flat,signature global solera,sector 107,0.51,7907.0,717.0,3,2,2,9.0,Relatively New,0,0,0,0,1,0,15
flat,ireo skyon,sector 60,2.65,13125.0,2037.0,3,4,3+,7.0,Moderately Old,0,1,0,0,0,2,152
house,independent,sector 4,3.25,14444.0,2250.0,3,3,2,2.0,Old Property,0,0,0,0,0,0,27
flat,dlf the arbour,sector 63,8.5,21519.0,3950.0,4,4,0,27.0,New Property,0,0,0,0,0,0,61
flat,tulip violet,sector 69,1.31,8518.0,1392.0,3,3,2,12.0,Relatively New,0,0,0,1,0,2,174
flat,sapphire eighty three,sector 83,0.4,8547.0,520.0,1,1,1,6.0,Relatively New,0,0,0,0,0,1,52
flat,tulip violet,sector 69,1.5,10714.0,1492.0,3,3,2,8.0,Relatively New,0,0,0,1,0,2,174
house,independent,sector 24,5.25,38889.0,160.0,4,4,3+,2.0,Relatively New,0,0,0,0,0,2,72
flat,trisara our homes 3,sohna road,0.35,5564.0,699.0,2,2,1,2.0,New Property,0,0,0,0,0,0,74
flat,ss the leaf,sector 85,1.06,6344.0,1512.0,2,2,2,12.0,Relatively New,0,0,0,0,0,0,44
flat,shree vardhman flora,sector 90,0.9,4615.0,1765.0,3,4,3,4.0,Relatively New,0,1,0,0,0,0,165
flat,shapoorji pallonji joyville gurugram,sector 102,2.15,12707.0,1690.0,3,3,3,10.0,Relatively New,0,0,0,0,0,2,49
flat,ss the leaf,sector 85,1.78,7392.0,2179.0,3,4,3+,6.0,New Property,0,0,1,0,0,0,113
flat,ats marigold,sector 89,1.85,8605.0,1946.0,3,3,3+,12.0,New Property,0,1,0,0,0,0,37
flat,ansal estella,sector 103,1.5,8671.0,1741.0,3,3,3+,6.0,Under Construction,0,0,0,0,0,0,58
house,independent,sector 25,6.6,36667.0,1800.0,6,7,3+,2.0,Moderately Old,0,0,0,0,0,2,119
flat,tulip ivory,sector 70,2.35,9792.0,2667.0,4,4,3+,10.0,Moderately Old,0,1,0,0,0,2,65
flat,gls avenue 51,sector 92,0.21,6954.0,336.0,1,1,1,0.0,Relatively New,0,0,0,0,0,0,63
flat,ild grand centra,sector 37c,0.95,5220.0,1820.0,3,1,0,0.0,Relatively New,0,0,0,0,0,0,0
house,unitech espace,sector 50,7.45,34491.0,4500.0,4,4,3,3.0,Old Property,0,0,0,0,0,2,59
house,bestech park view aindependentda,sector 81,4.35,7937.0,5480.0,4,4,3,2.0,Relatively New,0,0,0,0,0,0,51
flat,m3m soulitude,sector 89,1.32,16923.0,867.0,3,3,3,1.0,Under Construction,0,0,0,0,0,0,45
flat,dlf the primus,sector 82a,2.7,10481.0,1891.0,4,4,3+,18.0,Moderately Old,0,1,0,0,0,0,38
flat,bptp park generations,sector 37d,1.5,9868.0,1376.0,3,2,3+,17.0,Relatively New,0,0,0,0,0,0,42
flat,signature global synera,sector 81,0.45,7525.0,664.0,2,2,2,6.0,Relatively New,0,0,1,0,0,2,39
house,independent,sector 4,3.2,14222.0,2250.0,3,3,2,2.0,Old Property,0,0,0,0,0,0,13
flat,hsiidc sidco aravali,manesar,0.9,3648.0,2233.0,4,4,3,7.0,Moderately Old,0,0,0,0,0,0,0
flat,aipl zen residences,sector 70a,1.75,10258.0,1706.0,3,4,3+,20.0,Relatively New,0,0,0,0,1,1,49
flat,baani city center,sector 63,0.88,10945.0,804.0,1,1,2,4.0,New Property,0,0,0,0,0,0,0
flat,puri diplomatic greens,sector 111,2.25,13235.0,1538.0,3,3,2,12.0,Relatively New,0,0,0,0,0,0,101
house,bptp visionnaire,sector 70a,6.0,22222.0,2700.0,5,4,3,3.0,New Property,0,0,0,0,0,0,40
flat,godrej oasis,sector 88a,1.29,7799.0,1642.0,3,3,3,5.0,New Property,1,0,0,0,1,0,65
flat,ss the leaf,sector 85,1.25,7180.0,1730.0,2,2,3,10.0,Relatively New,0,0,0,0,0,0,49
flat,ireo skyon,sector 60,3.75,13393.0,2650.0,4,4,3,12.0,Relatively New,0,1,0,0,0,2,49
flat,pareena coban residences,sector 99a,1.08,6626.0,1750.0,3,5,3,2.0,Relatively New,0,1,0,0,1,0,49
flat,vatika gurgaon,sector 83,1.42,8875.0,2000.0,4,4,3,7.0,Relatively New,1,1,0,0,0,0,103
flat,imperia the esfera,sector 37c,0.95,5702.0,1578.0,2,2,0,17.0,Under Construction,0,1,0,0,0,0,66
house,palam vihar extension west zone rwa,sector 2,0.4,4444.0,900.0,3,4,2,2.0,Moderately Old,0,0,0,0,0,0,36
flat,valley view estate,gwal pahari,1.5,8278.0,2013.0,4,4,3+,9.0,Old Property,1,1,0,0,1,0,135
flat,pareena coban residences,sector 99a,1.35,6760.0,1807.0,3,5,3,6.0,New Property,0,1,0,0,1,0,60
flat,corona optus,sector 37c,1.25,7176.0,1563.0,3,3,3,2.0,Relatively New,1,0,0,0,0,0,49
flat,adani m2k oyster grande,sector 102,2.5,7817.0,2894.0,4,5,3+,5.0,Relatively New,0,1,0,0,0,0,76
flat,ats marigold,sector 89,1.5,8499.0,1480.0,3,3,3,5.0,Under Construction,0,0,0,0,0,0,96
house,independent,sector 12,1.4,8701.0,166.0,2,2,1,2.0,Old Property,0,0,0,0,0,0,0
flat,maxworth city residences,sector 10a,0.9,7081.0,1086.0,2,2,3,9.0,New Property,0,0,0,0,1,0,52
flat,godrej nature plus,sector 33,1.08,13123.0,85.0,2,2,3,8.0,Under Construction,0,0,0,0,0,0,56
flat,ss the leaf,sector 85,1.09,6667.0,1638.0,2,2,3,9.0,Relatively New,0,0,1,0,0,0,174
flat,signature global synera,sector 81,0.38,9500.0,444.0,1,1,2,3.0,Relatively New,0,0,0,0,0,0,43
house,international city by sobha phase 2,sector 109,6.5,12037.0,5400.0,4,4,3+,1.0,New Property,0,0,0,0,0,2,160
flat,bestech park view grand spa,sector 81,2.25,8459.0,2300.0,3,4,3+,8.0,Relatively New,1,1,1,0,0,2,122
house,independent,sector 1,1.85,16003.0,1284.0,4,3,2,3.0,Moderately Old,0,0,0,0,0,0,0
flat,kendriya vihar,sector 56,0.58,9587.0,672.0,1,1,1,1.0,Old Property,0,0,0,0,0,0,77
flat,experion the heartsong,sector 108,0.87,11853.0,978.23,2,3,3,2.0,Relatively New,0,1,0,0,0,2,123
flat,bestech park view ananda,sector 81,0.87,7952.0,1300.0,2,2,3,8.0,Relatively New,0,0,0,0,0,0,95
house,dlf city plots phase 2,sector 25,7.5,31686.0,2300.5,9,9,3+,4.0,Relatively New,0,0,0,0,0,2,160
flat,pareena laxmi apartments,sector 99a,0.32,5517.0,577.0,2,2,1,2.0,New Property,0,0,0,0,0,0,43
flat,vipul world,sector 48,1.38,9485.0,1611.0,3,3,1,2.0,Relatively New,0,0,0,0,0,0,60
flat,tata primanti,sector 72,4.1,14099.0,2629.0,4,5,3+,39.0,New Property,0,1,0,0,1,0,103
flat,paras quartier,gwal pahari,7.5,14019.0,4842.0,4,4,3+,20.0,New Property,0,1,0,1,1,2,49
house,unitech espace,sector 50,11.29,34846.0,3240.0,5,5,3+,2.0,Moderately Old,0,0,0,0,0,0,21
flat,godrej,sector 79,1.18,8532.0,1252.0,2,2,3,7.0,Relatively New,0,0,0,0,0,0,158
flat,m3m sierra 68,sector 68,1.13,9076.0,1130.0,2,2,3,9.0,Relatively New,0,0,0,0,0,2,149
house,huda ashok vihar phase,sector 4,0.7,10234.0,684.0,3,2,1,2.0,New Property,0,0,0,0,0,0,7
house,international city by sobha phase 2,sector 109,11.3,25111.0,480.0,7,5,3+,4.0,Relatively New,0,0,0,0,0,0,49
flat,whiteland blissville,sector 76,1.9,11364.0,1513.0,3,3,2,0.0,Under Construction,0,0,0,0,0,0,61
flat,mvn athens,sohna road,0.26,5394.0,535.0,2,2,1,2.0,Relatively New,0,0,0,0,0,0,37
house,emaar emerald hills,sector 65,12.5,34722.0,3600.0,4,4,3+,2.0,Relatively New,0,0,0,0,0,0,56
flat,signature global solera,sector 107,0.36,6569.0,496.0,2,2,1,9.0,Relatively New,0,0,0,0,0,0,28
flat,m3m merlin,sector 67,2.9,14167.0,1852.0,3,3,3,0.0,Relatively New,0,0,0,0,1,2,49
flat,emaar palm gardens,sector 83,1.35,12329.0,1387.0,3,3,3,7.0,Relatively New,0,1,0,0,0,0,24
flat,bestech park view ananda,sector 81,0.95,6985.0,1260.0,2,2,2,14.0,Relatively New,0,0,0,0,0,2,165
flat,emaar mgf emerald floors premier,sector 65,2.35,14242.0,1650.0,3,3,2,4.0,Relatively New,1,1,0,0,0,0,165
flat,dlf the primus,sector 82a,2.95,11452.0,2110.0,4,5,3+,10.0,Relatively New,0,1,0,0,0,1,174
house,independent,sector 50,12.5,40611.0,3078.0,6,5,3,4.0,Moderately Old,0,0,0,0,0,2,23
house,emaar mgf marbella,sector 66,9.0,21251.0,5200.0,4,4,3+,2.0,Relatively New,0,0,0,0,0,2,114
flat,ss the leaf,sector 85,1.25,7180.0,1934.0,2,2,2,16.0,Relatively New,0,0,0,0,0,2,49
flat,vatika xpressions,sector 88b,0.92,7360.0,1300.0,2,2,2,3.0,Relatively New,0,0,0,1,0,0,174
flat,birla navya,sector 63a,3.23,26872.0,1640.0,3,3,3,4.0,New Property,0,1,0,0,0,0,52
house,international city by sobha phase 1,sector 109,5.7,10556.0,5400.0,4,5,3+,3.0,Relatively New,0,0,0,0,0,0,160
flat,the close north,sector 50,2.5,11945.0,1894.0,3,3,3,11.0,Relatively New,0,0,0,1,0,2,127
house,independent,sector 13,1.5,11538.0,1300.0,2,7,3,4.0,Moderately Old,0,0,0,0,0,0,0
flat,hsiidc sidco shivalik apartments,manesar,0.85,5102.0,1508.0,3,2,2,5.0,Moderately Old,0,0,0,0,0,0,0
flat,pivotal riddhi siddhi,sector 99,0.72,947.0,784.0,2,2,2,12.0,Relatively New,0,0,1,0,0,0,31
flat,umang winter hills,sector 77,1.05,5763.0,1600.0,3,3,3,7.0,Relatively New,0,0,0,0,0,0,49
flat,ompee k s residency,sector 110,1.6,2993.0,73.0,2,2,2,1.0,Relatively New,0,0,0,0,0,0,0
flat,la vida by tata housing,sector 113,1.93,12223.0,1429.0,3,3,2,8.0,Under Construction,0,0,0,0,0,0,71
house,independent,sector 13,0.45,4808.0,936.0,1,1,0,1.0,Old Property,0,0,0,0,0,0,0
flat,godrej icon,sector 88a,1.31,8101.0,1463.0,2,2,3+,3.0,Relatively New,1,0,0,0,0,0,102
flat,microtek greenburg,sector 86,1.25,8446.0,1339.0,3,4,3,0.0,Relatively New,1,0,0,0,0,0,49
flat,puri emerald bay,sector 104,2.25,10465.0,2303.0,3,4,3+,4.0,Relatively New,0,1,0,0,0,2,159
flat,birla navya,sector 63a,3.15,14631.0,222.0,3,3,3,4.0,Under Construction,0,0,0,0,1,0,44
flat,central park flower valley aqua front towers,sector 33,1.7,9503.0,1619.0,3,3,3,12.0,Under Construction,0,0,0,0,0,0,24
flat,emaar palm gardens,sector 83,1.8,9474.0,1549.0,3,3,3,6.0,Relatively New,0,1,0,0,0,2,97
flat,mahindra aura,sector 110,2.25,9267.0,2350.0,4,4,3+,2.0,Relatively New,0,1,0,0,0,0,152
flat,dlf regal gardens,sector 90,1.25,7167.0,1578.0,3,3,2,11.0,Relatively New,0,0,0,0,1,0,14
flat,dlf the ultima,sector 81,2.45,11492.0,1800.0,3,3,2,9.0,Relatively New,0,1,0,0,0,2,174
flat,gls arawali homes,sohna road,0.28,5983.0,520.0,2,2,2,3.0,Relatively New,0,0,0,0,0,0,42
flat,dlf the ultima,sector 81,2.35,11233.0,1558.0,3,4,3+,18.0,Relatively New,0,1,0,0,0,0,106
house,bhim nagar society,sector 6,0.4,2500.0,1600.0,4,2,2,1.0,Moderately Old,0,0,0,0,0,0,0
flat,emaar mgf the palm drive,sector 66,4.6,18400.0,2882.0,3,3,3,11.0,Relatively New,1,1,1,1,0,0,131
flat,ambience creacions,sector 22,2.4,17391.0,1200.0,2,2,2,8.0,Relatively New,0,0,0,0,1,1,112
flat,shree vardhman flora,sector 90,0.65,5000.0,1176.0,2,2,2,12.0,Old Property,1,0,0,0,0,0,103
flat,paras dews,sector 106,0.97,8818.0,1200.0,2,2,3,6.0,New Property,0,0,0,1,0,2,174
flat,experion windchants,sector 112,3.0,11538.0,2600.0,3,3,2,2.0,Relatively New,0,0,0,0,1,2,49
flat,ild grand,sector 37c,1.2,6593.0,1647.0,3,3,3,7.0,Under Construction,0,0,0,0,0,0,24
flat,microtek greenburg,sector 86,1.23,8311.0,1339.0,2,2,3,13.0,Relatively New,1,0,0,0,0,0,6
flat,dlf the primus,sector 82a,2.85,10936.0,2179.0,4,4,3+,2.0,New Property,0,1,0,0,0,1,174
flat,sobha city,sector 108,4.1,23402.0,2343.0,4,5,3,25.0,New Property,1,1,0,0,0,1,97
flat,ramprastha the edge towers,sector 37d,0.71,5420.0,1100.0,2,2,3,10.0,New Property,0,0,0,0,1,0,38
flat,eldeco accolade,sohna road,0.85,6725.0,978.0,2,2,3,10.0,New Property,0,0,0,0,0,0,72
flat,mahindra aura,sector 110,1.4,9655.0,1550.0,3,3,3,10.0,Relatively New,0,0,0,0,0,2,142
house,dlf city plots phase 2,sector 25,6.5,36111.0,1800.0,5,5,3+,3.0,Old Property,0,0,0,0,0,2,134
flat,dlf new town heights,sector 86,1.26,6114.0,1747.0,3,3,3,5.0,Moderately Old,0,1,0,0,1,0,113
flat,smart world orchard,sector 61,1.47,12783.0,1278.0,2,2,2,4.0,New Property,1,0,0,1,0,0,53
house,international city by sobha phase 2,sector 109,5.65,10463.0,5400.0,4,4,3+,2.0,New Property,0,0,0,0,0,2,44
house,independent,sector 15,1.8,10000.0,1800.0,4,3,1,1.0,Old Property,0,0,0,0,0,0,16
flat,dlf the skycourt,sector 86,1.5,9740.0,1780.0,3,3,3+,18.0,Relatively New,1,0,0,0,0,0,174
flat,ild greens,sector 37c,1.05,7500.0,1500.0,3,3,3,4.0,New Property,0,0,0,0,0,2,5
flat,ramprastha the atrium,sector 37d,1.0,7782.0,1163.0,3,3,2,4.0,Relatively New,0,0,0,0,0,0,13
flat,unitech uniworld gardens,sector 47,2.4,11505.0,1888.0,3,3,3+,10.0,Moderately Old,0,1,0,0,0,2,120
flat,dlf the ultima,sector 81,2.7,12802.0,2343.0,3,3,3,15.0,Relatively New,0,1,0,0,0,2,49
flat,tulip violet,sector 69,1.7,8458.0,1819.0,4,4,2,1.0,Relatively New,0,0,0,0,0,0,126
flat,paras dews,sector 106,0.95,6859.0,940.0,2,2,3+,2.0,Relatively New,0,0,0,0,0,0,49
flat,antriksh heights,sector 84,0.54,4459.0,1086.0,2,2,3+,17.0,Relatively New,0,0,0,0,0,0,81
flat,tulip violet,sector 69,1.72,8731.0,1783.0,4,4,1,12.0,Relatively New,0,0,0,0,0,0,86
house,independent,sector 45,4.49,24455.0,1836.0,3,9,3+,3.0,Moderately Old,0,0,0,0,0,2,90
flat,spectrum centre,sector 82a,0.62,9538.0,650.0,1,1,0,6.0,Relatively New,0,0,0,0,0,0,0
house,independent,sector 2,3.0,19268.0,1557.0,6,4,3+,3.0,Old Property,0,0,0,0,0,2,28
flat,mittal surya vihar,sector 21,1.4,5833.0,2172.0,5,4,2,2.0,Moderately Old,0,0,0,0,0,0,0
flat,sare green parc 2,sector 92,1.07,5245.0,2040.0,4,3,3,10.0,Under Construction,1,1,0,0,0,0,86
flat,puri emerald bay,sector 104,2.23,9911.0,2359.0,3,4,3+,10.0,Relatively New,0,1,0,0,0,2,159
house,independent,sector 14,3.4,15111.0,2250.0,3,3,3,1.0,Old Property,0,0,0,0,0,0,32
flat,avl 36 gurgaon,sector 36a,0.4,10204.0,436.0,1,1,1,4.0,Relatively New,0,0,0,0,0,0,35
flat,siddhartha apartment,sector 95,1.1,4327.0,2824.0,4,3,3,9.0,Relatively New,0,1,0,0,1,0,22
house,independent,sector 55,5.0,44444.0,115.0,2,9,3+,5.0,New Property,0,0,0,0,0,2,44
flat,unitech uniworld gardens,sector 47,2.15,10307.0,1950.0,3,4,3+,10.0,Moderately Old,0,1,0,0,0,0,49
flat,smriti apartment,sector 56,0.45,7500.0,543.0,1,1,2,3.0,Old Property,0,0,0,0,0,0,57
house,independent,sector 7,3.0,11494.0,2610.0,7,7,0,3.0,Old Property,0,0,0,0,0,0,0
flat,bestech park view city,sector 48,1.78,10023.0,1526.0,3,4,2,5.0,Relatively New,1,0,0,1,0,0,53
flat,emaar mgf palm terraces,sector 66,4.5,10598.0,3321.0,5,5,3+,11.0,New Property,0,1,0,0,0,0,105
flat,godrej nature plus,sector 33,1.5,9677.0,1403.0,3,3,3,6.0,Under Construction,1,0,0,0,0,0,72
flat,supertech araville,sector 79,0.78,6023.0,1172.0,2,2,3+,0.0,New Property,0,0,0,0,1,0,74
house,palam vihar extension west zone rwa,sector 2,0.65,5778.0,1125.0,2,2,1,1.0,Moderately Old,0,0,0,0,0,0,23
flat,tulip violet,sector 69,1.55,9639.0,1455.0,3,3,2,2.0,Relatively New,0,0,0,1,0,2,86
flat,the close south,sector 50,3.1,12445.0,2450.0,3,4,3+,4.0,Moderately Old,0,1,0,0,0,2,165
flat,sare green parc phase 3,sector 92,0.95,4857.0,1770.0,4,3,3,4.0,Moderately Old,0,0,0,0,0,0,67
flat,my home,sector 110,0.22,4400.0,556.0,2,2,1,1.0,New Property,0,0,0,0,0,2,0
flat,dlf new town heights,sector 90,1.8,6601.0,2468.0,4,4,3+,23.0,Moderately Old,0,0,0,0,0,0,67
flat,bestech park view ananda,sector 81,1.35,7542.0,1438.0,3,3,3+,10.0,Moderately Old,0,0,1,0,0,2,72
flat,dlf new town heights,sector 90,1.25,6504.0,1929.0,3,3,3+,5.0,Relatively New,0,1,0,1,0,0,127
flat,breez global heights,sohna road,0.28,7143.0,443.0,1,1,1,4.0,New Property,0,0,0,0,0,1,26
house,vatika india next,sector 83,1.7,7870.0,2160.0,3,3,3+,4.0,New Property,0,0,0,0,0,0,0
flat,dlf new town heights,sector 90,1.65,5684.0,2468.0,4,4,3+,7.0,Moderately Old,0,0,0,0,0,0,117
flat,tulip violet,sector 69,2.0,9583.0,1889.0,4,4,2,0.0,Relatively New,0,0,0,0,0,0,157
flat,vatika india next,sector 82,0.8,6426.0,1383.0,2,2,3,9.0,Relatively New,0,0,0,0,0,0,0
flat,ats tourmaline,sector 109,1.75,8140.0,1946.0,3,4,3+,2.0,Relatively New,0,1,0,0,1,0,65
house,international city by sobha phase 2,sector 109,12.5,26670.0,4500.0,5,6,3,3.0,Relatively New,0,0,0,0,0,0,63
flat,m3m skywalk,sector 74,1.6,9512.0,1508.0,2,2,2,26.0,Relatively New,0,0,0,0,0,2,158
flat,aipl club residences,sector 70a,0.95,10215.0,930.0,2,2,1,11.0,New Property,0,0,0,0,0,2,103
house,independent,sector 70a,2.1,3889.0,667.0,3,2,1,3.0,New Property,0,0,0,0,0,0,0
house,independent,sector 36,0.66,7166.0,823.0,2,2,3,4.0,New Property,0,0,0,0,0,0,0
house,independent,sector 7,1.2,11194.0,1072.0,2,4,2,3.0,Old Property,0,0,0,0,0,0,0
flat,sidhartha ncr one phase,sector 95,0.56,4106.0,1234.0,2,2,2,10.0,Relatively New,0,0,0,0,0,2,60
flat,bestech park view residency,sector 2,1.4,7865.0,1611.0,3,3,3+,8.0,Moderately Old,0,0,0,0,0,0,92
flat,pareena coban residences,sector 99a,1.1,7097.0,1368.0,2,2,3,9.0,New Property,1,0,0,0,0,0,88
flat,mapsko mount ville,sector 79,1.4,9396.0,1656.0,3,3,3,2.0,New Property,0,0,0,0,0,2,112
flat,dlf regal gardens,sector 90,1.25,7340.0,1541.0,3,3,3,28.0,Moderately Old,0,1,0,0,0,0,38
flat,godrej nature plus,sector 33,1.4,15119.0,113.0,3,2,3+,20.0,New Property,0,0,0,0,0,0,70
flat,dlf the ultima,sector 81,2.34,11185.0,1760.0,3,4,3+,14.0,Relatively New,0,1,0,0,0,1,174
house,ganpati heights apartment,sector 13,1.25,12077.0,115.0,3,6,2,3.0,Old Property,0,0,0,0,0,0,7
flat,experion the heartsong,sector 108,2.08,9905.0,2631.0,4,4,3+,3.0,Relatively New,0,1,0,0,0,0,126
flat,ss the leaf,sector 85,1.2,10453.0,1380.0,2,2,3+,2.0,Relatively New,0,0,1,0,0,0,156
flat,elan the presidential,sector 106,6.3,15385.0,3797.0,5,6,3+,10.0,Under Construction,0,0,0,0,0,2,62
flat,m3m woodshire,sector 107,0.9,5867.0,1281.0,2,2,3,8.0,Relatively New,1,0,0,0,0,2,74
house,unitech deerwood chase,sector 50,8.45,26153.0,359.0,3,3,2,2.0,Old Property,0,0,0,0,0,2,102
flat,ramsons kshitij,sector 95,0.22,6471.0,308.0,1,1,1,2.0,New Property,0,0,0,0,0,0,0
flat,global hill view,sector 11,0.36,5150.0,699.0,2,2,0,15.0,Relatively New,0,0,0,0,0,0,0
flat,sobha city,sector 108,2.4,17379.0,1250.0,2,2,2,14.0,New Property,0,0,0,0,0,2,113
flat,corona optus,sector 37c,1.44,7236.0,1789.0,3,3,3+,2.0,Relatively New,1,1,0,0,1,0,49
flat,bptp terra,sector 37d,1.78,8124.0,1983.0,4,3,3,10.0,Relatively New,0,1,0,0,0,0,127
flat,vipul lavanya,sector 81,0.65,5263.0,985.0,2,2,2,14.0,Moderately Old,0,0,0,0,0,0,96
flat,m3m heights,sector 65,2.78,15200.0,1654.0,3,3,3,44.0,Relatively New,0,0,0,0,0,0,56
flat,bestech park view residency,sector 2,0.98,6931.0,1281.0,2,2,3,11.0,Moderately Old,0,0,0,0,0,0,83
flat,tulip violet,sector 69,1.55,9823.0,1428.0,3,3,2,5.0,Relatively New,0,0,0,1,0,0,99
flat,bestech park view grand spa,sector 81,2.29,8609.0,2315.0,3,4,3+,10.0,Relatively New,1,1,0,0,0,1,174
flat,pyramid urban,sector 67a,0.56,7932.0,778.0,2,2,2,0.0,Relatively New,0,0,0,0,1,0,49
flat,capital residences 360,sector 70a,1.18,8138.0,1400.0,2,2,3,7.0,New Property,0,0,0,1,0,0,140
flat,dlf new town heights,sector 90,1.51,6387.0,2362.0,4,4,3+,6.0,Relatively New,0,1,0,1,0,2,142
flat,m3m woodshire,sector 107,0.88,6442.0,1236.0,2,2,3+,3.0,Relatively New,0,0,0,0,0,0,99
flat,assotech blith,sector 99,0.92,6740.0,1235.0,2,2,3+,22.0,Under Construction,0,0,0,0,0,0,56
flat,dlf new town heights,sector 90,1.9,5684.0,2468.0,4,4,3+,7.0,Relatively New,0,1,0,1,0,0,88
flat,adani brahma samsara vilasa,sector 63,3.25,29545.0,2700.0,3,3,3,4.0,New Property,0,0,0,0,1,0,41
flat,supertech basera,sector 79,0.36,7643.0,546.0,2,2,1,4.0,New Property,0,0,0,0,0,0,60
flat,hero homes,dwarka expressway,1.6,7824.0,1529.0,3,3,3,1.0,New Property,0,0,0,0,0,0,49
flat,m3m golfestate,sector 65,13.2,12000.0,12222.0,4,4,3,13.0,Moderately Old,0,1,0,0,0,0,60
flat,godrej oasis,sector 88a,1.0,6897.0,1611.0,2,2,3,7.0,Relatively New,1,0,0,0,0,0,72
flat,unitech fresco,sector 50,1.8,9590.0,1870.0,3,4,3+,6.0,Moderately Old,0,1,0,0,0,2,174
flat,orris carnation residency,sector 85,0.55,5789.0,1050.0,2,2,2,5.0,Relatively New,0,0,0,0,1,0,174
flat,experion windchants,sector 112,3.65,11428.0,2800.0,3,5,2,3.0,Relatively New,0,1,0,0,0,0,72
house,unitech south city,sector 50,5.88,27222.0,2160.0,3,9,3+,3.0,Relatively New,0,0,0,0,0,1,128
house,spaze privy,sector 72,3.09,6981.0,3653.0,5,5,3+,14.0,Relatively New,0,0,0,0,0,2,33
flat,breez global heights,sohna road,0.25,7003.0,386.0,1,1,1,1.0,Relatively New,0,0,0,0,0,0,57
flat,surya vihar rwa,sector 21,1.3,6500.0,2400.0,5,5,2,2.0,Old Property,1,1,1,0,0,2,42
flat,shree vardhman flora,sector 90,0.66,5077.0,1122.0,2,2,3,4.0,Relatively New,1,0,0,0,0,0,119
house,ansals palam vihar,sector 2,2.75,17662.0,1557.0,3,3,3,2.0,Moderately Old,0,0,0,0,0,2,15
house,independent,sector 9,3.4,12938.0,2628.0,9,9,3,3.0,Moderately Old,0,0,0,0,0,2,61
flat,sare crescent parc,sector 92,0.5,5000.0,905.0,2,2,3,2.0,Moderately Old,0,0,0,0,0,0,38
flat,shri ram apartments,sector 4,0.32,3368.0,1056.0,2,2,1,4.0,Relatively New,0,0,0,0,0,2,7
flat,pareena laxmi apartments,sector 99a,0.31,5905.0,583.0,2,2,2,6.0,New Property,0,0,0,0,0,0,74
flat,ashiana mulberry,sohna road,0.95,6485.0,1175.97,2,2,3+,3.0,New Property,1,0,0,0,0,0,89
flat,ireo skyon,sector 60,3.6,12816.0,2604.0,4,5,3,24.0,Relatively New,0,1,0,0,0,2,49
flat,vipul belmonte,sector 53,6.0,24490.0,2217.0,3,4,3+,6.0,Moderately Old,0,1,0,0,1,2,26
flat,dlf the ultima,sector 81,2.5,11726.0,1700.0,3,3,2,20.0,Relatively New,0,1,0,0,0,1,174
flat,bestech park view residency,sector 2,0.95,6714.0,1281.0,2,2,3,1.0,Moderately Old,0,0,0,0,0,2,82
flat,m3m heights,sector 65,2.29,15980.0,1592.0,2,2,3,8.0,Under Construction,1,0,0,0,0,0,15
flat,vatika the seven lamps,sector 82,1.0,5924.0,1299.0,2,2,2,11.0,Relatively New,1,0,0,0,0,2,90
house,independent,sector 57,6.25,23496.0,2660.0,9,9,3+,3.0,New Property,0,0,0,0,0,2,61
house,signature global city 81,sector 81,0.75,6849.0,1095.0,3,2,3,4.0,Under Construction,0,0,0,0,0,0,97
flat,smart world gems,sector 89,1.16,8152.0,1581.0,3,3,2,3.0,Under Construction,1,0,0,0,0,0,68
flat,shri banke bihari society,sector 56,1.35,6750.0,1800.0,3,3,3,5.0,Old Property,0,0,0,0,1,2,82
flat,smart world gems,sector 89,1.13,8503.0,1473.0,3,3,2,4.0,Under Construction,1,0,0,0,0,0,115
house,my home,sector 110,0.34,12593.0,270.0,2,2,2,3.0,Moderately Old,0,0,0,0,0,0,22
flat,mvn athens,sohna road,0.21,4667.0,500.0,1,1,1,11.0,New Property,0,0,0,0,0,0,16
flat,adani m2k oyster grande,sector 102,2.6,10008.0,2351.0,3,3,3,2.0,Relatively New,1,1,1,0,0,0,118
flat,supertech araville,sector 79,1.35,6941.0,2161.0,3,3,3,4.0,Relatively New,0,0,0,0,0,0,0
flat,breez global hill view,sohna road,0.3,5128.0,650.0,2,2,1,11.0,New Property,0,0,0,0,0,0,91
flat,essel towers,sector 14,2.75,12500.0,2200.0,4,5,3+,8.0,Old Property,1,1,0,0,0,1,128
flat,capital residences 360,sector 70a,1.55,7844.0,1600.0,3,3,3,8.0,Relatively New,1,1,0,1,1,0,42
house,signature global city 92,sector 92,0.75,7821.0,959.0,2,2,3,1.0,Relatively New,0,0,0,0,0,0,46
flat,vatika lifestyle homes,sector 83,1.15,6553.0,1588.0,3,2,3,15.0,Relatively New,0,0,0,0,0,0,37
flat,pioneer araya,sector 62,7.56,18000.0,4200.0,4,4,3+,23.0,Relatively New,0,1,0,1,0,2,87
house,independent,sector 26,20.0,44444.0,4500.0,5,7,3+,3.0,Relatively New,0,0,0,0,0,1,97
flat,m3m woodshire,sector 107,1.29,8836.0,1690.0,3,3,3+,1.0,Relatively New,0,0,0,1,0,2,174
flat,shri ram apartments,sector 4,0.46,5111.0,1000.0,2,2,1,1.0,Relatively New,0,0,0,0,0,2,69
flat,ambience creacions,sector 22,4.3,13916.0,2600.0,3,4,3+,6.0,Relatively New,0,1,0,0,1,1,120
flat,godrej nature plus,sector 33,1.27,9183.0,1252.0,2,2,3+,9.0,Under Construction,0,0,0,0,0,0,38
flat,paras dews,sector 106,1.05,7581.0,1539.0,2,2,2,5.0,New Property,0,0,0,0,0,0,97
flat,ss the leaf,sector 85,2.1,7468.0,2545.0,4,5,3+,9.0,Relatively New,0,0,0,0,0,2,67
flat,tulip purple,sector 69,1.8,9000.0,2200.0,4,5,3+,4.0,Relatively New,0,1,0,0,0,0,165
house,independent,sector 57,4.75,28788.0,1700.0,3,3,3,2.0,Moderately Old,0,0,0,0,0,2,96
flat,espire south,sector 68,1.32,9047.0,1460.0,2,2,2,9.0,New Property,0,0,0,0,0,0,0
flat,godrej summit,sector 104,1.3,7893.0,1490.0,3,3,3,8.0,New Property,0,0,0,0,1,0,103
house,dlf city plots,sector 26,4.0,4531.0,981.0,4,3,2,2.0,Relatively New,0,0,0,0,0,2,0
flat,orris aster court premier,sector 85,1.2,5660.0,1650.0,3,4,2,6.0,Relatively New,0,1,0,0,0,0,28
flat,ireo skyon,sector 60,3.75,13393.0,2534.0,4,5,3,15.0,Relatively New,0,1,0,0,0,0,167
flat,vatika the seven lamps,sector 82,0.81,6193.0,1176.0,2,2,2,15.0,Relatively New,0,0,0,0,0,2,117
flat,parsvnath green ville,sector 48,1.6,8377.0,1895.0,3,3,3+,8.0,Old Property,0,0,0,0,1,2,49
flat,dlf icon,sector 43,5.8,20707.0,2801.0,4,4,3+,18.0,Old Property,0,0,0,0,0,0,0
house,rwa sector 46,sector 46,4.5,24390.0,206.0,6,6,3+,3.0,Moderately Old,0,0,0,0,0,2,80
house,independent,sector 50,7.0,23333.0,3400.0,4,4,2,3.0,Old Property,0,0,0,0,0,0,118
house,independent,sector 12,6.0,35088.0,1778.0,4,6,2,2.0,Old Property,0,0,0,0,0,0,0
house,independent,sector 21,0.45,8411.0,594.0,3,2,1,1.0,Old Property,0,0,0,0,0,0,0
flat,krrish provence estate,gwal pahari,5.5,9483.0,5249.0,4,5,3+,11.0,New Property,1,1,0,1,0,0,151
flat,m3m golfestate,sector 65,4.95,15906.0,2816.0,3,3,3,10.0,Relatively New,0,1,0,0,0,2,82
flat,m3m capital,sector 113,2.37,11499.0,2060.0,4,4,3+,20.0,Under Construction,1,0,0,0,0,0,143
house,sushant lok 1 builder floors,sector 43,1.65,3395.0,540.0,4,4,3+,4.0,Moderately Old,0,0,0,0,0,1,49
flat,tata primanti,sector 72,3.2,12190.0,2600.0,4,4,3+,8.0,Moderately Old,0,1,0,0,0,2,168
house,kothi,sector 17b,6.95,15444.0,3500.0,4,4,3+,2.0,Old Property,0,0,0,0,0,0,33
flat,breez global heights,sohna road,0.21,5330.0,438.0,1,1,1,2.0,Relatively New,0,0,0,0,0,0,21
flat,ss the leaf,sector 85,1.22,13319.0,1300.0,2,2,3,16.0,Relatively New,0,0,1,0,0,0,81
flat,saan verdante,sector 95,2.0,10178.0,1964.0,3,4,3+,5.0,New Property,0,1,0,0,0,0,49
house,independent,sector 105,1.35,3857.0,3500.0,5,3,3,3.0,Moderately Old,0,0,0,0,0,0,0
flat,emaar mgf emerald floors premier,sector 65,2.8,16970.0,1833.0,3,3,3+,3.0,Relatively New,1,1,0,0,0,2,38
flat,bestech park view spa next,sector 67,2.85,12128.0,2127.0,4,4,3+,5.0,Moderately Old,0,1,0,1,0,2,149
flat,hcbs sports ville,sohna road,0.27,4348.0,619.0,2,2,2,10.0,Relatively New,0,0,0,0,0,0,43
flat,afnhb jalvayu vihar,sector 30,1.45,11154.0,1300.0,3,2,2,2.0,Old Property,0,0,0,0,0,1,75
flat,emaar mgf emerald estate,sector 65,1.3,20602.0,812.0,2,2,2,7.0,Relatively New,1,0,0,0,0,0,78
house,nirvana cedar crest,sector 50,3.99,8867.0,4500.0,4,5,3+,4.0,New Property,0,0,0,0,0,2,112
flat,ss,sector 85,2.1,7468.0,2600.0,4,4,3,2.0,Relatively New,0,0,0,0,0,0,49
flat,puri emerald bay,sector 104,1.8,8824.0,1538.0,2,3,3,23.0,New Property,0,1,0,0,0,0,36
flat,vatika city,sector 49,2.64,11723.0,1750.75,3,4,3+,2.0,Moderately Old,0,1,0,1,0,2,140
flat,la vida by tata housing,sector 113,1.38,12000.0,1350.0,2,2,3,8.0,New Property,1,0,0,0,0,0,174
flat,dlf the primus,sector 82a,3.5,13431.0,2896.0,5,5,3+,14.0,Relatively New,1,0,0,0,0,1,49
flat,"ganpati apartment  2, laxman vihar phase 1",sector 4,0.45,4707.0,944.0,2,2,1,0.0,Relatively New,0,0,0,0,0,0,46
flat,imperia the esfera,sector 37c,0.86,4886.0,1593.0,3,3,2,0.0,New Property,0,0,0,0,1,0,35
flat,signature global synera,sector 81,0.31,7434.0,366.0,1,1,1,13.0,Relatively New,0,0,0,0,0,1,123
flat,indiabulls centrum park,sector 103,1.65,8250.0,1683.0,3,3,3+,15.0,Relatively New,1,0,0,0,0,0,38
flat,breez global heights,sector 36,0.24,5825.0,458.0,1,1,1,8.0,New Property,0,0,0,0,0,0,57
flat,vatika gurgaon,sector 83,1.12,6455.0,1500.0,3,3,2,17.0,Moderately Old,0,0,0,0,0,2,111
flat,vatika city,sector 49,1.72,7818.0,2444.0,3,3,2,2.0,Old Property,0,0,0,0,0,2,144
flat,bestech park view ananda,sector 81,1.15,6928.0,1352.0,3,2,3+,12.0,Relatively New,0,0,0,0,0,0,101
house,ansal sushant lok plots,sector 43,5.8,29974.0,1935.0,6,6,3,2.0,Relatively New,0,0,0,0,0,2,49
house,bptp visionnaire,sector 70a,5.4,20690.0,2610.0,4,5,3+,3.0,Relatively New,0,0,0,0,0,2,136
flat,sidhartha ncr one,sector 95,0.57,4179.0,1364.0,2,2,2,10.0,New Property,0,0,0,0,0,0,0
flat,signature global rosellia,sector 95,0.45,8755.0,571.0,2,2,2,14.0,New Property,0,0,0,0,0,0,24
house,dlf city plots phase 3,sector 24,1.44,2963.0,540.0,4,2,2,1.0,Old Property,0,0,0,0,0,0,8
flat,vatika the seven lamps,sector 82,1.39,6411.0,1955.0,3,3,3+,11.0,Relatively New,1,1,0,0,0,2,117
flat,dlf new town heights,sector 86,1.55,6579.0,2038.0,4,4,3+,12.0,Moderately Old,0,1,0,1,0,2,120
flat,bestech park view grand spa,sector 81,4.0,9524.0,3801.0,4,5,3+,15.0,Relatively New,0,1,0,0,0,2,127
house,independent,sector 54,3.75,26042.0,160.0,4,4,3,3.0,Moderately Old,0,0,0,0,0,2,13
flat,emaar mgf emerald floors premier,sector 65,2.35,14242.0,1833.0,3,3,3,3.0,Relatively New,1,1,0,0,0,2,124
flat,signature global park,sohna road,0.65,7908.0,913.0,2,1,2,3.0,New Property,0,0,0,0,0,0,87
flat,emaar gurgaon greens,sector 102,1.39,8424.0,1493.0,3,3,3,7.0,Relatively New,0,1,0,0,0,2,21
flat,raheja sampada,sector 92,0.7,4453.0,1572.0,3,3,0,7.0,Relatively New,0,0,0,0,0,0,0
flat,ireo victory valley,sector 67,2.99,11832.0,2200.0,3,3,3,4.0,Relatively New,0,1,0,0,0,2,37
house,landmark house,sector 43,2.75,25463.0,1080.0,3,3,1,2.0,Moderately Old,0,0,0,0,0,0,21
flat,emaar mgf palm terraces select,sector 66,3.4,14108.0,2210.0,4,4,3+,2.0,Relatively New,0,1,0,0,0,2,157
flat,proxima tower,sector 37c,0.6,4601.0,1180.0,2,2,3,5.0,Under Construction,1,0,0,1,0,0,55
flat,ambience creacions,sector 22,4.78,15469.0,2500.0,3,4,3,7.0,Relatively New,0,1,0,0,1,1,111
flat,breez global heights,sohna road,0.46,6479.0,789.0,2,2,2,6.0,Relatively New,0,0,0,0,0,1,49
flat,adani m2k oyster grande,sector 102,4.55,10000.0,4630.0,4,4,3+,11.0,Relatively New,0,0,0,0,0,2,60
house,independent,sector 47,5.15,26615.0,1935.0,3,9,3+,3.0,Relatively New,0,0,0,0,0,2,75
flat,lord krishna,sector 12,2.7,8571.0,3150.0,4,3,3,6.0,Old Property,0,0,0,0,0,0,0
house,suncity avenue 76,sector 76,0.75,10067.0,745.0,2,2,2,11.0,New Property,0,0,0,0,0,0,40
flat,umang monsoon breeze,sector 78,1.2,6494.0,2045.0,3,3,2,8.0,Moderately Old,0,0,0,1,0,1,8
flat,experion the heartsong,sector 108,1.36,6542.0,1343.0,3,2,3+,2.0,Relatively New,1,1,0,0,0,2,77
flat,orchid petals,sector 49,4.21,11836.0,3219.0,5,6,3+,14.0,Relatively New,0,1,0,1,0,0,35
flat,godrej,sector 79,1.41,8998.0,1747.0,2,2,3,3.0,New Property,1,0,0,0,0,0,104
flat,spaze privy at,sector 84,1.2,7453.0,1457.0,2,2,3,3.0,Relatively New,1,0,0,0,0,2,133
flat,signature global synera,sector 81,0.5,6803.0,700.0,2,2,3,6.0,Relatively New,0,0,0,0,0,0,117
house,independent,sector 8,0.62,11273.0,550.0,3,1,0,2.0,Moderately Old,0,0,0,0,0,0,0
flat,bestech park view residency,sector 2,0.95,6709.0,1573.0,2,2,3,10.0,Old Property,0,0,0,0,0,2,88
house,independent,sector 3 phase 3 extension,0.85,8500.0,1000.0,1,1,0,1.0,Moderately Old,0,0,0,0,0,0,0
flat,emaar emerald hills,sector 65,1.95,13929.0,1556.0,3,3,3+,1.0,New Property,0,0,1,0,0,2,117
flat,supertech hilltown,sector 2,0.8,5556.0,1440.0,3,2,3,8.0,Moderately Old,0,0,0,0,0,0,0
flat,sbr minda sec 1 imt manesar,manesar,0.65,4260.0,1696.0,3,2,3+,6.0,Moderately Old,0,0,0,0,0,0,5
flat,godrej summit,sector 104,1.75,7530.0,2582.0,4,5,3+,1.0,New Property,0,1,0,0,0,0,60
flat,krrish provence estate,gwal pahari,7.5,7500.0,9050.0,5,6,3+,23.0,Relatively New,0,1,0,1,1,0,49
flat,signature global solera,sector 107,0.36,6581.0,608.0,2,2,2,8.0,Relatively New,0,0,0,0,0,0,45
flat,pareena coban residences,sector 99a,1.05,6774.0,1390.0,2,2,3,2.0,Relatively New,1,0,0,0,0,0,49
flat,sare crescent parc royal greens phase 1,sector 92,0.95,5008.0,1717.0,4,5,3+,4.0,Moderately Old,0,1,0,0,0,0,37
flat,tulip ivory,sector 70,2.35,9792.0,2667.0,4,4,3+,8.0,Moderately Old,0,1,0,0,0,0,108
flat,ats kocoon,sector 109,1.6,9169.0,1550.0,3,3,3,10.0,Relatively New,0,0,0,0,0,0,86
flat,tata primanti,sector 72,3.19,12152.0,2376.0,4,5,3+,20.0,Relatively New,0,1,0,0,0,2,159
flat,la vida by tata housing,sector 113,1.32,10345.0,1199.0,2,2,2,3.0,Relatively New,0,0,0,0,0,0,49
flat,m3m merlin,sector 67,2.65,12946.0,1900.0,3,3,3,0.0,Relatively New,0,0,0,0,1,2,174
flat,sobha smriti apartments,sector 56,0.5,8333.0,667.0,1,1,2,3.0,Old Property,0,0,0,0,0,0,0
flat,bptp terra,sector 37d,1.65,8791.0,1699.0,3,3,2,15.0,Relatively New,0,0,0,0,0,0,116
flat,apna enclave,sector 3,0.58,6105.0,900.0,2,2,2,2.0,Old Property,0,0,0,0,0,0,66
house,independent,sector 46,3.6,24845.0,1449.0,5,5,3+,3.0,Moderately Old,0,0,0,0,0,2,75
flat,adani aangan arcade,sector 88a,0.45,7188.0,695.0,2,2,1,8.0,New Property,0,0,0,0,0,0,14
flat,aipl the peaceful homes,sector 70a,2.52,10723.0,2127.0,3,4,3,8.0,Relatively New,0,1,0,0,0,0,174
flat,umang winter hills,sector 77,0.86,6408.0,1214.0,2,2,2,16.0,New Property,0,0,0,0,0,2,79
flat,dlf new town heights,sector 91,2.0,6966.0,2468.0,4,4,3+,16.0,Moderately Old,1,1,0,1,0,0,65
flat,lotus homz,sector 111,0.7,10057.0,773.0,2,2,2,8.0,Relatively New,0,0,0,0,0,0,68
flat,corona optus,sector 37c,1.25,8929.0,1563.0,3,3,3,2.0,Relatively New,1,0,0,0,0,0,49
flat,signature global solera,sector 107,0.3,6135.0,544.0,2,2,1,5.0,Relatively New,0,0,0,0,0,0,57
flat,capital residences 360,sector 70a,1.1,7586.0,1312.0,2,2,2,10.0,Relatively New,1,0,0,0,0,0,42
flat,smart world orchard,sector 61,1.47,12783.0,1278.0,2,2,2,4.0,Under Construction,1,0,0,0,0,0,31
flat,ss hibiscus,sector 50,6.0,12272.0,3982.0,4,3,3,5.0,Moderately Old,0,1,0,0,0,0,31
flat,tulip lemon,sector 69,0.6,11407.0,584.0,2,1,1,11.0,Relatively New,0,0,0,0,0,0,0
flat,palam vihar extension west zone rwa,sector 2,0.2,4000.0,556.0,1,1,1,1.0,Moderately Old,0,0,0,0,1,0,0
flat,bptp pedestal,sector 70a,1.9,9500.0,2111.0,4,3,3,2.0,New Property,0,0,1,0,0,0,133
house,vipul tatvam villa,sector 48,6.4,24691.0,240.0,3,4,3,2.0,Relatively New,0,0,0,0,0,2,148
flat,emaar palm gardens,sector 83,1.73,9105.0,1600.0,3,3,3,5.0,Relatively New,0,1,0,0,0,2,174
flat,dlf the crest,sector 54,11.0,35484.0,3444.0,4,5,3+,7.0,Relatively New,1,1,0,1,0,0,49
flat,la vida by tata housing,sector 113,2.7,16364.0,2217.0,3,4,3+,4.0,Relatively New,0,1,0,0,0,2,49
house,eldeco mansionz,sector 48,6.0,22222.0,2700.0,4,4,3+,2.0,Moderately Old,0,0,0,0,0,0,69
flat,godrej oasis,sector 88a,1.15,7116.0,1380.0,2,2,3,14.0,Relatively New,1,0,0,1,0,0,174
flat,ramprastha primera,sector 37d,1.2,13333.0,1000.0,3,3,3,5.0,Relatively New,0,0,1,0,0,0,50
flat,m3m woodshire,sector 107,0.8,5857.0,1236.0,2,2,3+,7.0,Relatively New,0,0,0,0,0,2,165
flat,central park 2 bellevue,sector 48,5.0,11628.0,4778.0,3,4,3,14.0,Moderately Old,0,0,0,0,0,0,82
flat,rose apartment,sector 28,3.0,10482.0,2590.0,3,5,3+,8.0,Old Property,0,0,0,0,0,0,0
house,vipul tatvam villa,sector 48,7.35,22812.0,3222.0,4,5,2,2.0,Moderately Old,0,0,0,0,0,2,144
flat,ireo victory valley,sector 67,2.95,12236.0,2150.0,3,3,3,10.0,Relatively New,0,1,0,0,0,2,174
flat,ashiana anmol,sector 33,1.1,8627.0,1275.0,2,2,2,4.0,Under Construction,0,0,0,0,0,0,0
flat,professors enclave cghs,sector 56,1.55,7750.0,1810.0,3,3,3+,6.0,Moderately Old,0,1,0,0,0,2,49
flat,ss the leaf,sector 85,1.05,6402.0,1484.0,2,2,3,11.0,Relatively New,0,0,0,0,0,0,44
house,bptp visionnaire,sector 70a,5.35,8917.0,6000.0,4,4,3+,3.0,Relatively New,0,0,0,0,0,2,160
house,independent,sector 43,9.5,42222.0,300.0,5,5,3+,2.0,Relatively New,0,0,0,0,0,2,88
house,nitin vihar,sector 33,0.85,9444.0,900.0,3,2,0,1.0,Relatively New,0,0,0,0,0,0,15
flat,supertech araville,sector 79,1.1,5641.0,2167.0,3,3,3,1.0,Relatively New,0,0,0,0,0,2,106
house,independent,sector 13,0.62,3588.0,192.0,6,6,0,3.0,Old Property,0,0,0,0,0,0,0
flat,mapsko casa bella,sector 82,1.75,6903.0,2535.0,4,5,3+,1.0,Relatively New,0,0,0,0,0,0,54
flat,emaar imperial gardens,sector 102,1.92,9600.0,2222.0,3,3,3,12.0,Relatively New,1,1,1,1,0,0,95
flat,shree vardhman victoria,sector 70,1.65,8462.0,2167.0,3,3,2,6.0,Relatively New,1,0,0,0,0,0,72
flat,godrej nature plus,sector 33,1.2,13363.0,85.0,2,2,0,11.0,Under Construction,0,0,0,0,0,0,56
flat,apna enclave,sector 3,0.8,6154.0,1000.0,3,3,1,0.0,Old Property,0,0,0,0,0,0,0
flat,godrej nature plus serenity,sector 33,1.39,11583.0,1333.0,3,2,3+,23.0,Under Construction,0,0,0,0,0,0,105
house,independent,sector 4,0.55,6815.0,75.0,2,1,1,1.0,Moderately Old,0,0,0,0,0,0,0
flat,indiabulls enigma,sector 110,3.3,9851.0,3032.0,4,5,3,7.0,Relatively New,0,1,0,0,0,0,101
flat,shree vardhman victoria,sector 70,1.75,8204.0,1527.0,3,5,3,7.0,New Property,0,1,0,1,0,0,37
flat,signature global city 81,sector 81,0.89,8279.0,1194.0,2,2,2,3.0,Under Construction,0,0,0,0,1,0,20
flat,my home,sector 110,0.28,3167.0,1000.0,2,1,1,2.0,Relatively New,0,0,0,0,1,0,15
house,independent,sector 39,1.7,17989.0,900.0,2,2,3+,3.0,Moderately Old,0,0,0,0,0,0,45
flat,m3m skycity,sector 65,3.0,16411.0,1654.0,3,3,3,17.0,Under Construction,0,0,0,0,0,0,99
flat,satya the hermitage,sector 103,0.89,6138.0,1257.0,2,3,3,1.0,Relatively New,0,1,0,0,0,0,75
flat,dlf the belaire,sector 54,7.0,23333.0,2715.0,4,6,3+,12.0,Moderately Old,0,1,1,1,0,2,108
flat,avl 36 gurgaon,sector 36a,0.45,9000.0,452.0,1,1,1,9.0,Relatively New,0,0,0,0,0,0,0
house,independent,sector 57,6.21,23000.0,2700.0,6,6,3+,4.0,Old Property,0,0,0,0,0,0,52
house,independent,sector 7,2.0,13889.0,1440.0,2,2,2,2.0,Old Property,0,0,0,0,0,0,22
flat,supertech araville,sector 79,1.35,9000.0,1350.0,2,2,3,6.0,New Property,1,0,0,0,1,2,88
flat,ats tourmaline,sector 109,1.75,10000.0,1466.0,3,3,3,4.0,New Property,0,0,0,0,0,0,31
flat,ireo the corridors,sector 67a,1.8,14658.0,1551.0,3,3,3,6.0,New Property,0,1,1,0,0,2,150
flat,malibu towne,sector 47,2.4,10000.0,2667.0,3,3,0,0.0,Moderately Old,0,0,0,0,0,2,22
flat,tulip violet,sector 69,1.3,8286.0,1419.0,3,3,1,12.0,Relatively New,0,0,0,1,0,0,86
flat,dlf regal gardens,sector 90,1.25,5930.0,1557.0,3,3,3,18.0,Relatively New,0,0,0,0,1,0,72
flat,antriksh heights,sector 84,0.92,5041.0,1652.0,3,3,3,2.0,Relatively New,1,0,0,1,0,0,67
house,independent,sector 50,7.0,32407.0,240.0,3,2,0,1.0,Moderately Old,0,0,0,0,0,0,0
flat,corona gracieux,sector 76,0.75,5660.0,1199.0,2,2,3,13.0,Relatively New,0,0,0,0,0,2,0
flat,signature global park,sohna road,0.87,7190.0,1210.0,3,2,3,4.0,Relatively New,0,0,0,0,0,0,58
flat,dlf regal gardens,sector 90,1.25,6460.0,1650.0,3,3,3,10.0,Relatively New,0,0,0,0,1,2,38
house,independent,sector 12,2.75,12343.0,2228.0,6,6,2,2.0,Old Property,0,0,0,0,0,0,0
flat,ireo victory valley,sector 67,4.75,13930.0,3200.0,4,4,3+,0.0,Relatively New,1,1,1,1,0,2,165
flat,hero homes,sector 104,1.9,11249.0,1365.0,3,3,3,16.0,Under Construction,0,0,0,1,0,2,103
flat,hcbs sports ville,sohna road,0.38,5067.0,750.0,2,2,2,9.0,Relatively New,0,0,0,0,0,0,0
flat,ansal housing highland park,sector 103,1.1,6243.0,1500.0,3,3,3+,7.0,New Property,0,0,0,0,0,0,87
flat,unitech sunbreeze,sector 69,0.75,6849.0,991.0,2,2,2,4.0,Under Construction,0,0,0,0,0,0,0
house,independent,sector 50,6.5,21667.0,3000.0,5,6,0,1.0,Moderately Old,0,0,0,0,0,0,0
house,independent,sector 55,1.45,26852.0,60.0,1,4,3+,4.0,Relatively New,0,0,0,0,0,0,70
flat,tulip orange,sector 70,1.0,10309.0,1078.0,3,2,2,3.0,Moderately Old,0,0,0,0,0,0,58
flat,emaar palm gardens,sector 83,1.8,9474.0,1900.0,3,4,0,9.0,Relatively New,0,0,0,0,0,0,55
flat,experion the heartsong,sector 108,2.0,7197.0,2500.0,4,4,3+,10.0,Relatively New,0,1,0,1,0,2,174
flat,conscient heritage max,sector 102,2.5,11633.0,1945.0,3,4,3+,25.0,New Property,1,1,0,0,0,2,56
flat,emaar gurgaon greens,sector 102,1.38,13490.0,1315.0,3,3,3,6.0,Relatively New,0,1,0,0,0,2,128
flat,signature andour heights,sector 71,0.59,8429.0,639.0,2,2,1,6.0,Moderately Old,0,0,0,0,0,0,67
house,dlf south city 1,sector 41,2.65,18929.0,1800.0,3,3,3,4.0,New Property,0,0,0,0,0,2,22
house,housing board colony,sector 28,3.5,25926.0,1350.0,2,6,3,3.0,Relatively New,0,0,0,0,0,0,0
flat,green court,sector 90,0.38,5507.0,767.0,2,2,1,7.0,Under Construction,0,0,0,0,0,0,35
flat,conscient heritage max,sector 102,2.15,9307.0,1945.0,3,4,3,13.0,Relatively New,1,1,0,0,0,0,101
house,saksham welfare association,sector 22,4.7,19848.0,170.0,6,6,3+,2.0,Old Property,0,0,0,0,0,2,106
house,dlf alameda,sector 73,17.0,35109.0,9000.0,5,8,3,3.0,Relatively New,0,0,0,0,0,1,87
flat,shapoorji pallonji joyville gurugram,sector 102,1.8,10638.0,1531.0,3,3,3,1.0,Relatively New,0,0,0,0,0,0,141
flat,ambience creacions,sector 22,4.63,14984.0,2796.0,3,5,3+,5.0,New Property,0,1,0,0,1,0,120
flat,m3m capital,sector 113,3.25,14143.0,2553.0,4,4,3+,34.0,Under Construction,1,1,0,1,0,0,115
flat,imperia the esfera,sector 37c,0.99,5500.0,1643.0,3,3,1,10.0,New Property,0,1,0,0,0,0,49
flat,antriksh heights,sector 84,0.9,4444.0,1833.0,3,3,3,18.0,Relatively New,0,1,0,1,0,0,59
flat,bestech park view ananda,sector 81,1.15,6928.0,1463.0,3,2,3+,6.0,Relatively New,1,0,0,0,0,2,104
house,independent,sector 40,2.15,23889.0,900.0,3,3,3,3.0,Moderately Old,0,0,0,0,0,0,45
flat,sare crescent parc,sector 92,0.65,4597.0,1571.0,3,3,3,3.0,Moderately Old,0,0,0,0,0,0,44
flat,bptp terra,sector 37d,1.75,7987.0,2100.0,4,4,3,7.0,Relatively New,0,0,0,0,1,2,120
flat,pareena coban residences,sector 99a,1.02,8793.0,1430.0,2,2,3,3.0,Relatively New,1,0,0,0,0,0,174
flat,paras dews,sector 106,1.14,6000.0,1305.0,3,4,3,8.0,Relatively New,1,1,0,0,0,0,49
flat,emaar mgf emerald floors premier,sector 65,2.35,14242.0,1493.0,3,3,3,2.0,Relatively New,1,1,0,0,0,2,168
flat,pyramid elite,sector 86,0.45,7745.0,646.0,2,2,1,4.0,Under Construction,0,0,0,0,0,0,66
flat,signature global park,sohna road,0.54,6506.0,922.0,2,2,1,2.0,Relatively New,0,0,0,0,0,0,16
flat,ansal maple heights,sector 43,1.5,12658.0,1385.0,3,3,3+,7.0,Old Property,0,0,1,0,0,2,174
flat,conscient elevate,sector 59,6.75,19882.0,2567.0,4,4,2,10.0,New Property,0,1,0,0,0,0,31
house,independent,sector 11,0.9,10000.0,900.0,2,4,3+,4.0,Moderately Old,0,0,0,0,0,0,7
flat,ild greens,sector 37c,0.95,9223.0,1179.0,2,2,3+,11.0,Relatively New,0,0,1,1,0,2,119
flat,breez global hill view,sohna road,0.3,5405.0,605.0,2,2,2,6.0,New Property,0,0,0,0,0,0,109
house,independent,sector 3,0.8,8155.0,981.0,2,4,1,2.0,Moderately Old,0,0,0,0,0,0,0
flat,dlf regency park,sector 28,1.6,14545.0,1222.0,2,2,2,3.0,Relatively New,0,0,0,0,0,0,52
house,dlf city plots,sector 26,19.0,42054.0,4518.0,6,6,3,2.0,Relatively New,0,0,0,0,0,2,121
flat,eldeco accolade,sector 33,1.2,8043.0,1492.0,2,2,2,0.0,Under Construction,0,0,0,0,0,0,56
flat,chd avenue,sector 71,1.12,6215.0,1631.0,3,4,3,0.0,Moderately Old,0,1,0,0,0,0,65
flat,kendriya vihar,sector 56,0.55,9016.0,678.0,1,2,1,0.0,Old Property,0,0,0,0,0,0,68
flat,shree vardhman flora,sector 90,1.25,4854.0,2330.0,4,5,2,8.0,Relatively New,1,1,0,0,0,0,165
flat,sare crescent parc,sector 92,0.7,5556.0,140.0,3,3,2,14.0,Under Construction,0,0,0,0,0,0,38
flat,ss the leaf,sector 85,2.3,8179.0,2545.0,4,4,3+,8.0,Relatively New,0,1,0,0,0,0,21
flat,satya element one,sector 49,0.94,14009.0,746.0,1,2,2,2.0,Moderately Old,0,0,0,0,0,0,0
flat,signature global solera 2,sector 107,0.37,6679.0,615.0,2,2,2,9.0,New Property,0,0,0,0,0,0,23
flat,godrej aria,sector 79,1.3,8844.0,1330.0,2,2,2,7.0,Relatively New,1,0,0,0,0,2,116
flat,vatika gurgaon,sector 83,1.18,6801.0,1618.0,3,3,2,14.0,Relatively New,0,0,0,0,0,0,26
flat,ansal sushant residency,sector 57,1.5,6775.0,273.0,3,2,3+,1.0,Moderately Old,0,0,0,0,0,0,87
flat,imperia the esfera,sector 37c,0.99,5455.0,1660.0,3,4,3,9.0,Relatively New,0,1,0,0,0,0,49
flat,unitech the palms,sector 41,2.75,16768.0,1484.0,3,3,2,14.0,Old Property,0,0,0,0,0,1,79
flat,vatika gurgaon,sector 83,1.1,6051.0,1570.0,3,3,3,12.0,Relatively New,0,1,0,0,0,2,66
flat,emaar gurgaon greens,sector 102,1.4,8485.0,1315.0,3,3,3,3.0,Relatively New,0,1,0,0,0,0,60
flat,dlf the ultima,sector 81,2.2,11190.0,1900.0,3,4,3+,7.0,Relatively New,0,1,0,0,0,1,104
flat,gls avenue 51,sector 92,0.39,6075.0,713.0,3,3,3+,6.0,Relatively New,0,0,0,0,0,0,104
flat,signature global solera,sector 107,0.28,5833.0,543.0,2,2,2,0.0,Relatively New,0,0,0,0,0,0,45
house,dlf city plots phase 2,sector 25,10.5,29022.0,402.0,4,4,2,2.0,Old Property,0,0,0,0,0,2,91
flat,emaar gurgaon greens,sector 102,1.6,9697.0,1315.0,3,3,3,8.0,Relatively New,0,0,0,0,0,0,46
house,international city by sobha phase 2,sector 109,11.25,25000.0,4500.0,7,5,3+,4.0,Relatively New,0,0,0,0,0,0,42
flat,bptp freedom park life,sector 57,5.5,8983.0,5010.0,5,6,3+,19.0,Moderately Old,0,1,0,1,0,2,153
flat,shree vardhman victoria,sector 70,1.25,9259.0,1222.0,2,2,3,3.0,Relatively New,1,0,0,0,0,0,43
house,independent,sohna road,0.07,2527.0,33.0,1,1,0,1.0,Relatively New,0,0,0,0,0,0,0
flat,signature global solera,sector 107,0.28,5726.0,543.0,2,2,2,10.0,Relatively New,0,0,0,0,0,0,38
flat,ss the leaf,sector 85,1.99,8660.0,2398.0,3,4,3+,17.0,Relatively New,0,1,0,0,0,2,174
flat,tulip violet,sector 69,1.65,8871.0,1578.0,3,3,2,1.0,Relatively New,0,0,0,0,0,2,69
flat,shapoorji pallonji joyville gurugram,sector 102,2.4,10545.0,1957.0,4,4,3+,15.0,Relatively New,0,0,0,0,0,0,108
flat,experion the heartsong,sector 108,0.93,6078.0,1161.0,2,3,3,10.0,Relatively New,0,0,0,0,0,0,81
house,4s aradhya homes,sector 67a,1.83,6778.0,2700.0,4,4,2,4.0,New Property,0,0,0,0,0,2,145
flat,gls arawali homes,sohna road,0.35,6076.0,528.0,2,2,2,11.0,Relatively New,0,0,0,0,0,0,64
flat,trisara our homes 3,sohna road,0.21,4339.0,484.0,1,1,0,2.0,Relatively New,0,0,0,0,0,0,0
flat,shree vardhman victoria,sector 70,1.6,8205.0,1527.0,3,5,3,6.0,Relatively New,0,1,0,0,0,0,108
flat,unitech sunbreeze,sector 69,0.74,5502.0,1210.0,3,3,1,10.0,Under Construction,0,1,0,0,0,0,60
flat,huda housing board society,sector 52,0.45,9740.0,513.0,1,1,0,0.0,Moderately Old,0,0,0,1,0,2,43
flat,shree vardhman victoria,sector 70,1.62,13953.0,1527.0,3,3,3,9.0,Relatively New,0,1,0,0,0,0,96
house,independent,sector 13,4.5,9091.0,4950.0,4,5,2,2.0,Old Property,0,0,0,0,0,0,0
house,independent,sector 43,8.49,31444.0,2700.0,3,3,2,4.0,Relatively New,0,0,0,0,0,2,21
flat,experion windchants,sector 112,3.29,11742.0,2225.56,3,3,3+,2.0,Relatively New,0,1,0,0,0,2,152
flat,emaar palm gardens,sector 83,1.75,9211.0,1600.0,3,3,3,6.0,Relatively New,0,1,0,0,0,2,150
house,independent,sector 4,0.85,7522.0,1130.0,3,3,0,1.0,Moderately Old,0,0,0,0,0,0,0
house,independent,sector 14,3.5,18088.0,214.0,6,4,2,2.0,Old Property,0,0,0,0,0,2,27
flat,godrej summit,sector 104,0.85,5878.0,1269.0,2,2,3+,10.0,Relatively New,1,0,0,0,0,0,79
flat,dlf new town heights,sector 90,1.25,8639.0,1608.0,3,4,3+,0.0,Old Property,0,1,0,0,0,1,31
flat,vipul lavanya,sector 81,0.64,5263.0,1361.0,2,2,3,12.0,Relatively New,0,0,0,0,0,2,93
house,independent,sector 3,1.5,10288.0,210.0,3,3,0,2.0,Old Property,0,0,0,0,0,0,0
flat,smart world orchard,sector 61,2.57,15767.0,1811.0,3,3,2,3.0,Under Construction,1,0,0,0,0,0,0
flat,ansal housing highland park,sector 103,0.88,6428.0,1232.0,2,2,3,3.0,New Property,0,0,0,0,0,0,52
flat,corona optus,sector 37c,1.5,6361.0,2134.0,3,4,3+,14.0,New Property,0,1,0,0,1,0,83
house,independent,sector 55,5.6,20741.0,2700.0,6,4,3,3.0,Old Property,0,0,0,0,0,2,41
flat,today callidora,sector 73,0.9,5549.0,1622.0,3,3,3,3.0,Under Construction,0,1,0,0,0,0,63
flat,m3m woodshire,sector 107,1.65,5961.0,2505.0,4,5,3+,12.0,Relatively New,0,1,0,0,0,0,21
house,independent,sector 7,2.25,16892.0,148.0,5,3,0,2.0,Old Property,0,0,0,0,0,0,0
flat,chanderlok society,sector 28,0.9,7235.0,1382.0,4,2,3+,1.0,Old Property,0,0,0,0,0,0,0
flat,tulip lemon,sector 69,0.62,12863.0,536.0,2,2,1,4.0,Relatively New,0,0,0,0,0,2,108
flat,pareena mi casa,sector 68,1.1,8835.0,1127.0,2,2,3,11.0,New Property,0,0,0,0,0,0,95
house,independent,sector 9,3.5,13410.0,2610.0,9,9,3+,3.0,Relatively New,0,0,0,0,0,0,23
flat,m3m merlin,sector 67,2.98,14558.0,1852.0,3,3,3,0.0,Relatively New,0,0,0,0,1,2,49
flat,nbcc heights,sector 89,0.75,6579.0,1032.0,2,2,2,6.0,Moderately Old,0,0,0,0,0,0,0
flat,sobha city,sector 108,3.95,16859.0,1900.0,3,4,2,15.0,Relatively New,0,1,0,0,0,0,49
flat,emaar palm heights,sector 77,2.25,11250.0,1810.0,3,3,3,22.0,New Property,0,1,0,0,0,2,42
house,independent,sector 45,10.0,30864.0,3240.0,6,6,3+,4.0,Moderately Old,0,0,0,0,0,2,70
house,independent,sector 23,2.8,17983.0,160.0,5,5,3+,2.0,Old Property,0,0,0,0,0,2,74
house,independent,sector 7,0.69,9103.0,758.0,1,1,1,2.0,Old Property,0,0,0,0,0,0,0
flat,emaar mgf palm studios,sector 66,1.7,13503.0,1072.0,2,2,2,7.0,Relatively New,0,0,0,0,1,0,99
flat,tulip violet,sector 69,1.92,15360.0,1389.0,4,4,2,0.0,Relatively New,0,0,0,0,0,0,174
flat,cghs airport apartment,sector 47,1.8,6000.0,2857.0,4,4,3+,4.0,Moderately Old,0,0,1,0,0,2,120
flat,vatika the seven lamps,sector 82,0.86,6022.0,1294.0,2,2,2,12.0,Relatively New,1,0,0,0,0,2,135
flat,ireo victory valley,sector 67,2.95,12110.0,2236.0,3,3,3+,14.0,Moderately Old,0,1,0,1,0,2,165
flat,ansal housing highland park,sector 103,0.8,5878.0,1089.0,2,2,3,3.0,New Property,0,0,0,1,0,0,174
flat,denso haryana housing society,manesar,0.9,4308.0,2321.0,3,3,3+,5.0,Moderately Old,0,1,0,0,0,0,7
flat,m3m heights,sector 65,2.25,13612.0,1592.0,2,2,3,5.0,Under Construction,0,0,0,0,0,0,48
flat,jammu and kashmir bank employees cghs,sector 9a,0.94,6065.0,1722.0,3,3,2,5.0,Moderately Old,0,0,0,0,0,2,85
flat,m3m capital,sector 113,2.0,12012.0,1507.0,3,3,2,24.0,Under Construction,0,0,0,0,0,0,47
flat,signature global park,sohna road,0.91,6289.0,1599.0,3,3,3,1.0,Relatively New,0,0,0,1,0,0,165
flat,bptp terra,sector 37d,1.67,7622.0,2091.0,4,4,3,11.0,Relatively New,0,0,0,0,0,2,149
house,unitech aspen greens,sector 50,7.0,32407.0,2160.0,4,4,2,2.0,Old Property,0,0,0,0,0,0,29
house,bptp visionnaire,sector 70a,5.25,20115.0,2610.0,5,4,3+,3.0,New Property,0,0,0,0,0,2,49
flat,bptp terra,sector 37d,1.71,7805.0,2191.0,3,3,3+,7.0,Relatively New,1,0,0,0,0,0,38
flat,umang monsoon breeze,sector 78,1.1,5055.0,2176.0,3,3,3+,9.0,Old Property,0,1,0,0,0,0,80
house,independent,sector 13,0.9,11465.0,785.0,2,4,3,3.0,Moderately Old,0,0,0,0,0,0,0
house,smart world orchard,sector 61,2.01,13001.0,1549.0,3,3,3,4.0,Under Construction,0,0,0,0,0,0,145
flat,chd avenue,sector 71,0.95,7930.0,1084.0,2,2,2,5.0,Moderately Old,0,0,0,0,0,2,142
flat,rof ananda,sector 95,0.25,6579.0,344.0,1,1,1,4.0,New Property,0,0,0,0,0,0,0
flat,umang monsoon breeze,sector 78,0.8,4837.0,1472.0,3,2,2,7.0,Moderately Old,0,0,0,1,0,0,102
flat,godrej habitat,sector 3,1.1,10407.0,956.0,2,2,2,14.0,Under Construction,0,0,0,0,0,0,60
house,independent,sector 24,10.0,25543.0,483.0,8,10,3+,1.0,Old Property,0,0,0,0,0,0,0
flat,mapsko mount ville,sector 79,1.65,9091.0,1815.0,3,3,0,12.0,Relatively New,0,0,0,0,0,0,0
flat,shree vardhman victoria,sector 70,1.64,8384.0,1527.0,3,5,3,3.0,Relatively New,0,1,0,0,0,0,51
flat,ansal maple crescent,sector 43,1.35,10037.0,1320.0,3,3,3,2.0,Old Property,0,0,0,0,1,2,93
flat,sbtl caladium,sector 109,1.7,6680.0,2303.0,3,3,3+,9.0,Relatively New,0,1,0,0,0,0,159
house,independent,sector 105,1.3,11556.0,1125.0,3,3,1,1.0,Moderately Old,0,0,0,0,0,0,0
flat,greenopolis,sector 89,1.3,6806.0,2122.0,3,3,3+,1.0,New Property,0,1,0,0,0,0,35
house,independent,sector 51,2.25,2778.0,900.0,6,3,3+,3.0,Relatively New,0,0,0,0,0,0,54
flat,hsiidc sidco shivalik apartments,manesar,0.48,3840.0,993.0,2,2,3,7.0,Moderately Old,0,0,0,0,0,0,88
flat,krisumi waterfall residences,sector 36a,3.65,14381.0,2297.0,3,3,2,17.0,New Property,0,0,0,0,0,0,31
flat,m3m heights,sector 65,2.33,18477.0,1141.0,2,2,3,35.0,Under Construction,0,0,0,0,0,2,49
house,sai kripa floors 5,sector 11,0.9,11250.0,800.0,2,5,3,3.0,Relatively New,0,0,0,0,0,0,0
house,independent,sector 57,3.3,19097.0,1728.0,4,4,2,3.0,Moderately Old,0,0,0,0,0,2,60
flat,emaar mgf the palm drive,sector 66,3.98,18091.0,1991.0,3,4,3+,2.0,Moderately Old,0,1,0,0,0,2,123
flat,hero homes,sector 104,1.2,17544.0,877.0,2,2,2,22.0,Under Construction,0,0,0,0,0,0,30
flat,corona optus,sector 37c,1.2,6916.0,1635.0,3,4,3,8.0,Relatively New,0,0,0,0,0,0,149
house,independent,sector 43,15.5,28233.0,5490.0,5,6,3,3.0,Moderately Old,0,0,0,0,0,0,76
flat,ss the leaf,sector 85,1.07,6524.0,1484.0,2,2,3,21.0,Relatively New,0,0,0,1,0,0,67
flat,viridian the plaza 106,sector 106,0.46,6571.0,778.0,1,1,1,18.0,New Property,0,0,0,0,0,0,104
house,sushant lok 1 builder floors,sector 43,2.45,7756.0,540.0,4,4,3+,3.0,Moderately Old,0,0,0,0,0,1,123
flat,sare homes,sector 92,0.82,5384.0,1221.18,3,3,3+,12.0,Relatively New,0,0,0,0,0,0,114
flat,shree vardhman flora,sector 90,0.86,6255.0,1525.0,3,4,3,0.0,Relatively New,0,1,0,0,0,2,84
flat,antriksh heights,sector 84,0.49,4356.0,1018.0,2,2,2,16.0,Relatively New,0,0,0,0,0,0,66
flat,sanskriti apartment,sector 10a,1.1,6667.0,1833.0,3,3,3,2.0,Moderately Old,0,0,0,0,0,0,22
flat,ambience creacions,sector 22,3.5,19444.0,2000.0,3,4,3+,8.0,New Property,0,1,0,0,0,2,57
flat,kw royal court,sector 39,2.0,6250.0,3556.0,5,4,3,9.0,Old Property,0,1,0,0,0,1,49
house,vipul tatvam villa,sector 48,8.5,26235.0,3240.0,4,4,2,2.0,Moderately Old,0,0,0,0,0,0,88
flat,gls arawali homes,sohna road,0.26,4514.0,640.0,2,2,2,4.0,Relatively New,0,0,0,0,0,0,42
flat,alpha corp gurgaonone,sector 84,1.2,9449.0,1149.0,2,2,1,6.0,Relatively New,0,0,0,0,0,0,13
flat,valley view estate,gwal pahari,1.5,7489.0,1850.0,4,4,3+,10.0,Moderately Old,0,0,0,0,0,0,58
house,tata primanti,sector 72,8.6,12286.0,7000.0,4,5,3+,3.0,Relatively New,0,0,0,0,0,2,30
flat,signature global park,sohna road,0.54,7248.0,828.0,2,1,3,1.0,New Property,0,0,0,0,0,0,65
house,independent,sector 47,4.3,29312.0,1467.0,3,4,2,2.0,Moderately Old,0,0,0,0,0,0,0
flat,bestech park view ananda,sector 81,1.45,8011.0,1650.0,3,3,3,8.0,Relatively New,0,0,0,0,1,2,128
flat,smart world orchard,sector 61,1.6,13913.0,1278.0,2,2,2,3.0,New Property,1,0,0,0,0,0,122
flat,indiabulls enigma,sector 110,3.7,10882.0,3077.0,4,5,3,7.0,Relatively New,0,1,0,0,0,0,156
house,independent,sector 28,12.0,42194.0,2844.0,4,5,3+,4.0,Relatively New,0,0,0,0,0,2,60
house,eldeco mansionz,sector 48,5.0,21368.0,2340.0,7,7,3,2.0,Moderately Old,0,0,0,0,0,2,40
house,independent,sector 57,3.5,21605.0,1620.0,4,4,3+,3.0,Old Property,0,0,0,0,0,2,67
flat,smart world gems,sector 89,1.0,9033.0,1230.0,2,2,2,1.0,Under Construction,1,0,0,0,0,0,38
flat,sobha city,sector 108,3.75,14940.0,2120.0,3,3,2,16.0,New Property,0,1,0,0,0,0,77
flat,unitech fresco,sector 50,1.14,8533.0,1330.0,2,2,2,19.0,Moderately Old,0,0,0,0,1,2,174
house,uppal southend,sector 49,3.75,25562.0,1467.0,2,6,3,3.0,Moderately Old,0,0,0,0,0,0,49
house,unitech palms south city 1,sector 41,9.35,28858.0,7500.0,10,10,3+,4.0,Moderately Old,0,0,0,0,0,2,70
flat,shri banke bihari society,sector 56,1.35,9643.0,1450.0,3,3,3+,4.0,Old Property,0,0,0,0,1,2,174
flat,m3m skywalk,sector 74,1.78,12500.0,1582.0,2,2,3+,12.0,Relatively New,0,0,0,0,0,0,63
flat,tulip violet,sector 69,1.4,8929.0,1376.0,3,3,1,12.0,Relatively New,0,0,0,1,0,0,174
flat,hsiidc sidco aravali,manesar,0.9,3478.0,1900.0,3,3,3+,8.0,Moderately Old,0,1,0,0,0,0,23
flat,microtek greenburg,sector 86,1.65,8707.0,1715.0,3,4,3,8.0,Relatively New,0,1,0,0,0,0,124
flat,maruti kunj,sector 11,0.8,5161.0,1403.0,3,2,0,0.0,Old Property,0,0,0,0,0,0,8
flat,signature global city 92,sector 92,0.99,6622.0,1661.0,3,2,3,1.0,New Property,0,0,0,0,1,0,37
flat,ireo victory valley,sector 67,3.05,16267.0,2200.0,3,4,2,35.0,Relatively New,1,1,0,0,0,2,165
flat,smart world orchard,sector 61,1.55,13478.0,1041.0,2,2,1,3.0,Under Construction,1,0,0,0,0,0,43
flat,tulip yellow,sector 69,1.8,10563.0,1893.0,3,3,3,14.0,Under Construction,0,0,0,0,0,0,49
house,independent,sector 12,1.7,9444.0,200.0,3,3,0,1.0,Old Property,0,0,0,0,0,0,0
flat,ss the leaf,sector 85,1.2,12371.0,1190.0,2,2,2,4.0,Relatively New,0,1,1,0,0,0,81
flat,pareena coban residences,sector 99a,1.6,8000.0,1810.0,3,3,3,6.0,Under Construction,0,0,0,0,0,0,0
flat,experion the heartsong,sector 108,2.29,8240.0,2779.0,4,5,3+,8.0,Relatively New,0,1,0,0,0,0,95
flat,ss the leaf,sector 85,1.3,10484.0,1491.0,2,2,3+,10.0,Relatively New,0,0,1,0,0,0,148
flat,godrej summit,sector 104,1.35,5015.0,2991.0,4,5,3+,0.0,Relatively New,1,1,1,1,0,0,88
flat,ats tourmaline,sector 109,1.4,8000.0,1584.0,3,3,3+,12.0,Relatively New,0,0,0,0,1,0,65
house,independent,sector 17,3.0,11111.0,3000.0,4,4,0,1.0,Old Property,0,0,0,0,0,0,0
flat,signature global park 4,sector 36,1.0,9901.0,1122.0,3,2,3,2.0,New Property,0,0,0,0,0,0,128
flat,dlf the ultima,sector 81,2.3,10994.0,1893.0,3,4,3+,6.0,New Property,0,1,0,0,0,1,167
flat,valley view estate,gwal pahari,0.38,6090.0,565.0,1,1,1,11.0,Moderately Old,0,0,0,0,0,0,42
house,independent,sector 57,3.15,20349.0,1548.0,5,4,3+,2.0,Moderately Old,0,0,0,0,0,2,60
house,bhim garh kheri,sector 3,0.75,6410.0,1170.0,4,2,2,2.0,Old Property,0,0,0,0,0,0,16
flat,millenia,sector 37c,0.4,6667.0,667.0,2,2,2,4.0,New Property,0,0,0,0,0,0,29
flat,pivotal devaan,sector 84,0.3,6667.0,500.0,1,1,1,14.0,New Property,0,0,0,0,0,2,22
flat,ss the leaf,sector 85,1.83,7609.0,1925.0,3,4,3,9.0,Relatively New,0,0,0,0,0,0,49
flat,ats kocoon,sector 109,1.7,12879.0,1550.0,3,3,3,22.0,Relatively New,0,0,0,0,0,0,103
flat,shree vardhman flora,sector 90,0.9,4615.0,1765.0,3,4,3,4.0,Relatively New,0,1,0,0,0,0,165
house,independent,sector 3 phase 3 extension,0.7,7007.0,999.0,2,3,1,1.0,Relatively New,0,0,0,0,0,0,29
house,independent,sector 43,3.35,26973.0,1242.0,1,1,0,1.0,Old Property,0,0,0,0,0,0,9
flat,shree vardhman victoria,sector 70,1.65,8462.0,1586.0,3,4,3,1.0,Relatively New,0,1,0,0,0,1,167
flat,signature global park,sohna road,0.75,6938.0,1201.0,3,2,3+,4.0,New Property,0,0,0,0,0,0,101
house,independent,sector 12,1.0,8230.0,3750.0,3,7,3+,3.0,Moderately Old,0,0,0,0,0,0,7
flat,m3m urbana,sector 67,1.0,12107.0,826.0,1,1,1,17.0,Relatively New,0,0,0,0,0,0,49
flat,kamal residence,sohna road,0.4,7634.0,582.0,2,2,1,0.0,New Property,0,0,0,0,1,2,16
flat,czar mahira homes 63a,sector 63a,0.42,7407.0,630.0,3,2,2,1.0,Under Construction,0,0,0,0,0,0,0
flat,vatika gurgaon,sector 83,1.25,6313.0,1700.0,3,3,2,12.0,Moderately Old,0,1,0,0,0,0,95
flat,m3m the marina,sector 68,2.22,14323.0,1403.0,3,2,3,4.0,Relatively New,0,0,0,0,0,0,44
flat,dlf new town heights,sector 86,1.4,5942.0,2132.0,4,4,3+,20.0,Relatively New,0,1,0,1,0,0,65
flat,bestech park view grand spa,sector 81,2.4,9023.0,2407.0,3,4,3+,8.0,New Property,1,1,0,0,0,2,167
flat,takshila heights sector 37 c,sector 37,0.67,5583.0,1086.0,2,2,2,3.0,Relatively New,0,0,0,0,0,0,23
flat,gls avenue 51,sector 92,0.45,7614.0,646.0,2,2,1,10.0,New Property,1,0,0,0,0,2,20
flat,tulip violet,sector 69,1.43,9039.0,1428.0,3,3,2,1.0,Relatively New,0,0,0,1,0,0,102
flat,ss the leaf,sector 85,2.15,7646.0,2545.0,4,5,3+,1.0,Relatively New,0,1,0,0,0,0,165
flat,signature global grand iva,sector 103,0.5,6667.0,750.0,2,2,0,10.0,Relatively New,0,0,0,0,0,0,0
flat,m3m woodshire,sector 107,1.2,6176.0,1750.0,3,3,3,7.0,Relatively New,0,0,0,0,0,2,49
flat,ramprastha the edge towers,sector 37d,0.75,5319.0,1410.0,2,2,3,19.0,Moderately Old,0,0,0,0,0,0,63
flat,eldeco accolade,sohna road,0.96,6571.0,1131.0,2,2,3+,14.0,Relatively New,1,0,0,0,0,0,151
flat,m3m sierra 68,sector 68,1.1,8987.0,1150.0,2,2,3,1.0,Relatively New,0,0,0,0,0,2,127
house,bptp pedestal,sector 70a,0.92,7751.0,1319.0,2,3,3+,3.0,New Property,0,0,0,0,0,0,153
flat,orris aster court premier,sector 85,1.73,6758.0,2017.0,4,5,3+,8.0,Relatively New,0,1,0,0,0,0,16
flat,emaar mgf emerald floors premier,sector 65,2.36,14303.0,1524.0,3,3,3,2.0,Relatively New,1,1,0,0,0,2,136
flat,satya the hermitage,sector 103,0.8,5517.0,1450.0,2,2,0,10.0,Relatively New,0,0,0,0,0,0,61
flat,adani oyster greens,sector 102,1.9,10058.0,2099.0,3,3,3+,9.0,Relatively New,1,0,1,1,0,0,0
house,dlf city plots phase 2,sector 25,4.5,33333.0,1350.0,5,3,2,3.0,Old Property,0,0,0,0,0,0,25
flat,signature global park,sohna road,0.79,7308.0,978.0,3,2,3+,4.0,Under Construction,0,0,0,0,0,0,109
flat,emaar gurgaon greens,sector 102,1.54,9333.0,1315.0,3,3,3,12.0,Relatively New,0,1,0,0,0,0,61
house,independent,sector 26,5.8,12838.0,4518.0,4,4,3+,4.0,Old Property,0,0,0,0,0,0,38
flat,vatika city,sector 49,3.6,11921.0,3356.0,4,5,3,7.0,Moderately Old,0,1,0,1,0,1,15
flat,supertech hues,sector 68,0.8,6780.0,1180.0,2,2,3+,14.0,New Property,0,0,0,0,0,2,26
flat,ats triumph,sector 104,2.65,8413.0,2851.0,4,4,3+,10.0,Relatively New,0,1,0,0,0,0,174
flat,dlf new town heights,sector 90,1.42,4865.0,2139.0,4,4,3+,8.0,Moderately Old,0,1,1,0,0,0,31
flat,tarc maceo,sector 91,1.8,7759.0,2578.0,3,3,3+,0.0,Relatively New,0,0,0,1,0,1,45
flat,tulip violet,sector 69,1.36,8843.0,1392.0,3,3,1,12.0,Relatively New,0,0,0,1,0,0,86
flat,sbtl caladium,sector 109,1.8,7073.0,2000.0,3,3,3+,10.0,Relatively New,0,0,0,0,0,0,174
flat,chd avenue,sector 71,1.25,7172.0,1577.0,3,4,2,7.0,Relatively New,0,1,0,0,0,2,160
flat,bestech park view residency,sector 2,0.55,8462.0,588.0,1,1,2,7.0,Moderately Old,0,0,0,0,0,0,31
flat,ashiana apartment,sector 23,0.16,2051.0,706.0,2,2,2,1.0,Moderately Old,0,0,0,0,0,0,0
flat,vatika lifestyle homes,sector 83,1.05,5983.0,1588.0,3,3,2,14.0,Relatively New,1,1,1,1,0,2,174
flat,dlf the skycourt,sector 86,1.54,9222.0,1780.0,3,3,3+,15.0,Relatively New,0,1,0,0,0,0,174
flat,awho sispal vihar,sector 49,2.0,7262.0,2492.0,4,3,3+,4.0,Old Property,0,0,0,0,0,0,65
house,independent,sector 4,0.6,11696.0,57.0,3,3,1,2.0,Old Property,0,0,0,0,0,0,0
flat,chd avenue,sector 71,0.82,7081.0,1086.0,2,2,2,6.0,Moderately Old,0,0,0,0,0,0,0
house,ansal sushant lok,sector 43,10.5,27911.0,3762.0,4,4,2,2.0,Old Property,0,0,0,0,0,0,59
house,independent,sohna road road,6.25,6944.0,9000.0,3,3,0,1.0,Moderately Old,0,0,0,0,0,0,0
flat,dlf the primus,sector 82a,1.8,13846.0,1545.0,3,3,3+,10.0,Relatively New,0,1,0,0,0,1,174
house,dlf city phase 1,sector 26,5.5,30556.0,1800.0,4,4,3,2.0,Moderately Old,0,0,0,0,0,0,69
flat,dlf the primus,sector 82a,1.85,10283.0,1668.0,3,3,3+,2.0,Relatively New,0,0,0,0,0,2,44
flat,bestech park view grand spa,sector 81,4.7,6786.0,6268.0,4,4,3+,19.0,Relatively New,0,1,0,0,0,2,140
flat,sare crescent parc,sector 92,0.5,5000.0,905.0,2,2,2,2.0,Relatively New,0,0,0,0,1,0,72
flat,ss the leaf,sector 85,2.05,7290.0,2500.0,4,4,3+,4.0,Relatively New,0,1,0,0,0,2,49
flat,suncity vatsal valley,gwal pahari,1.0,13333.0,833.0,2,2,2,3.0,New Property,0,0,0,0,0,2,13
flat,ramprastha the edge towers,sector 37d,1.0,5650.0,1602.0,3,3,3+,13.0,Moderately Old,0,0,0,0,0,0,38
house,independent,sohna road road,5.5,5093.0,3500.0,3,3,3+,2.0,Moderately Old,0,0,0,0,0,0,49
flat,ild greens,sector 37c,0.95,5067.0,1697.0,3,3,3+,0.0,New Property,0,0,0,0,0,0,51
flat,the lions cghs,sector 56,2.09,8708.0,2300.0,4,4,3+,7.0,Relatively New,0,0,0,0,1,2,125
flat,ireo the corridors,sector 67a,1.85,9531.0,1941.0,3,4,3,4.0,New Property,1,0,1,0,0,2,150
flat,pareena coban residences,sector 99a,1.45,7261.0,1807.0,3,5,3,11.0,Relatively New,0,1,0,0,1,2,49
house,international city by sobha phase 1,sector 109,6.15,27333.0,270.0,5,5,3+,3.0,Relatively New,0,0,0,0,0,2,130
flat,dlf the primus,sector 82a,1.59,10338.0,1668.0,3,3,3+,5.0,Relatively New,0,0,0,0,1,1,167
flat,paras dews,sector 106,1.34,9551.0,1535.0,4,5,3+,7.0,Relatively New,0,1,0,0,0,0,49
flat,ats marigold,sector 89,1.7,9714.0,1944.0,3,3,3+,8.0,Under Construction,1,0,0,0,0,0,65
flat,dlf regal gardens,sector 90,1.65,7449.0,2214.0,4,4,3+,15.0,Relatively New,0,0,0,0,0,0,158
flat,dlf regal gardens,sector 90,1.23,7053.0,1578.0,3,3,2,19.0,Relatively New,0,0,0,0,1,0,6
house,sare crescent parc royal greens phase 1,sector 92,0.85,4877.0,1743.0,4,4,3,4.0,Relatively New,0,0,0,0,0,0,0
flat,bestech park view city,sector 48,1.8,10251.0,1951.0,3,4,3,3.0,Moderately Old,1,0,0,0,0,2,76
flat,vatika gurgaon,sector 83,0.78,6265.0,850.0,2,2,2,3.0,Relatively New,1,0,0,1,0,2,165
flat,shapoorji pallonji joyville gurugram,sector 102,2.03,11998.0,1337.0,3,3,2,1.0,New Property,0,0,0,0,0,0,67
flat,bptp terra,sector 37d,1.49,8107.0,1707.0,3,3,3,20.0,Relatively New,0,0,0,0,1,0,49
flat,adani aangan arcade,sector 88a,0.45,7200.0,694.0,2,2,1,3.0,New Property,0,0,0,0,0,0,14
flat,godrej,sector 79,1.93,8532.0,2047.0,3,4,3+,5.0,Relatively New,0,1,0,0,0,0,158
flat,rof ananda,sector 95,0.38,6922.0,610.0,2,2,1,4.0,New Property,0,0,0,0,0,0,0
flat,godrej habitat,sector 3,1.2,8310.0,1307.0,2,2,3,0.0,Under Construction,0,0,0,0,0,0,60
house,eros rosewood villas,sector 49,2.75,19841.0,1833.0,3,3,1,2.0,Old Property,0,0,0,0,0,2,80
house,independent,sector 56,7.5,23148.0,3240.0,8,8,3+,3.0,Relatively New,0,0,0,0,0,1,42
flat,signature global infinity mall,sector 36,0.41,6269.0,654.0,2,2,3,3.0,New Property,0,0,0,0,0,0,0
flat,conscient heritage max,sector 102,2.2,10237.0,1186.0,3,4,3+,20.0,Relatively New,1,1,0,0,0,2,45
flat,signature global orchard avenue,sector 93,0.36,6716.0,604.0,2,2,2,6.0,Relatively New,0,0,0,0,0,0,16
flat,orris aster court,sector 85,0.93,5671.0,1587.0,3,3,3,8.0,Relatively New,0,0,0,0,0,0,0
flat,godrej icon,sector 88a,1.65,9041.0,1652.0,3,3,3,12.0,New Property,0,0,0,0,0,0,60
house,independent,sector 39,7.0,10000.0,7000.0,10,11,3+,4.0,Relatively New,0,0,0,0,0,2,38
house,independent,sector 46,4.25,23148.0,1836.0,5,4,2,3.0,Moderately Old,0,0,0,0,0,2,57
flat,bestech park view residency,sector 2,1.5,7825.0,1738.0,3,4,3+,10.0,Moderately Old,0,1,0,0,0,0,93
flat,breez global heights,sohna road,0.46,4842.0,800.0,2,2,2,4.0,Relatively New,0,0,0,0,0,1,93
flat,ansal heights 86,sector 86,0.78,5735.0,1360.0,2,2,2,8.0,New Property,0,0,0,0,0,0,72
flat,imperia the esfera,sector 37c,1.4,5385.0,2343.0,4,5,3,9.0,Relatively New,1,1,0,1,1,0,49
flat,capital residences 360,sector 70a,1.1,7586.0,1312.0,2,2,3+,8.0,New Property,0,0,0,0,0,0,60
house,independent,sector 2,2.95,15989.0,1845.0,4,4,3+,2.0,Old Property,0,0,0,0,0,0,27
flat,tulip purple,sector 69,2.6,10833.0,2172.0,4,4,3+,4.0,Moderately Old,0,1,0,0,0,0,37
flat,sobha city,sector 108,3.95,16859.0,2343.0,4,5,3,25.0,Relatively New,0,0,0,0,0,0,59
flat,raheja vedaanta,sector 108,0.95,5214.0,1649.0,3,3,3,3.0,Relatively New,0,0,0,0,1,0,95
flat,krrish florence estate,sector 70,1.25,6702.0,1688.0,3,3,3,18.0,Under Construction,0,0,0,0,0,0,51
house,independent,sector 45,8.5,26235.0,3240.0,5,4,2,1.0,Moderately Old,0,0,0,0,0,2,49
house,vipul tatvam villa,sector 48,7.65,19125.0,4000.0,4,4,3,2.0,Moderately Old,0,0,0,0,0,0,49
flat,hcbs sports ville,sohna road,0.29,5588.0,577.0,2,2,1,4.0,Relatively New,0,0,0,0,0,0,44
flat,bestech park view residency,sector 2,1.02,7208.0,1281.0,2,2,3,11.0,Moderately Old,0,0,0,0,0,0,92
house,independent,sector 41,7.25,29293.0,2475.0,9,8,3,4.0,Old Property,0,0,0,0,0,2,94
flat,zara aavaas,sector 104,0.26,7808.0,301.0,1,1,2,0.0,Relatively New,0,0,0,0,0,0,91
flat,chd avenue,sector 71,1.0,6734.0,1344.0,3,3,3+,3.0,Relatively New,0,0,0,0,0,2,7
flat,la vida by tata housing,sector 113,2.85,12855.0,2006.0,3,3,3+,10.0,New Property,0,1,0,0,0,0,72
flat,unitech the residences,sector 33,1.55,9873.0,1421.0,3,4,1,1.0,Relatively New,0,1,0,0,0,0,37
flat,indiabulls enigma,sector 110,3.49,10265.0,3077.0,4,5,3,7.0,Relatively New,0,1,0,0,0,0,165
flat,ats kocoon,sector 109,2.2,10501.0,1860.0,3,4,3,13.0,Relatively New,0,1,0,0,0,0,165
flat,raisina residency,sector 59,5.0,13058.0,4254.0,4,4,3+,13.0,Relatively New,1,1,1,1,0,2,174
flat,imperia the esfera,sector 37c,0.7,4878.0,1299.0,2,3,3+,12.0,Under Construction,1,0,0,0,1,0,58
flat,paras quartier,gwal pahari,5.9,11028.0,4842.0,4,4,3+,19.0,New Property,1,1,1,1,0,2,160
house,international city by sobha phase 2,sector 109,6.25,11574.0,5400.0,4,4,3+,2.0,Relatively New,0,0,0,0,0,0,138
flat,m3m woodshire,sector 107,1.3,10815.0,1547.0,3,3,3,7.0,Relatively New,0,0,0,1,0,0,89
flat,puri diplomatic greens,sector 111,2.58,11727.0,1991.0,3,4,2,10.0,Moderately Old,0,1,0,0,0,0,86
flat,pgr shree kripaluji apartment,sector 52,1.4,6087.0,2556.0,3,3,3+,8.0,Relatively New,0,0,0,0,0,2,80
flat,ireo victory valley,sector 67,3.15,12847.0,2219.0,3,4,3+,15.0,Relatively New,0,1,0,1,0,2,149
flat,bestech altura,sector 79,2.55,9533.0,2675.0,4,5,2,4.0,New Property,0,1,0,0,0,0,44
house,independent,sector 11,2.5,17857.0,1850.0,5,4,3,1.0,Old Property,0,0,0,0,0,0,0
flat,godrej nature plus,sector 33,1.35,8232.0,1484.0,3,2,3+,7.0,Under Construction,0,0,0,1,0,0,49
house,vipul tatvam villa,sector 48,8.25,38194.0,300.0,4,4,3+,3.0,Relatively New,0,0,0,0,0,2,160
flat,pivotal devaan,sector 84,0.36,7595.0,531.0,2,2,1,9.0,Relatively New,0,0,1,0,0,1,80
flat,dlf regal gardens,sector 90,1.21,6926.0,1581.0,3,3,3+,29.0,Relatively New,0,0,0,0,1,0,95
flat,zara aavaas,sector 104,0.65,8519.0,848.0,3,2,2,7.0,New Property,0,0,0,0,0,0,65
house,ansal sushant lok plots,sector 43,7.0,25926.0,2700.0,5,5,3+,3.0,Relatively New,0,0,0,0,0,2,41
flat,tata gurgaon gateway,sector 113,2.45,10788.0,2014.0,3,3,3,8.0,Relatively New,0,0,0,0,0,0,110
flat,pareena mi casa,sector 68,1.7,8500.0,1809.0,4,4,3+,23.0,New Property,0,0,0,0,0,0,88
house,independent,sector 6,1.25,11574.0,120.0,2,5,1,2.0,New Property,0,0,0,0,0,0,0
house,independent,sector 105,1.15,3285.0,3889.0,3,2,1,1.0,Moderately Old,0,0,0,0,0,0,0
flat,la vida by tata housing,sector 113,3.05,11338.0,2600.0,3,4,3,15.0,New Property,0,1,0,0,0,0,174
flat,tulip violet,sector 69,1.68,10072.0,1510.0,3,3,2,0.0,Relatively New,0,0,0,0,0,0,157
flat,smart world orchard,sector 61,2.2,13497.0,1778.0,3,3,2,1.0,Under Construction,0,0,0,0,0,0,49
flat,antriksh heights,sector 84,0.69,5111.0,1222.0,2,2,3+,8.0,Relatively New,1,0,0,0,0,0,59
flat,raheja sampada,sector 92,0.65,4745.0,1240.0,3,2,3,6.0,Relatively New,0,0,0,0,0,0,49
flat,godrej habitat,sector 3,1.35,12784.0,1056.0,2,2,0,4.0,Old Property,0,0,0,0,0,0,60
flat,signature global grand iva,sector 103,0.23,6534.0,400.0,1,1,1,4.0,Relatively New,0,0,0,0,0,0,23
house,independent,sector 25,13.0,45710.0,2844.0,6,8,3+,2.0,Relatively New,0,0,0,0,0,1,0
flat,umang monsoon breeze,sector 78,0.7,5719.0,1224.0,2,2,2,5.0,Moderately Old,0,0,0,0,0,0,0
flat,sare homes,sector 92,1.25,6200.0,2040.0,4,3,0,16.0,Under Construction,0,0,0,0,0,0,49
house,independent,sector 4,0.47,8007.0,624.0,2,1,1,1.0,Moderately Old,0,0,0,0,0,0,0
flat,project krishna colony,sector 7,0.36,5143.0,700.0,2,2,1,0.0,Relatively New,0,0,0,0,0,0,0
flat,sare green parc phase 3,sector 92,0.7,5279.0,1325.0,3,2,2,4.0,Relatively New,0,0,0,0,0,0,56
flat,tulip leaf,sector 69,2.06,11388.0,1640.0,3,3,3,16.0,Relatively New,0,0,0,0,0,0,49
flat,eldeco accolade,sohna road,1.14,6529.0,1382.0,3,3,3+,4.0,Relatively New,0,0,0,0,0,0,157
house,independent,sector 26,7.0,39260.0,1782.72,5,5,2,3.0,Relatively New,0,0,0,0,0,0,9
house,independent,sector 3 phase 2,1.0,11111.0,900.0,3,4,2,2.0,Relatively New,0,0,0,0,0,0,0
flat,vatika the seven lamps,sector 82,1.0,6969.0,1299.0,2,2,2,14.0,Relatively New,1,0,0,0,1,0,69
flat,signature global park,sohna road,0.65,7295.0,822.0,2,2,3,1.0,New Property,0,0,0,0,0,0,58
flat,godrej oasis,sector 88a,1.5,8108.0,2056.0,3,3,2,3.0,Relatively New,0,0,0,0,0,0,47
flat,signature global park,sohna road,0.9,8036.0,1120.0,3,2,0,2.0,Under Construction,0,0,0,0,0,0,58
house,malibu towne,sector 47,8.81,27191.0,3240.0,8,6,3+,3.0,Moderately Old,0,0,0,0,0,2,27
house,independent,sector 3 phase 3 extension,0.55,5000.0,1100.0,2,1,0,1.0,Moderately Old,0,0,0,0,0,0,0
flat,m3m crown,sector 111,4.67,17000.0,3056.0,4,4,3+,8.0,Under Construction,0,0,0,0,0,0,73
flat,birla navya,sector 63a,2.1,16667.0,1400.0,2,2,2,2.0,Under Construction,0,0,0,0,0,0,38
flat,professional society,manesar,0.75,3067.0,2717.0,3,4,3,3.0,Relatively New,0,1,0,0,0,0,21
flat,mvn athens,sohna road,0.24,7059.0,378.0,1,1,1,12.0,Relatively New,0,0,0,0,0,0,66
flat,emaar mgf emerald floors premier,sector 65,2.8,14177.0,2194.0,4,4,3,2.0,Relatively New,1,1,0,0,0,2,108
house,independent,sector 46,5.65,23870.0,2367.0,8,6,3+,3.0,Moderately Old,0,0,0,0,0,2,67
flat,umang monsoon breeze,sector 78,1.25,5000.0,2300.0,4,4,3,2.0,Relatively New,0,1,0,1,1,0,57
flat,orris carnation residency,sector 85,0.8,4857.0,1390.0,3,4,3,4.0,Relatively New,0,1,0,0,0,2,40
flat,vatika xpressions,sector 88b,0.92,6815.0,1350.0,2,2,3,3.0,New Property,0,0,0,0,0,0,26
house,sushant lok 1 builder floors,sector 43,1.95,10078.0,1935.0,3,4,3+,4.0,New Property,0,0,0,0,0,2,78
flat,mapsko royale ville,sector 82,1.12,8000.0,1500.0,3,4,2,6.0,Relatively New,0,1,0,1,0,0,174
house,independent,sector 50,10.56,32593.0,3240.0,5,5,3,3.0,Moderately Old,0,0,0,0,0,0,20
flat,umang monsoon breeze,sector 78,0.69,5391.0,1422.0,2,2,2,11.0,Moderately Old,0,0,0,0,0,0,60
flat,parsvnath exotica,sector 53,5.0,17241.0,3222.0,3,4,3,7.0,Old Property,0,1,0,0,0,2,24
flat,emaar mgf the palm drive,sector 66,2.8,16471.0,1920.0,3,4,3,8.0,Relatively New,0,1,0,0,0,2,117
flat,sagar apartment,sector 56,1.45,7250.0,1900.0,3,3,3+,7.0,Old Property,1,1,0,1,1,0,166
flat,greenopolis,sector 89,0.9,4700.0,1910.0,3,3,0,14.0,Under Construction,0,0,0,0,0,0,67
flat,tulip violet,sector 69,1.9,9453.0,1743.0,4,4,2,6.0,Relatively New,0,0,1,0,0,0,174
house,independent,sector 17,0.29,3255.0,891.0,2,1,0,0.0,Old Property,0,0,0,0,0,0,0
house,independent,sector 104,0.6,5128.0,1170.0,4,3,1,2.0,Moderately Old,0,0,0,0,0,0,0
flat,the close north,sector 50,2.65,10685.0,2470.0,3,4,3+,6.0,Moderately Old,0,1,0,0,0,2,174
flat,kiran residency,sector 56,1.55,6889.0,1900.0,3,3,3+,5.0,Moderately Old,0,1,0,1,0,2,92
flat,puri diplomatic greens,sector 111,2.58,11727.0,1991.0,3,4,2,9.0,Relatively New,0,1,0,0,0,0,101
house,independent,sector 26,6.75,27778.0,2430.0,3,3,3,2.0,Moderately Old,0,0,0,0,0,0,27
house,dlf the arbour,sector 63,8.5,21519.0,3950.0,4,4,3+,27.0,New Property,0,0,0,0,0,0,61
house,vipul tatvam villa,sector 48,8.4,21000.0,4000.0,4,5,3+,2.0,Moderately Old,0,0,0,0,0,2,49
house,independent,sector 43,2.55,13178.0,215.0,3,3,2,3.0,Relatively New,0,0,0,0,0,2,60
flat,pioneer araya,sector 62,10.75,19499.0,4990.0,5,7,3,10.0,Relatively New,0,1,0,0,0,2,153
flat,ansal heights,sector 92,0.72,4500.0,1700.0,3,3,3,9.0,Relatively New,0,1,0,0,0,0,49
flat,smart world gems,sector 89,0.9,8160.0,998.0,2,2,2,3.0,New Property,1,0,0,0,1,0,95
flat,vatika lifestyle homes,sector 83,1.15,8214.0,1607.0,3,3,1,7.0,Moderately Old,0,0,0,0,0,2,95
house,independent,sector 4,0.4,8889.0,450.0,1,1,0,1.0,Moderately Old,0,0,0,0,0,0,0
house,ardee city,sector 52,2.25,16071.0,1800.0,3,3,3,4.0,New Property,0,0,0,0,0,2,22
flat,central park flower valley,sector 33,1.35,10385.0,1444.0,3,2,2,3.0,New Property,0,0,0,0,0,0,87
flat,sobha city,sector 108,3.95,16859.0,1900.0,3,5,2,15.0,New Property,0,1,0,0,0,0,118
house,central park flower valley,sector 33,1.15,9350.0,1400.0,2,2,3,2.0,Relatively New,0,0,0,0,0,2,71
flat,m3m soulitude,sector 89,1.33,16986.0,1423.0,3,3,3,4.0,Under Construction,1,0,0,0,0,0,125
flat,imperia the esfera,sector 37c,1.1,5405.0,1899.0,3,4,3,9.0,Relatively New,1,1,0,0,0,0,49
flat,emaar gurgaon greens,sector 102,1.45,14174.0,1315.0,3,3,3,10.0,Relatively New,0,1,0,0,0,0,165
flat,tulip violet,sector 69,2.0,10168.0,2186.0,4,4,1,12.0,Relatively New,0,0,0,0,0,0,79
flat,prime habitat,sector 99a,0.32,4658.0,601.0,2,2,1,7.0,Relatively New,0,0,0,0,0,0,44
house,independent,sector 46,2.4,2963.0,900.0,4,4,3,3.0,Moderately Old,0,0,0,0,0,2,44
flat,shapoorji pallonji joyville gurugram,sector 102,2.5,13998.0,1653.0,3,3,3,15.0,Under Construction,0,0,0,0,0,0,151
flat,m3m ikonic,sector 68,1.8,9231.0,1845.0,3,3,3+,18.0,Relatively New,0,0,0,0,0,2,126
flat,guru gram haryana cghs,sector 56,1.39,7228.0,1738.0,3,3,3,4.0,Moderately Old,1,0,0,0,0,2,134
flat,ss,sector 85,2.14,7610.0,2300.0,4,4,3,6.0,Relatively New,1,1,0,1,0,0,49
flat,bestech park view spa next,sector 67,2.35,12145.0,1751.0,3,4,3+,14.0,Moderately Old,0,1,0,0,0,2,156
flat,ambience creacions,sector 22,1.75,12700.0,1249.0,2,2,2,11.0,Under Construction,0,0,0,0,0,0,57
flat,m3m skywalk,sector 74,1.52,13345.0,1250.0,2,2,3,6.0,Relatively New,0,0,1,0,0,0,174
flat,la vida by tata housing,sector 113,1.5,11755.0,1155.0,2,2,2,13.0,New Property,0,0,0,0,0,0,60
house,international city by sobha phase 2,sector 109,9.5,26389.0,3600.0,5,5,3+,2.0,Relatively New,0,0,0,0,0,0,133
house,independent,sector 14,5.0,22222.0,2250.0,3,3,3,1.0,Moderately Old,0,0,0,0,0,0,25
flat,tulip monsella,sector 53,6.02,20816.0,2892.0,3,3,3,29.0,Under Construction,0,0,0,0,0,0,68
flat,hcbs sports ville,sohna road,0.2,4219.0,473.99,1,1,1,3.0,New Property,0,0,0,0,0,0,71
flat,karmyogi apartment,sector 10a,2.3,6466.0,3951.0,6,4,2,6.0,Moderately Old,0,0,0,0,0,0,0
flat,orris carnation residency,sector 85,1.1,6687.0,1467.0,3,4,3,6.0,Moderately Old,0,1,0,0,0,1,65
flat,experion the heartsong,sector 108,1.65,8238.0,1771.32,3,4,3,3.0,Moderately Old,1,0,0,0,0,2,75
house,independent,sector 3,0.68,3875.0,1755.0,5,3,0,1.0,Moderately Old,0,0,0,0,0,0,0
flat,suposhaa smartworld orchard,sector 61,2.25,14526.0,1721.0,3,3,2,3.0,Under Construction,0,0,0,0,0,0,0
flat,chd avenue,sector 71,1.1,6790.0,1466.0,3,3,3,11.0,Relatively New,0,0,0,0,1,0,72
house,international city by sobha phase 1,sector 109,12.0,20000.0,7000.0,5,6,3,2.0,Relatively New,0,0,0,0,0,2,154
flat,dlf the ultima,sector 81,2.25,10699.0,1600.0,3,3,3+,11.0,Relatively New,1,1,0,1,1,1,49
house,bptp visionnaire,sector 70a,4.7,18008.0,2610.0,4,4,3+,3.0,New Property,0,0,0,0,0,0,35
flat,friends apartment,sector 52,2.0,8511.0,2091.0,4,3,3,5.0,Moderately Old,0,1,0,0,0,1,111
flat,shapoorji pallonji joyville gurugram,sector 102,1.35,14754.0,828.0,2,2,2,10.0,Under Construction,0,0,0,0,0,0,22
flat,vatika sovereign next sector-82 a gurgaon,sector 82a,2.91,6700.0,3902.0,4,4,3,6.0,Under Construction,1,1,1,0,0,2,79
flat,signature global park 4,sector 36,0.72,6429.0,1244.0,3,2,3,2.0,Under Construction,0,0,0,0,0,0,0
flat,deepak minda,manesar,1.25,4715.0,2946.0,4,4,3+,6.0,Moderately Old,0,0,0,0,0,2,44
flat,satya element one,sector 49,0.8,11111.0,720.0,1,1,1,0.0,Moderately Old,0,0,0,0,0,0,0
flat,la vida by tata housing,sector 113,1.45,11364.0,1080.0,2,2,2,6.0,Relatively New,0,0,0,0,0,0,80
house,ansal sushant lok plots,sector 43,11.5,17692.0,9000.0,7,8,3+,3.0,Old Property,0,0,0,0,0,2,31
flat,green court,sector 90,0.4,6390.0,575.0,2,2,1,8.0,New Property,0,0,0,0,0,0,20
house,sushant lok 1 builder floors,sector 43,13.0,48148.0,2700.0,3,3,3+,4.0,New Property,0,0,0,0,0,2,7
house,independent,sector 7,0.95,21111.0,450.0,2,1,1,3.0,New Property,0,0,0,0,0,0,15
flat,godrej nature plus,sector 33,1.62,13978.0,129.42,3,4,3+,3.0,New Property,0,1,0,0,0,0,100
flat,dlf regal gardens,sector 90,1.26,7636.0,1650.0,3,3,2,12.0,Relatively New,0,0,0,0,1,0,8
flat,pareena coban residences,sector 99a,1.32,6610.0,1737.0,3,5,3,11.0,New Property,0,1,0,0,0,0,88
house,international city by sobha phase 1,sector 109,6.75,10838.0,6228.0,4,4,3+,2.0,New Property,0,0,0,0,0,0,130
house,vipul tatvam villa,sector 48,8.2,25309.0,3240.0,3,3,2,2.0,Moderately Old,0,0,0,0,0,1,160
flat,vatika lifestyle homes,sector 83,1.25,6838.0,1654.0,3,2,1,6.0,Relatively New,1,1,1,1,0,1,174
flat,dlf trinity towers,sector 43,3.8,15510.0,2450.0,3,3,3+,1.0,Moderately Old,0,1,0,1,0,2,68
flat,dlf the icon,sector 43,6.0,26087.0,2556.0,4,4,3+,18.0,Old Property,0,1,0,0,0,2,150
flat,bptp astaire gardens,sector 70a,1.7,8947.0,2111.0,4,3,3,1.0,Relatively New,0,0,0,0,0,2,49
flat,bptp terra,sector 37d,1.72,9498.0,1373.0,3,3,3,9.0,Relatively New,1,0,0,0,0,2,24
house,sector 15 part 2 rwa,sector 15,10.0,22222.0,4518.0,5,5,2,2.0,Old Property,0,0,0,0,0,0,49
flat,mapsko paradise,sector 83,0.95,6300.0,1489.0,3,3,3,1.0,Moderately Old,0,0,0,0,0,0,0
flat,pioneer park,sector 61,2.04,14624.0,1595.0,3,3,3+,16.0,Moderately Old,0,1,0,0,0,2,165
flat,bestech park view grand spa,sector 81,2.35,8835.0,2513.0,3,4,3+,6.0,Relatively New,0,1,0,0,0,2,101
house,independent,sector 31,3.5,24155.0,1449.0,4,4,3,2.0,Old Property,0,0,0,0,0,2,70
flat,ambience creacions,sector 22,4.1,28101.0,2069.0,3,3,3+,2.0,New Property,0,0,0,0,0,1,119
house,not applicable,sector 4,0.75,11719.0,640.0,2,4,3,2.0,Moderately Old,0,0,0,0,0,0,0
flat,belgravia resort residences,sector 48,3.45,18459.0,1869.0,3,3,3,14.0,Moderately Old,0,0,0,0,0,0,0
flat,ats triumph,sector 104,2.62,8317.0,2851.0,4,4,3+,14.0,Relatively New,0,1,0,0,0,0,174
flat,godrej oasis,sector 88a,1.45,8367.0,133.0,2,2,3+,9.0,Relatively New,1,0,0,0,0,1,85
flat,signature global park,sohna road,0.54,6391.0,676.0,2,2,3,4.0,New Property,0,0,0,0,0,0,44
house,ss hibiscus,sector 50,12.25,20940.0,5850.0,5,7,3+,1.0,Relatively New,0,0,0,0,0,2,160
flat,ats kocoon,sector 109,1.68,9628.0,1579.0,3,3,3,8.0,Relatively New,0,0,0,0,0,0,142
house,ansal sushant lok plots,sector 43,3.3,26570.0,1242.0,1,1,0,2.0,Under Construction,0,0,0,0,0,0,0
flat,paras dews,sector 106,1.15,6053.0,1305.0,3,4,3,5.0,Relatively New,1,1,0,0,0,0,49
flat,pyramid urban,sector 67a,0.7,11844.0,657.0,2,2,1,14.0,New Property,0,0,0,0,0,0,44
flat,ild greens,sector 37c,0.75,5245.0,1430.0,2,2,3+,13.0,Relatively New,0,0,0,0,0,0,51
house,independent,sector 26,4.0,29630.0,1350.0,4,4,3,2.0,Old Property,0,0,0,0,0,0,41
flat,ss the leaf,sector 85,1.15,11967.0,1263.0,2,2,3,20.0,Relatively New,0,0,0,1,0,0,107
flat,m3m heights,sector 65,3.29,17998.0,1654.0,3,3,3,33.0,New Property,0,0,0,0,0,0,49
flat,siddhi vinayak apartments,sector 55,1.44,9600.0,1700.0,3,3,2,6.0,Moderately Old,0,0,0,0,1,2,47
flat,smart world orchard,sector 61,2.6,14723.0,1475.0,3,3,2,2.0,New Property,0,0,0,0,0,0,47
flat,tulip violet,sector 69,3.05,9664.0,2856.0,4,5,3+,14.0,Relatively New,0,1,0,0,1,0,49
house,independent,sector 45,17.0,37778.0,4500.0,5,8,3+,3.0,Relatively New,0,0,0,0,0,1,152
house,vatika independent floors,sector 82,1.4,8235.0,1700.0,3,3,2,3.0,New Property,0,0,0,0,0,0,61
flat,assotech blith,sector 99,1.6,6667.0,2400.0,3,4,0,15.0,New Property,0,0,0,0,0,0,51
house,independent,sector 12,0.38,4222.0,900.0,3,3,3,3.0,Relatively New,0,0,0,0,0,0,0
flat,vatika gurgaon,sector 83,1.4,7179.0,2167.0,4,4,3,10.0,Relatively New,0,1,0,0,0,0,35
flat,sobha city,sector 108,2.45,14040.0,1460.0,3,3,3,15.0,Relatively New,0,0,0,0,0,0,49
flat,indiabulls centrum park,sector 103,1.32,7788.0,1300.0,3,3,3+,6.0,Relatively New,1,0,0,0,0,0,49
flat,hcbs sports ville,sohna road,0.32,6166.0,577.0,2,2,2,2.0,New Property,0,0,0,0,0,0,37
flat,godrej air,sector 85,1.75,9589.0,1825.0,3,3,2,27.0,Relatively New,0,0,0,0,0,0,44
flat,tulip violet,sector 69,1.38,8973.0,1392.0,3,3,1,12.0,Relatively New,0,0,0,0,0,0,157
flat,godrej oasis,sector 88a,1.5,8108.0,1674.0,3,3,3+,11.0,New Property,0,0,0,0,0,0,39
flat,today callidora,sector 73,1.0,7692.0,1444.0,2,2,2,13.0,New Property,0,0,0,0,0,0,0
flat,central park 2 bellevue,sector 48,2.75,10755.0,2574.0,3,4,3+,3.0,Moderately Old,0,0,0,0,0,0,32
flat,signature global park,sohna road,0.9,6254.0,1599.0,3,3,3,3.0,Relatively New,0,0,0,1,0,0,96
flat,godrej air,sector 85,1.35,13636.0,102.0,2,2,3,19.0,Under Construction,0,0,0,0,0,0,44
flat,smart world gems,sector 89,1.2,8433.0,1581.0,3,3,2,2.0,New Property,0,0,0,0,0,0,44
flat,avl 36 gurgaon,sector 36a,0.37,10541.0,319.0,1,1,1,3.0,Relatively New,0,0,0,0,0,2,88
flat,central park flower valley,sector 33,2.2,10476.0,1900.0,3,3,3,12.0,New Property,0,1,0,0,0,2,49
flat,ats triumph,sector 104,2.52,8000.0,2800.0,4,4,3+,19.0,Relatively New,0,1,1,0,0,2,156
house,independent,sector 25,10.0,37037.0,2700.0,5,6,3,3.0,Old Property,0,0,0,0,0,2,64
flat,krrish florence estate,sector 70,1.3,5601.0,1865.0,3,3,3,17.0,Under Construction,0,0,0,0,0,2,61
house,dlf city plots,sector 26,17.0,37627.0,4518.0,5,6,3,2.0,Old Property,0,0,0,0,0,2,87
flat,maruti vihar,sector 28,1.0,9091.0,995.0,1,1,1,1.0,Old Property,1,0,0,1,0,2,80
flat,smart world gems,sector 89,1.16,10498.0,998.0,3,2,3,1.0,New Property,1,0,0,0,0,0,49
flat,shree vardhman flora,sector 90,0.65,4815.0,1222.0,2,2,3,6.0,Relatively New,1,0,0,0,0,0,165
flat,indiabulls enigma,sector 110,3.6,10588.0,3077.0,4,5,3,7.0,Relatively New,0,1,0,0,0,0,165
flat,sidhartha ncr one phase,sector 95,0.9,4500.0,2000.0,3,3,1,15.0,Relatively New,0,0,0,0,0,0,60
flat,ss,sector 85,2.17,7717.0,2600.0,4,4,3,7.0,Relatively New,1,1,0,1,0,0,49
house,independent,sector 43,5.3,27390.0,1935.0,3,9,3+,3.0,Moderately Old,0,0,0,0,0,2,71
house,adani brahma samsara,sector 60,18.02,28200.0,6390.0,9,12,3+,3.0,Relatively New,0,0,0,0,0,2,146
house,independent,sector 25,6.5,36111.0,1800.0,4,4,3+,2.0,Moderately Old,0,0,0,0,0,0,61
house,independent,sector 38,3.5,20325.0,1712.0,3,2,2,1.0,Moderately Old,0,0,0,0,0,0,0
house,emaar mgf marbella,sector 66,12.0,38095.0,3150.0,5,6,3+,4.0,New Property,0,0,0,0,0,0,38
flat,paras dews,sector 106,1.15,6534.0,1186.0,3,4,3+,12.0,Relatively New,1,1,0,0,0,2,174
flat,residency grand,sector 52,5.0,7692.0,5778.0,5,7,3+,1.0,Moderately Old,0,1,0,1,0,0,77
flat,rof ananda,sector 95,0.26,6032.0,406.0,1,1,1,8.0,New Property,0,0,0,0,0,0,49
house,independent,sector 26,18.0,39841.0,4518.0,5,4,3+,4.0,Moderately Old,0,0,0,0,0,2,113
house,ansal sushant lok 2,sector 56,3.4,22222.0,1530.0,6,6,3+,2.0,Moderately Old,0,0,0,0,0,2,29
flat,dlf the ultima,sector 81,2.25,10553.0,1929.0,3,3,3+,15.0,Relatively New,0,1,0,0,0,1,165
house,international city by sobha phase 1,sector 109,6.0,9634.0,6228.0,5,5,3+,2.0,Relatively New,0,0,0,0,0,0,160
flat,mapsko mount ville,sector 79,1.2,13841.0,1165.0,3,3,3,18.0,Relatively New,1,0,0,1,0,2,160
flat,signature global synera,sector 81,0.4,6319.0,586.0,2,2,1,12.0,Relatively New,0,0,0,0,0,0,23
flat,tulip purple,sector 69,1.92,8000.0,2172.0,4,5,3+,5.0,Relatively New,0,1,0,0,0,2,158
house,eros rosewood city,sector 49,1.6,3500.0,60.0,4,4,3,4.0,New Property,0,0,0,0,0,2,27
flat,rof aalayas,sector 102,0.45,8411.0,568.0,2,2,1,14.0,Relatively New,0,0,0,0,0,1,57
flat,sbtl caladium,sector 109,1.26,6542.0,1701.0,3,2,3,8.0,Relatively New,0,0,0,0,0,0,103
flat,tulsiani easy in homes,sohna road,0.4,7921.0,561.0,2,2,3,9.0,Under Construction,0,0,0,0,0,0,36
flat,ireo victory valley,sector 67,3.49,12998.0,2724.0,3,3,3,19.0,Relatively New,0,1,0,0,0,0,103
flat,vatika city,sector 49,2.1,10417.0,1604.25,3,3,3,9.0,Moderately Old,0,0,0,1,0,2,132
flat,indiabulls enigma,sector 110,4.49,11572.0,3511.0,5,5,3+,4.0,Relatively New,0,1,0,0,0,0,165
flat,tulip violet,sector 69,1.51,9569.0,1325.0,3,3,2,0.0,Relatively New,0,0,0,1,0,1,165
flat,vatika the seven lamps,sector 82,0.94,6569.0,1299.0,2,2,2,12.0,Relatively New,1,0,0,0,0,2,103
house,dlf city plots phase 2,sector 25,6.3,35000.0,1800.0,4,4,3+,2.0,Old Property,0,0,0,0,0,0,89
flat,tulip violet,sector 69,2.05,9951.0,1889.0,4,4,2,0.0,Relatively New,0,0,0,0,0,0,157
flat,dlf new town heights,sector 86,1.3,6736.0,1747.0,3,3,3,12.0,Moderately Old,0,1,0,1,0,0,106
flat,spaze privy,sector 72,1.9,9620.0,1787.0,3,3,3,10.0,Moderately Old,0,1,0,0,0,2,31
flat,tulip violet,sector 69,1.66,8409.0,1783.0,4,4,1,12.0,Relatively New,0,0,0,1,0,0,102
flat,ss the leaf,sector 85,1.05,6402.0,1484.0,2,2,3,6.0,Relatively New,0,0,0,0,1,0,49
flat,shyam sadan,sector 3 phase 2,0.55,6471.0,778.0,2,2,1,4.0,Relatively New,1,0,0,0,0,2,69
flat,signature global synera,sector 81,0.48,8451.0,613.0,2,2,1,7.0,Relatively New,0,0,0,0,0,2,70
flat,tulip leaf,sector 69,2.07,11424.0,1640.0,3,3,3,16.0,Relatively New,0,0,0,0,0,0,49
flat,pioneer urban presidia,sector 62,7.15,16486.0,3925.0,4,5,3+,7.0,Relatively New,1,1,1,0,0,2,158
flat,sbtl caladium,sector 109,1.3,6915.0,1701.0,3,2,3,16.0,Moderately Old,0,0,0,0,0,0,134
flat,spaze privvy the address,sector 93,1.25,6898.0,1350.0,3,4,2,12.0,Relatively New,0,0,0,0,0,2,96
flat,vatika inxt floors,sector 82a,0.75,7500.0,1000.0,2,2,2,1.0,Relatively New,0,0,0,0,0,0,0
house,independent,sector 39,5.15,14071.0,340.0,5,5,0,1.0,Relatively New,0,0,0,0,0,0,0
flat,shree arihant apartment,sector 54,1.5,8108.0,1700.0,3,3,3+,4.0,Moderately Old,0,0,0,1,0,2,75
flat,indiabulls centrum park,sector 103,2.2,7652.0,2602.0,4,6,3+,4.0,Relatively New,0,1,0,0,0,2,108
flat,sare petioles,sector 92,1.22,5250.0,2093.0,4,3,3,9.0,Under Construction,0,1,0,0,0,0,99
flat,godrej summit,sector 104,1.25,6779.0,1669.0,3,4,3+,12.0,Relatively New,0,1,0,0,1,0,79
flat,sukhshanti apartment,sector 56,1.65,7006.0,2131.0,3,3,3+,5.0,Moderately Old,1,0,0,0,0,2,134
flat,tashee capital gateway,sector 111,0.96,6500.0,1338.0,2,2,1,4.0,Under Construction,1,0,0,0,0,0,53
flat,experion windchants,sector 112,2.5,13889.0,1939.03,2,2,3,10.0,Relatively New,1,0,0,1,0,2,174
flat,godrej,sector 79,1.35,8970.0,1362.0,3,3,2,7.0,Relatively New,0,0,0,0,0,0,118
flat,paras irene,sector 70a,1.2,8451.0,1285.0,2,2,3,6.0,Moderately Old,0,0,0,0,0,0,42
house,independent,sector 6,0.66,10784.0,612.0,3,2,1,2.0,Old Property,0,0,0,0,0,0,36
flat,shree vardhman victoria,sector 70,1.65,8462.0,1527.0,3,4,3,5.0,Relatively New,0,1,0,0,1,2,49
flat,bestech park view sanskruti,sector 92,1.42,7760.0,1738.0,3,3,2,10.0,Relatively New,0,0,0,0,0,0,117
house,independent,sector 26,9.0,33333.0,2700.0,5,5,2,3.0,Old Property,0,0,0,0,0,1,110
flat,the close north,sector 50,2.51,11992.0,1894.0,3,3,3,11.0,Moderately Old,0,0,1,1,0,2,109
flat,sobha city,sector 108,2.1,13972.0,1250.0,2,2,2,3.0,Under Construction,0,0,0,0,0,0,74
flat,ramprastha city,dwarka expressway,1.3,9286.0,1267.0,3,3,2,3.0,Under Construction,0,0,0,0,0,0,0
flat,indiabulls enigma,sector 110,4.1,10567.0,3500.0,5,5,2,10.0,Relatively New,0,1,0,0,0,0,159
flat,conscient heritage max,sector 102,1.75,9011.0,1757.0,3,4,3+,13.0,Relatively New,0,1,0,0,0,2,94
flat,alpha corp gurgaonone,sector 84,1.49,7590.0,1833.0,3,3,3,6.0,Relatively New,0,1,0,0,0,0,28
flat,emaar imperial gardens,sector 102,1.91,9550.0,1587.0,3,4,2,17.0,Relatively New,1,1,0,0,0,2,152
flat,dlf regal gardens,sector 90,1.25,10417.0,1437.0,3,3,3,18.0,Moderately Old,0,1,0,0,0,0,100
flat,sunischit apartments,sector 54,1.69,7953.0,1991.0,3,3,3+,5.0,Old Property,0,1,0,0,0,2,65
house,dlf city plots phase 2,sector 25,10.75,29861.0,3600.0,9,9,3+,3.0,Old Property,0,0,0,0,0,0,73
house,independent,sector 23,4.0,16006.0,2430.0,3,3,2,2.0,Moderately Old,0,0,0,0,0,2,115
flat,shree vardhman victoria,sector 70,1.15,8519.0,1222.0,2,2,3,8.0,Relatively New,1,0,0,0,1,0,49
flat,ss the leaf,sector 85,1.2,7317.0,1484.0,2,2,3,12.0,Relatively New,0,0,0,0,0,2,157
house,independent,sector 43,8.25,30556.0,2700.0,5,6,3+,3.0,Moderately Old,0,0,0,0,0,2,64
flat,dlf regency park,sector 28,1.35,11739.0,1120.0,2,2,2,14.0,Old Property,0,0,1,0,0,0,66
flat,"new colony, gurgaon",sector 7,0.8,8097.0,1100.0,3,2,1,4.0,Relatively New,0,0,0,0,0,2,69
flat,experion the heartsong,sector 108,1.7,8487.0,1500.29,3,4,3+,14.0,Relatively New,0,1,0,0,0,0,119
flat,chintels paradiso,sector 109,1.97,7490.0,2380.0,4,4,2,11.0,Relatively New,0,1,0,1,0,0,49
flat,ss the leaf,sector 85,1.1,9565.0,1600.0,2,2,3,10.0,Relatively New,0,0,0,1,0,0,150
flat,la vida by tata housing,sector 113,3.0,14286.0,2460.0,3,3,3+,3.0,Relatively New,0,1,0,0,0,0,167
flat,sare crescent parc,sector 92,0.82,5384.0,1523.0,3,3,3+,12.0,Relatively New,0,0,0,0,0,0,0
house,independent,sector 55,2.8,18667.0,1500.0,4,4,0,2.0,Old Property,0,0,0,0,0,0,0
flat,sidhartha ncr greens,sector 95,0.6,5576.0,974.0,2,2,2,14.0,Relatively New,1,0,0,0,0,0,31
flat,umang winter hills,sector 77,0.71,5306.0,1057.0,2,2,2,6.0,Relatively New,1,0,0,0,0,0,108
flat,ats tourmaline,sector 109,2.1,8124.0,2100.0,3,4,3+,11.0,Relatively New,0,1,0,0,0,2,165
flat,emaar mgf emerald estate,sector 65,1.7,21014.0,1081.0,3,3,3,7.0,Relatively New,1,0,0,0,0,2,116
flat,sare crescent parc,sector 92,0.9,4278.0,1692.0,4,5,3+,14.0,Relatively New,0,1,0,0,1,0,62
flat,pioneer park,sector 61,2.0,11765.0,1538.0,3,3,3,24.0,Moderately Old,0,0,0,0,0,2,75
flat,ashiana mulberry,sohna road,1.07,6185.0,1600.0,3,3,3+,7.0,Relatively New,0,0,0,0,0,0,167
house,project housing board colony,sector 28,2.58,17695.0,1444.0,4,2,2,2.0,Relatively New,0,0,0,0,0,0,0
flat,sare homes,sector 92,1.12,5359.0,2322.0,4,4,2,12.0,Relatively New,0,1,0,0,0,0,85
house,sector 14 rwa,sector 14,6.5,20635.0,3150.0,4,4,3+,2.0,Moderately Old,0,0,0,0,0,0,0
flat,silverglades the melia,sohna road,1.01,6999.0,1184.0,2,2,3,12.0,Under Construction,1,0,0,0,0,0,80
house,dlf floors phase 3,sector 24,3.51,12342.0,2844.0,4,4,3,4.0,Under Construction,0,0,0,0,0,2,160
flat,tata primanti,sector 72,3.21,16050.0,2140.0,3,4,3+,15.0,Relatively New,0,1,0,0,0,2,174
flat,antriksh heights,sector 84,0.9,6207.0,1525.0,3,3,3+,12.0,Relatively New,0,0,0,0,0,0,166
house,unitech uniworld resorts,sector 33,10.0,20202.0,550.0,5,6,3,4.0,New Property,0,0,0,0,0,0,26
flat,eros wembley estate,sector 50,1.4,10174.0,1245.0,3,3,2,9.0,Relatively New,0,0,1,0,0,2,117
flat,raheja vedaanta,sector 108,1.25,5682.0,1991.0,3,2,0,0.0,Relatively New,0,0,0,0,0,2,65
flat,experion the heartsong,sector 108,1.02,7950.0,1283.0,2,3,3,4.0,Relatively New,1,0,0,0,0,0,112
flat,vipul lavanya,sector 81,0.75,5967.0,1397.0,2,2,2,7.0,Moderately Old,0,0,0,0,0,0,37
flat,corona optus,sector 37c,1.25,7090.0,1350.0,3,3,3,4.0,Relatively New,0,0,0,0,1,0,49
flat,ramsons kshitij,sector 95,0.17,544.0,3569.0,1,1,1,12.0,Relatively New,0,0,0,0,0,0,56
house,independent,sector 47,5.25,11667.0,4650.0,9,9,3+,4.0,Relatively New,0,0,0,0,0,2,142
flat,m3m merlin,sector 67,3.4,14419.0,2016.0,3,4,3,16.0,Relatively New,0,1,0,0,0,2,174
flat,emaar gurgaon greens,sector 102,1.55,9394.0,1315.0,3,4,3,7.0,Relatively New,0,1,0,0,0,2,152
flat,shree vardhman flora,sector 90,1.3,5253.0,2134.0,4,5,2,9.0,Relatively New,1,1,0,0,0,0,110
flat,bestech park view city,sector 49,3.0,12589.0,2200.0,4,4,3,5.0,Moderately Old,0,1,0,1,0,2,141
flat,godrej nature plus,sector 33,1.15,11558.0,103.0,2,2,2,15.0,Under Construction,0,0,0,0,0,0,38
flat,pyramid urban,sector 67a,0.53,8968.0,657.0,2,2,1,6.0,Relatively New,0,0,0,0,1,2,49
flat,dlf the ultima,sector 81,2.29,10926.0,1900.0,3,4,3+,15.0,Relatively New,0,1,0,0,0,1,103
house,independent,sector 53,4.65,17574.0,2646.0,5,5,3+,1.0,Moderately Old,0,0,0,0,0,2,0
house,independent,sector 11,1.35,3857.0,3500.0,10,6,3+,3.0,Old Property,0,0,0,0,0,0,0
flat,emaar gurgaon greens,sector 102,1.35,8182.0,1315.0,3,3,3,9.0,Relatively New,0,1,0,0,0,0,100
flat,paras dews,sector 106,1.1,9735.0,1186.0,3,4,3+,8.0,Relatively New,0,1,0,0,0,2,174
flat,tulip violet,sector 69,1.37,8908.0,1392.0,3,3,1,12.0,Relatively New,0,0,0,0,0,0,116
flat,indiabulls centrum park,sector 103,1.15,7765.0,1250.0,2,2,3,8.0,Relatively New,1,0,0,0,0,2,135
flat,ireo skyon,sector 60,3.7,13214.0,2534.0,4,5,3,10.0,Relatively New,0,1,0,0,0,2,165
flat,the crew bos chs manesar,manesar,0.85,3696.0,2556.0,3,3,2,2.0,Moderately Old,0,0,0,0,0,0,44
flat,shyamkunj ashok vihar pahse 2,sector 3 phase 2,0.3,4444.0,750.0,2,2,1,1.0,Relatively New,0,0,0,0,0,0,21
house,independent,sector 105,0.6,13333.0,450.0,3,3,0,3.0,Moderately Old,0,0,0,0,0,0,0
flat,birla navya,sector 63a,3.5,25926.0,1500.0,3,3,3,1.0,Under Construction,0,0,0,0,0,0,38
flat,dlf the ultima,sector 81,2.25,10755.0,2090.0,3,4,3+,11.0,Relatively New,0,1,0,0,0,1,174
flat,experion the heartsong,sector 108,0.98,13351.0,978.23,2,3,3,12.0,Relatively New,1,1,1,1,0,0,31
house,signature global city,sector 37d,1.27,8089.0,1570.0,3,3,3,4.0,Under Construction,0,0,0,0,0,0,89
flat,essel towers,sector 14,2.2,12500.0,1956.0,3,4,3+,3.0,Old Property,0,0,0,0,0,0,0
flat,tulip violet,sector 69,1.75,9459.0,2056.0,3,4,2,0.0,Relatively New,0,0,0,0,0,2,174
flat,g l s arawali homes,sohna road,0.26,4514.0,521.0,2,2,2,1.0,Moderately Old,0,0,0,0,0,0,0
flat,godrej nature plus,sector 33,1.4,9333.0,1448.0,2,2,3,14.0,Under Construction,0,0,0,0,0,0,67
house,iffco nagar and 17b rwa,sector 17,2.98,20566.0,1449.0,2,6,3+,3.0,Relatively New,0,0,0,0,0,0,78
flat,smart world orchard,sector 61,1.57,13652.0,1150.0,2,2,2,3.0,New Property,1,0,0,0,1,0,71
house,sector 14 rwa,sector 14,6.5,26000.0,2500.0,5,5,0,4.0,Moderately Old,0,0,0,0,0,0,0
flat,emaar gurgaon greens,sector 102,1.35,10800.0,1400.0,3,4,3+,9.0,Relatively New,0,1,0,1,0,2,174
flat,antriksh heights,sector 84,0.84,4870.0,1561.0,3,3,3+,8.0,New Property,0,0,0,1,0,0,60
flat,vatika city homes,sector 83,1.05,8571.0,1468.0,3,3,3,8.0,Moderately Old,0,0,0,1,0,2,103
house,independent,sector 46,2.2,24202.0,909.0,3,3,2,3.0,Old Property,0,0,0,0,0,2,56
flat,umang winter hills,sector 77,1.0,7502.0,1489.0,2,2,2,3.0,New Property,0,0,0,0,0,0,74
flat,vatika sovereign park,sector 99,2.45,8813.0,2516.0,3,4,3,1.0,New Property,0,1,0,0,0,2,165
flat,m3m woodshire,sector 107,0.8,5857.0,1204.0,2,2,3+,6.0,Relatively New,0,0,0,1,0,2,174
flat,vatika independent floors,sector 82,0.67,5826.0,1150.0,2,2,3,2.0,Moderately Old,0,0,0,0,0,0,53
house,satya the hermitage,sector 103,3.15,6702.0,4700.0,4,5,0,12.0,Relatively New,0,0,0,0,0,0,61
flat,signature global park,sohna road,0.9,8036.0,1014.0,3,2,2,2.0,Under Construction,0,0,0,0,0,0,144
house,independent,sector 8,0.32,7111.0,450.0,2,3,1,1.0,Relatively New,0,0,0,0,0,0,0
flat,central park flower valley,sector 33,3.3,13750.0,2667.0,3,3,3,2.0,Under Construction,1,1,1,1,0,0,61
flat,bestech park view sanskruti,sector 92,1.68,11053.0,1804.0,3,4,3+,15.0,Relatively New,0,1,0,0,0,2,174
flat,godrej,sector 79,1.28,8505.0,1362.0,3,3,3,7.0,Relatively New,0,0,0,0,0,0,158
house,"nirmal enclave, maruti kunj road",sector 11,0.24,5333.0,450.0,2,2,0,2.0,Relatively New,0,0,0,0,0,0,0
house,unitech escape,sector 50,12.0,37037.0,400.0,5,6,3+,3.0,Moderately Old,0,0,0,0,0,0,66
flat,unitech the residences,sector 33,1.35,8738.0,1398.0,3,4,2,8.0,Moderately Old,0,1,0,0,0,0,49
flat,antriksh heights,sector 84,1.02,4869.0,1896.0,4,4,3+,11.0,Relatively New,0,1,0,1,0,0,99
flat,emaar mgf emerald floors premier,sector 65,3.0,15190.0,1787.0,4,4,3+,2.0,Relatively New,0,1,0,0,0,0,87
flat,breez global hill view,sohna road,2.6,5215.0,616.0,2,2,2,6.0,New Property,0,0,0,0,0,0,42
flat,south city 1 floors,sector 41,3.4,11724.0,2900.0,4,4,3,0.0,Old Property,0,0,0,0,0,0,0
house,dlf city phase 1,sector 26,5.5,30556.0,1800.0,4,4,3+,2.0,Moderately Old,0,0,0,0,0,0,49
flat,ardee city,sector 52,1.5,9146.0,1484.0,4,4,3,3.0,Old Property,0,0,0,0,0,0,65
flat,pivotal devaan,sector 84,0.35,7277.0,531.0,2,2,1,10.0,Relatively New,0,0,1,0,0,0,103
house,ss aaron ville,sector 49,6.75,19737.0,3420.0,5,4,2,2.0,Old Property,0,0,0,0,0,0,78
flat,ambience creacions,sector 22,1.99,14420.0,1285.0,2,2,2,9.0,New Property,1,1,0,1,0,0,20
flat,mvn athens,sohna road,0.25,3671.0,681.0,2,2,1,11.0,Relatively New,0,0,0,0,0,2,67
flat,emaar mgf palm hills,sector 77,1.65,8462.0,1765.0,4,3,3,9.0,Relatively New,0,1,0,0,0,0,100
flat,signature signum 95a,sector 95,0.4,7782.0,571.0,2,2,2,3.0,New Property,0,0,0,0,0,0,44
flat,hcbs sports ville,sohna road,0.32,4301.0,743.99,2,2,1,3.0,Relatively New,0,0,0,0,0,0,109
flat,avl 36 gurgaon,sector 36a,0.65,8953.0,657.0,2,2,2,7.0,Relatively New,0,0,0,0,0,0,89
flat,vatika gurgaon,sector 83,1.1,6162.0,1600.0,3,3,3+,5.0,Relatively New,0,0,0,0,0,2,96
house,dlf new town heights,sector 86,2.5,7827.0,3194.0,4,5,3+,4.0,Moderately Old,0,0,0,0,0,2,49
flat,paras dews,sector 106,1.25,7102.0,1186.0,3,4,3+,5.0,Relatively New,0,1,0,0,0,0,165
flat,eldeco accolade,sohna road,0.87,5963.0,1131.0,2,2,3+,10.0,Relatively New,1,0,0,0,0,0,72
flat,godrej,sector 33,0.95,6859.0,1253.0,2,2,3+,3.0,Under Construction,0,0,0,0,0,0,0
flat,huda ashok vihar phase,sector 4,0.43,6615.0,722.0,2,2,1,2.0,Relatively New,0,0,0,0,0,0,7
flat,la vida by tata housing,sector 113,3.35,16750.0,2200.0,3,4,3+,12.0,New Property,1,1,0,0,0,0,174
house,independent,sector 108,1.34,5000.0,2680.0,1,1,0,1.0,Relatively New,0,0,0,0,0,0,0
flat,conscient heritage max,sector 102,1.82,9010.0,1757.0,3,4,3+,12.0,Relatively New,0,1,0,0,0,0,101
flat,shapoorji pallonji joyville gurugram,sector 102,0.97,16441.0,742.0,2,2,2,10.0,Relatively New,0,0,0,0,0,0,151
house,independent,sector 13,2.25,6944.0,400.0,10,10,2,1.0,Old Property,0,0,0,0,0,0,0
flat,dlf royalton tower,sector 43,6.5,22109.0,2661.0,4,5,2,8.0,Relatively New,0,1,0,0,0,0,15
flat,sidhartha ncr greens,sector 95,0.96,6202.0,1720.0,3,3,3,8.0,New Property,0,0,1,1,0,0,8
house,independent,sector 12,1.5,11111.0,1350.0,5,5,2,3.0,Old Property,0,0,0,0,0,0,16
flat,m3m golfestate,sector 65,5.5,16960.0,2803.0,3,4,3,3.0,Relatively New,0,1,0,0,0,0,49
flat,pooja apartment,sector 3 phase 3 extension,0.25,3571.0,778.0,2,2,2,2.0,Relatively New,0,0,0,0,0,0,0
flat,awho shanti vihar,sector 95,0.82,9880.0,1095.0,2,2,3+,13.0,New Property,1,0,0,0,0,0,114
flat,orchid petals,sector 49,1.9,10526.0,2006.0,3,3,3,9.0,Moderately Old,0,1,0,0,0,0,95
flat,bestech park view residency,sector 2,1.36,7645.0,1611.0,3,3,3+,5.0,Moderately Old,0,0,0,0,0,0,84
flat,smart world orchard,sector 61,2.1,13752.0,1534.0,3,2,3,3.0,Under Construction,0,0,0,0,0,0,146
flat,deepak minda,manesar,1.2,4528.0,2944.0,3,3,3+,6.0,Moderately Old,0,1,0,0,0,0,7
flat,suncity avenue,sector 102,0.48,9023.0,582.0,2,2,1,5.0,Relatively New,0,0,1,0,0,0,159
flat,pyramid elite,sector 86,0.45,7840.0,637.0,2,2,1,12.0,Under Construction,0,0,0,0,0,0,30
flat,sobha city,sector 108,3.25,15685.0,1875.0,3,3,3,12.0,Relatively New,0,0,0,0,0,0,99
flat,shreeram apartment ii,sector 4,0.21,4667.0,500.0,1,1,1,2.0,Relatively New,0,0,0,0,0,0,7
flat,emaar digihomes,sector 62,2.1,14257.0,1365.0,2,2,2,30.0,New Property,0,1,0,0,0,0,52
house,independent,sector 8,0.82,10224.0,891.0,2,4,0,2.0,Moderately Old,0,0,0,0,0,0,0
house,row house,sector 105,0.43,9130.0,1050.0,3,3,3,2.0,Relatively New,0,0,0,0,0,0,0
flat,ansal heights 86,sector 86,0.9,5325.0,1690.0,3,3,2,10.0,New Property,0,0,0,0,0,0,29
flat,ild grand,sector 37c,1.35,7143.0,1820.0,3,3,0,1.0,New Property,0,0,0,0,0,0,60
flat,ashiana mulberry,sohna road,0.9,6143.0,1100.0,2,2,3+,7.0,Moderately Old,1,0,0,0,0,2,156
house,unitech espace,sector 50,7.42,34352.0,3200.0,4,4,3,2.0,Old Property,0,0,0,0,0,2,88
flat,bestech park view residency,sector 2,1.55,8073.0,1738.0,3,4,3+,4.0,Old Property,0,1,0,0,0,0,84
flat,smart world orchard,sector 61,1.41,12250.0,1150.0,2,2,2,2.0,Under Construction,1,0,0,0,0,0,76
flat,sbtl caladium,sector 109,1.88,6154.0,2765.0,4,5,3,10.0,Relatively New,0,0,0,0,0,0,110
flat,shree kirpalu gi sector 52,sector 52,1.45,7632.0,1800.0,3,3,3+,7.0,Relatively New,0,0,0,0,1,2,108
flat,ats triumph,sector 104,2.6,8814.0,3064.0,4,4,3+,16.0,Relatively New,0,1,0,0,0,2,150
house,independent,sector 7,0.45,5000.0,900.0,3,2,1,2.0,Old Property,0,0,0,0,0,0,12
flat,central park flower valley,sohna road,1.2,6742.0,1780.0,3,3,0,11.0,Relatively New,0,0,0,0,0,0,66
flat,m3m skywalk,sector 74,1.5,10714.0,1556.0,2,2,1,8.0,New Property,0,0,0,0,0,0,16
flat,pareena coban residences,sector 99a,1.13,5658.0,1790.0,3,5,3,5.0,Relatively New,0,1,0,0,1,0,49
flat,ss the leaf,sector 85,2.1,8721.0,2026.0,3,4,3+,6.0,Relatively New,0,1,0,0,0,0,156
flat,signature global park,sohna road,0.56,6813.0,913.0,2,2,3,3.0,New Property,0,0,0,0,0,0,81
flat,siddhartha apartment,sector 95,0.72,3664.0,1800.0,3,3,2,4.0,Relatively New,0,0,0,0,1,0,21
house,independent,sector 7,1.95,13542.0,1440.0,2,2,2,2.0,Old Property,0,0,0,0,0,0,0
flat,signature global solera,sector 107,0.36,5980.0,598.0,2,2,1,7.0,Relatively New,0,0,0,0,1,0,49
flat,dnha cghs,sector 1,0.85,3864.0,2200.0,3,3,0,5.0,Moderately Old,0,0,0,0,0,0,0
flat,rof ananda,sector 95,0.2,5464.0,407.0,1,1,1,10.0,Relatively New,0,0,0,0,0,0,82
flat,tarc maceo,sector 91,1.8,7759.0,2578.0,4,3,3+,0.0,Relatively New,1,0,0,1,0,1,45
flat,signature global solera,sector 107,0.28,5833.0,543.0,2,2,2,11.0,Relatively New,0,0,0,0,0,0,45
flat,ild greens,sector 37c,0.78,5714.0,1068.1,2,2,3,1.0,Moderately Old,0,0,0,0,0,2,103
flat,tulip petals,sector 89,1.1,7097.0,1550.0,3,2,3,4.0,New Property,0,0,0,0,0,0,0
flat,signature the serenas,sohna road,0.45,8475.0,590.0,2,2,1,10.0,New Property,0,0,0,0,0,0,23
flat,hector trimurti heights,sector 39,1.5,6383.0,2611.0,4,3,3,10.0,Old Property,0,1,0,0,0,1,49
flat,tulip violet,sector 69,1.37,8676.0,1568.0,3,3,1,12.0,Relatively New,0,0,0,1,0,0,95
flat,apex our homes,sector 37c,0.33,3568.0,850.0,2,2,1,3.0,Relatively New,0,0,0,0,0,2,158
flat,godrej oasis,sector 88a,1.19,10162.0,1387.0,2,2,3,15.0,Relatively New,1,0,0,1,0,2,174
house,independent,sector 7,1.15,8519.0,1350.0,5,3,2,2.0,Old Property,0,0,0,0,0,0,15
flat,bestech altura,sector 79,2.69,12500.0,1946.0,3,4,3+,3.0,New Property,0,1,0,0,0,0,49
flat,signature global city 63a,sector 63a,1.55,14776.0,1167.0,2,2,2,2.0,Under Construction,0,0,0,0,0,0,0
flat,bptp terra,sector 37d,1.55,8559.0,1639.0,3,3,3+,11.0,Relatively New,0,0,0,0,0,0,79
flat,.,gwal pahari,7.0,10999.0,5430.0,4,4,3+,6.0,Relatively New,0,1,0,0,0,0,52
flat,ambience creacions,sector 22,6.16,20533.0,3333.0,4,5,3+,10.0,New Property,0,1,0,1,0,2,49
flat,ats triumph,sector 104,1.85,8079.0,2072.0,3,3,3+,24.0,Relatively New,0,1,0,0,0,0,174
flat,pioneer park,sector 61,1.6,11594.0,1533.0,2,2,2,21.0,Relatively New,0,1,0,0,0,0,105
house,experion windchants,sector 112,7.99,12520.0,6382.0,4,6,3,2.0,New Property,0,0,0,0,0,2,129
flat,ats tourmaline,sector 109,1.4,8000.0,1466.0,3,3,3+,5.0,Relatively New,0,0,0,0,0,0,44
flat,m3m skywalk,sector 74,2.45,12141.0,1800.0,3,3,3+,25.0,Relatively New,1,0,0,0,0,0,137
flat,dlf beverly park,sector 25,8.0,15385.0,5778.0,5,5,3+,2.0,Old Property,1,1,0,1,1,1,26
flat,sare homes,sector 92,0.5,4237.0,1068.0,3,3,2,1.0,Relatively New,0,0,0,0,0,0,26
flat,eden landmark,manesar,0.5,3846.0,1300.0,2,2,0,7.0,Under Construction,0,0,0,0,0,0,0
flat,aipl the peaceful homes,sector 70a,2.5,10638.0,2127.0,3,4,3,8.0,Relatively New,0,1,1,0,0,2,174
flat,signature global city 63a,sector 63a,2.0,12804.0,1540.0,3,3,2,1.0,Under Construction,0,0,0,0,0,0,36
flat,emaar gurgaon greens,sector 102,1.42,8606.0,1314.0,3,3,3,4.0,Relatively New,0,0,0,0,1,0,49
flat,orchid petals,sector 49,2.38,11498.0,2061.0,3,4,3,1.0,Relatively New,1,0,0,0,0,0,49
flat,paras dews,sector 106,2.1,8917.0,2131.0,4,6,3+,6.0,Relatively New,0,1,0,0,1,0,60
flat,godrej summit,sector 104,1.16,6388.0,2018.0,3,4,3+,8.0,Relatively New,0,1,0,0,0,2,96
house,greenopolis,sector 89,0.7,5397.0,1297.0,2,2,2,14.0,New Property,0,0,0,0,0,0,0
flat,ansal api celebrity suites,sector 2,0.6,8163.0,665.0,1,1,1,5.0,Moderately Old,0,0,0,0,0,2,67
house,independent,sector 14,4.15,18444.0,2250.0,5,4,2,2.0,Old Property,0,0,0,0,0,2,51
flat,vatika gurgaon,sector 83,1.33,5565.0,2193.0,4,4,3,3.0,Relatively New,0,1,0,0,0,0,26
flat,tulip violet,sector 69,1.3,8447.0,1392.0,3,3,1,12.0,Relatively New,0,0,0,1,0,2,94
house,independent,sector 8,0.82,9111.0,900.0,2,3,3,2.0,Moderately Old,0,0,0,0,0,0,12
flat,trisara our homes 3,sohna road,0.36,5980.0,522.0,2,2,1,1.0,New Property,0,0,0,0,0,0,45
flat,conscient heritage max,sector 102,1.75,9063.0,1748.0,3,4,3+,16.0,Relatively New,0,1,0,0,0,0,134
flat,shree vardhman flora,sector 90,0.7,5385.0,1176.0,2,2,3,13.0,New Property,1,0,0,0,0,0,15
house,bptp visionnaire,sector 70a,4.6,17625.0,2610.0,4,4,3+,3.0,Moderately Old,0,0,0,0,0,0,96
house,independent,sector 9,0.6,10753.0,558.0,2,2,1,1.0,Moderately Old,0,0,0,0,0,0,8
flat,woodstock floors,sector 50,1.05,10628.0,1098.0,2,2,2,2.0,Moderately Old,0,0,0,0,0,0,53
house,eldeco mansionz,sector 48,5.15,18885.0,302.0,5,7,3,2.0,Moderately Old,0,0,0,0,0,2,145
flat,signature global park,sohna road,0.95,7845.0,1210.73,3,2,3+,1.0,Relatively New,0,0,0,0,0,0,46
flat,ss the leaf,sector 85,1.04,5974.0,1576.0,2,3,3+,4.0,Relatively New,0,0,1,0,0,0,113
flat,sare crescent parc,sector 92,1.0,5128.0,2167.0,4,3,2,1.0,Relatively New,0,0,0,0,0,0,49
flat,palam vihar society,sector 2,3.35,7444.0,5000.0,4,4,3+,2.0,New Property,1,0,0,0,0,0,66
flat,sbr minda sec-1 imt manesar,manesar,0.64,4194.0,1696.0,3,2,3+,6.0,Old Property,0,0,0,0,0,0,51
house,vipul tatvam villa,sector 48,8.5,26235.0,3240.0,4,4,1,2.0,Relatively New,0,0,0,0,0,0,21
flat,birla navya,sector 63a,3.3,15349.0,1640.0,3,3,3,4.0,Under Construction,0,1,0,0,0,0,52
house,independent,sector 50,11.58,35741.0,3240.0,5,5,3,2.0,Moderately Old,0,0,0,0,0,0,20
flat,adani m2k oyster grande,sector 102,2.61,10046.0,2200.0,3,3,3,14.0,Relatively New,1,1,0,0,0,0,21
flat,pareena mi casa,sector 68,1.9,9228.0,2288.0,3,3,3+,1.0,Under Construction,0,1,0,0,0,0,49
flat,ansal heights 86,sector 86,0.64,4706.0,1360.0,2,2,1,3.0,New Property,0,0,0,0,0,0,73
flat,vatika gurgaon,sector 83,1.12,6455.0,1200.0,3,3,2,4.0,Relatively New,1,1,1,1,0,2,165
flat,nbcc heights,sector 89,1.5,7059.0,1923.0,3,3,3,8.0,Relatively New,1,1,0,0,0,0,105
house,independent,sector 2,4.99,18887.0,270.0,4,4,3+,3.0,Moderately Old,0,0,0,0,0,0,43
flat,alpha corp gurgaonone,sector 84,2.24,6523.0,3165.0,4,4,3,12.0,Relatively New,0,1,0,0,0,0,20
house,ansals palam vihar,sector 2,2.68,17213.0,1557.0,4,3,2,3.0,Moderately Old,0,0,0,0,0,2,74
flat,signature andour heights,sector 71,0.55,8607.0,600.0,2,2,1,7.0,Relatively New,0,0,0,0,0,2,24
flat,m3m merlin,sector 67,2.8,13672.0,1853.0,3,3,3,2.0,Relatively New,0,0,1,0,0,1,174
flat,antriksh heights,sector 84,0.94,6999.0,1222.0,3,2,3+,10.0,New Property,1,0,0,0,0,2,89
house,independent,sector 28,11.75,41315.0,2844.0,4,5,3+,4.0,Relatively New,0,0,0,0,0,2,54
flat,shapoorji pallonji joyville gurugram,sector 102,1.3,17687.0,1009.0,2,2,3,0.0,Relatively New,0,0,1,0,0,0,125
flat,m3m heights,sector 65,2.44,13297.0,1654.0,3,3,2,7.0,Under Construction,0,0,0,0,0,0,31
flat,signature global synera,sector 81,0.48,8027.0,547.0,2,2,1,14.0,Relatively New,0,0,0,0,0,2,14
flat,m3m skywalk,sector 74,1.5,12500.0,1300.0,2,2,3,17.0,Relatively New,0,0,1,0,0,0,174
house,not applicable,sector 4,0.4,9259.0,432.0,1,1,1,1.0,Moderately Old,0,0,0,0,0,0,0
flat,mapsko mount ville,sector 79,1.25,8389.0,1656.0,3,3,3+,16.0,Relatively New,0,0,0,0,0,2,49
flat,earth copia,sector 112,0.7,4673.0,1498.0,2,2,2,4.0,Relatively New,0,0,0,0,0,0,65
house,independent,sector 4,0.92,15257.0,603.0,1,4,3,4.0,Moderately Old,0,0,0,0,0,0,0
flat,godrej oasis,sector 88a,1.38,6680.0,2296.0,3,3,3+,7.0,Relatively New,0,1,0,0,0,0,72
flat,pyramid urban homes 2,sector 86,0.41,8283.0,557.0,2,2,1,7.0,New Property,1,1,0,1,1,0,49
flat,dlf new town heights,sector 90,1.2,6218.0,1747.0,3,3,3+,15.0,Relatively New,0,0,0,0,0,0,37
house,vatika signature villas,sector 82,3.2,14350.0,2160.0,3,4,3,1.0,New Property,0,0,0,0,0,0,66
flat,m3m heights,sector 65,2.01,13499.0,1482.0,2,2,3,8.0,New Property,1,0,0,0,0,0,44
flat,m3m skywalk,sector 74,1.6,11380.0,1272.0,2,2,2,28.0,New Property,0,0,0,0,0,0,15
house,jacob pura,sector 12,0.35,9722.0,360.0,2,1,0,2.0,Old Property,0,0,0,0,0,0,0
flat,dlf new town heights,sector 90,1.9,6967.0,2512.0,4,4,3+,19.0,Relatively New,0,1,1,0,0,2,174
house,shri shyam residency,sector 104,0.62,12400.0,900.0,3,3,1,2.0,Moderately Old,0,0,0,0,0,1,8
flat,ashiana anmol,sohna road,0.93,7294.0,1000.0,2,2,2,9.0,Under Construction,0,0,0,0,1,0,31
flat,ansal api esencia,sector 67,1.0,6435.0,1406.0,3,3,3+,2.0,Moderately Old,0,0,0,0,0,0,9
flat,godrej nature plus serenity,sector 33,1.45,8677.0,1512.0,3,2,3,3.0,Under Construction,0,0,0,0,0,0,49
flat,emaar mgf palm hills,sector 77,1.08,5400.0,1810.0,3,4,3+,5.0,Relatively New,1,1,0,0,1,2,167
flat,bptp terra,sector 37d,1.5,8283.0,1692.0,3,3,3,17.0,Relatively New,0,0,0,0,1,0,49
flat,shree vardhman victoria,sector 70,1.63,8359.0,1527.0,3,5,3,12.0,Relatively New,0,1,0,0,0,0,43
flat,puri emerald bay,sector 104,2.49,10163.0,2217.0,3,3,3+,14.0,Relatively New,0,1,0,0,0,2,129
house,vipul tatvam villa,sector 48,8.5,26235.0,3240.0,4,6,3,3.0,Old Property,0,0,0,0,0,0,49
flat,experion the heartsong,sector 108,1.3,8344.0,1661.0,3,3,3+,7.0,Relatively New,1,0,0,0,0,0,150
flat,apna enclave,sector 3,0.55,5789.0,900.0,2,2,2,2.0,Old Property,0,0,0,0,0,0,66
flat,m3m soulitude,sector 89,1.25,8784.0,1288.0,3,3,3,3.0,New Property,1,0,0,0,1,0,61
flat,dlf regal gardens,sector 90,1.75,7901.0,2005.0,4,4,3+,3.0,Relatively New,0,0,0,0,1,0,6
flat,godrej oasis,sector 88a,1.45,8082.0,1993.0,3,3,3,12.0,Relatively New,0,0,0,0,0,0,49
flat,tulip violet,sector 69,1.4,8861.0,1428.0,3,3,2,2.0,Relatively New,0,0,0,1,0,0,102
flat,m3m soulitude,sector 89,1.3,8701.0,1179.0,3,3,2,1.0,New Property,0,0,0,0,1,0,45
flat,tarc maceo,sector 91,0.96,5411.0,1271.0,2,2,3+,8.0,Moderately Old,0,0,0,0,0,0,85
flat,rof ananda,sector 95,0.37,5745.0,716.0,3,2,1,6.0,Relatively New,0,0,0,1,0,2,72
flat,dlf royalton tower,sector 43,6.5,20687.0,2712.0,4,4,3+,9.0,Moderately Old,0,1,0,0,0,0,7
flat,bestech altura,sector 79,1.9,8837.0,1946.0,3,4,3,11.0,Under Construction,0,0,0,0,0,0,96
flat,orris carnation residency,sector 85,0.88,5954.0,1344.0,3,3,1,1.0,Relatively New,0,0,0,0,0,0,65
house,independent,sector 28,4.5,13889.0,360.0,4,4,0,4.0,Relatively New,0,0,0,0,0,0,0
house,independent,sector 11,1.8,8079.0,2476.0,8,5,2,1.0,Moderately Old,0,0,0,0,0,0,0
flat,smart world gems,sector 89,1.05,9519.0,1103.0,2,2,2,4.0,Under Construction,1,0,0,0,1,0,38
flat,tata gurgaon gateway,sector 113,6.0,9139.0,7294.0,5,6,3+,24.0,Moderately Old,0,0,0,0,0,0,117
flat,pyramid urban,sector 67a,0.55,10516.0,581.0,2,2,2,3.0,Relatively New,0,0,0,0,0,0,73
flat,dlf regency park,sector 28,2.26,13697.0,1700.0,3,3,2,19.0,Old Property,0,1,0,0,0,0,158
flat,paras dews,sector 106,1.25,11062.0,1186.0,3,4,3+,7.0,Relatively New,1,1,0,0,0,0,167
flat,bestech park view ananda,sector 81,0.95,6985.0,1150.0,2,2,2,13.0,Relatively New,0,0,0,0,0,2,167
flat,signature global the millennia 3,sector 37d,0.5,7143.0,778.0,3,3,2,2.0,Under Construction,0,0,0,0,0,0,31
flat,mvn athens,sohna road,0.27,5895.0,508.0,2,2,1,0.0,Relatively New,0,0,0,0,0,2,69
flat,pioneer araya,sector 62,8.35,19514.0,3872.0,4,6,3,16.0,Relatively New,0,1,0,1,0,0,153
flat,godrej nature plus,sector 33,1.9,9850.0,2143.0,3,3,3+,14.0,New Property,0,1,0,0,0,0,96
flat,pareena laxmi apartments,sector 99a,0.3,5425.0,511.0,2,1,2,5.0,New Property,0,0,0,0,0,0,66
flat,smart world orchard,sector 61,2.5,16139.0,1549.0,3,3,1,1.0,Under Construction,0,0,0,0,0,0,61
flat,signature global the millennia,sector 37d,0.65,10906.0,625.0,2,2,3,0.0,New Property,0,0,0,0,0,0,40
flat,signature global park,sohna road,0.65,5637.0,1043.0,2,2,2,2.0,Relatively New,0,0,0,1,0,0,118
flat,signature global solera,sector 107,0.4,6645.0,577.0,2,2,1,7.0,Relatively New,0,0,0,0,0,2,55
flat,vatika city,sector 49,2.65,11773.0,1750.75,3,4,3,11.0,Moderately Old,0,1,0,1,0,2,140
flat,vipul lavanya,sector 81,0.6,6667.0,1000.0,2,2,1,0.0,Relatively New,0,0,0,0,0,0,49
house,bptp astaire gardens,sector 70a,1.18,8138.0,1611.0,3,3,3+,2.0,Relatively New,0,0,0,0,0,2,153
flat,rof ananda,sector 95,0.32,5735.0,610.0,2,2,1,10.0,Relatively New,0,0,0,1,0,2,50
flat,eldeco accolade,sohna road,0.95,6177.0,1050.0,2,2,3+,8.0,Under Construction,1,0,0,0,1,0,72
house,independent,sector 9,1.1,6111.0,200.0,4,3,1,2.0,Old Property,0,0,0,0,0,0,0
flat,satya the hermitage,sector 103,1.12,5625.0,1734.0,3,4,3+,9.0,New Property,0,1,0,0,0,0,49
flat,orchid island,sector 51,0.71,7889.0,1007.0,2,2,1,4.0,Relatively New,0,0,0,0,0,0,23
house,independent,sector 81,0.89,8128.0,1095.0,1,1,0,1.0,Relatively New,0,0,0,0,0,0,0
flat,signature global park,sohna road,0.54,7200.0,833.0,2,2,2,4.0,Under Construction,0,0,0,0,0,0,111
flat,dlf the ultima,sector 81,3.25,11805.0,2491.0,4,4,3+,11.0,Moderately Old,0,1,0,0,0,0,28
house,shree krishna homes,sector 104,0.48,5556.0,795.0,2,2,1,1.0,New Property,0,0,0,0,0,0,44
flat,vatika city homes,sector 83,0.8,6061.0,1195.0,2,2,2,8.0,Moderately Old,0,0,1,0,0,0,22
flat,dlf new town heights,sector 86,1.54,5785.0,2139.0,4,4,3+,21.0,Moderately Old,1,1,0,1,0,0,80
flat,godrej nature plus,sector 33,1.3,8349.0,1409.0,3,2,3+,18.0,New Property,0,0,0,0,0,0,38
flat,orris aster court premier,sector 85,1.38,6509.0,1616.0,3,4,2,6.0,Relatively New,0,1,0,0,0,0,76
flat,antriksh heights,sector 84,0.85,4928.0,1561.0,3,3,3+,10.0,Relatively New,1,0,0,0,0,0,52
flat,sanskriti apartments,sector 43,2.5,13514.0,1674.0,3,2,3,5.0,Old Property,1,0,0,0,0,0,0
flat,bestech park view sanskruti,sector 92,1.55,9688.0,1792.0,3,3,3,17.0,Relatively New,0,1,0,0,0,2,60
flat,aipl peaceful homes,sector 70a,2.75,12791.0,2150.0,3,3,3+,14.0,Relatively New,0,0,0,0,0,0,0
flat,signature global city 81,sector 81,0.8,14652.0,607.0,2,2,2,4.0,Under Construction,1,0,0,0,0,0,36
house,birla navya,sector 63a,3.85,15437.0,2771.0,3,3,3+,4.0,New Property,0,0,0,0,0,2,160
flat,kiran residency,sector 56,1.5,7500.0,1900.0,3,3,3+,4.0,Relatively New,0,1,0,0,0,2,126
flat,hsiidc sidco shivalik apartments,manesar,0.73,3559.0,1705.0,3,3,3+,2.0,Moderately Old,0,1,0,0,0,0,80
flat,the lions cghs,sector 56,2.05,7885.0,2500.0,4,4,3+,6.0,Relatively New,0,0,0,0,1,2,101
flat,m3m sierra 68,sector 68,1.25,10246.0,938.0,2,2,3,4.0,New Property,0,0,0,0,0,0,44
flat,indiabulls centrum park,sector 103,1.34,7882.0,1725.0,3,3,3+,12.0,Relatively New,1,1,1,1,0,2,38
flat,the close north,sector 50,2.75,12500.0,2400.0,3,3,3,3.0,Moderately Old,0,1,0,0,0,0,110
flat,the arzoo cghs,sector 51,2.1,9130.0,2300.0,4,4,3,1.0,Relatively New,0,0,0,0,0,0,58
flat,tulip violet,sector 69,1.38,8967.0,1392.0,3,3,1,12.0,Relatively New,0,0,0,1,0,0,86
house,independent,manesar,2.0,14959.0,1337.4,3,1,0,3.0,Moderately Old,0,0,0,0,0,0,16
flat,dlf new town heights,sector 90,1.25,6477.0,1700.0,3,3,3+,17.0,Relatively New,0,1,0,1,0,0,65
flat,la vida by tata housing,sector 113,2.4,10825.0,1940.0,3,4,3+,5.0,Relatively New,0,1,0,0,0,0,49
flat,ansal housing highland park,sector 103,2.0,7491.0,2416.0,4,5,3+,14.0,New Property,0,1,0,0,0,0,45
flat,pivotal riddhi siddhi,sector 99,0.4,4444.0,733.0,2,2,2,9.0,New Property,0,0,0,0,0,0,60
house,independent,sector 25,16.0,26667.0,6000.0,6,5,2,3.0,Relatively New,0,0,0,0,0,0,0
flat,ats kocoon,sector 109,2.22,10597.0,1860.0,3,4,3,14.0,Relatively New,1,1,1,1,0,0,45
house,surendra homes dayaindependentd colony,sector 6,0.75,15625.0,480.0,4,4,2,1.0,Moderately Old,0,0,0,0,0,0,0
flat,vatika gurgaon,sector 83,0.84,6747.0,1127.0,2,2,2,7.0,Moderately Old,0,0,0,0,0,2,157
flat,emaar mgf emerald floors premier,sector 65,2.25,13636.0,1493.0,3,3,3+,3.0,Relatively New,1,1,0,0,0,0,152
flat,godrej nature plus,sector 33,1.67,10503.0,1857.0,3,2,2,18.0,Under Construction,0,0,0,0,0,0,67
flat,bestech park view residency,sector 2,1.51,7869.0,1738.0,3,4,3+,7.0,Moderately Old,0,1,0,0,0,2,84
flat,m3m merlin,sector 67,3.32,14080.0,2016.0,3,4,3,8.0,New Property,0,1,0,0,0,2,174
flat,m3m woodshire,sector 107,0.82,6003.0,1236.0,2,2,3+,7.0,Relatively New,0,0,0,0,0,0,111
flat,emaar mgf the palm drive,sector 66,3.0,14286.0,1900.0,4,5,3+,10.0,Relatively New,0,1,0,0,0,2,49
flat,vatika sovereign park,sector 99,3.2,9922.0,3225.0,4,4,0,5.0,Under Construction,0,0,0,0,0,0,23
flat,ats tourmaline,sector 109,1.72,8000.0,1797.0,3,4,3+,7.0,Relatively New,0,1,0,0,0,0,167
flat,whiteland blissville,sector 76,1.92,11794.0,1628.0,3,3,2,3.0,Under Construction,0,0,0,0,0,0,61
flat,smart world gems,sector 89,1.2,8433.0,1423.0,3,3,2,3.0,New Property,1,0,0,0,1,0,37
house,huda housing board colony,sector 31,4.6,31507.0,1460.0,2,4,3+,3.0,Old Property,0,0,0,0,0,0,8
flat,mvn athens,sohna road,0.25,5187.0,535.0,2,2,1,3.0,Relatively New,0,0,0,0,0,0,51
flat,m3m skycity,sector 65,2.0,15267.0,1186.0,2,2,2,16.0,New Property,0,0,0,0,0,2,174
flat,rof ananda,sector 95,0.2,5464.0,407.0,1,1,1,9.0,Relatively New,0,0,0,1,0,0,52
flat,aipl the peaceful homes,sector 70a,2.55,11860.0,2000.0,3,3,3,20.0,New Property,0,1,0,1,1,2,150
flat,m3m merlin,sector 67,3.39,14377.0,2100.0,3,4,3,14.0,Relatively New,0,1,0,0,0,2,26
house,emaar mgf marbella,sector 66,11.0,33951.0,3240.0,5,6,3+,2.0,New Property,0,0,0,0,0,2,153
flat,sare crescent parc,sector 92,1.0,4778.0,2093.0,4,4,3,9.0,Relatively New,0,0,0,0,0,0,0
flat,sare crescent parc,sector 92,0.71,4934.0,1596.0,3,3,2,6.0,Relatively New,0,0,0,0,0,0,37
flat,emaar mgf the palm drive,sector 66,2.99,14950.0,1800.0,3,3,3,7.0,Relatively New,0,1,0,0,0,2,49
flat,tulip violet,sector 69,1.38,8973.0,1709.0,3,3,1,12.0,Relatively New,0,0,0,0,0,0,174
flat,indiabulls centrum park,sector 103,2.36,9183.0,2729.0,4,6,3+,8.0,Relatively New,0,1,0,0,0,2,159
flat,experion windchants,sector 112,5.49,11585.0,3655.35,4,5,3+,5.0,Relatively New,0,1,0,0,0,2,168
flat,signature global city 92,sector 92,0.99,9074.0,1091.0,3,2,3,1.0,Under Construction,0,0,0,0,0,0,24
flat,pivotal devaan,sector 84,0.35,7246.0,537.0,2,2,2,4.0,Relatively New,0,0,0,0,0,0,37
flat,signature global park 4,sector 36,0.82,7586.0,1201.0,3,2,3,2.0,New Property,0,0,0,0,0,0,24
flat,housing board colony,sector 51,0.3,7317.0,459.0,1,1,2,0.0,Old Property,0,0,0,0,0,0,0
flat,shree vardhman flora,sector 90,0.7,5178.0,1502.0,2,3,2,7.0,Relatively New,1,0,0,0,0,2,49
house,huda floor,sector 38,4.0,22222.0,4800.0,4,9,3+,2.0,Relatively New,0,0,0,0,0,2,152
flat,dlf the ultima,sector 81,2.2,10461.0,1570.0,3,3,3+,5.0,Relatively New,1,1,0,1,1,1,49
flat,vatika sovereign park,sector 99,3.25,9673.0,3041.0,4,4,3+,2.0,New Property,0,1,0,0,0,0,123
flat,ansal heights 86,sector 86,1.25,7396.0,1529.0,3,2,1,2.0,New Property,0,0,0,0,0,0,100
flat,m3m capital,sector 113,2.51,14800.0,1534.0,3,3,3+,2.0,Under Construction,1,0,0,0,0,0,49
flat,sbtl caladium,sector 109,1.63,6405.0,2303.0,3,3,2,8.0,Relatively New,0,1,0,0,0,0,159
house,prem kunj,sohna road road,0.5,7407.0,725.0,2,4,3,3.0,Relatively New,0,0,0,0,0,0,22
flat,dlf regal gardens,sector 90,1.29,7104.0,1817.0,3,3,3+,12.0,Relatively New,0,1,0,0,0,0,152
house,nirvana cedar crest,sector 50,7.1,32870.0,239.0,5,4,3,2.0,Moderately Old,0,0,0,0,0,2,110
house,hero homes,sector 104,1.95,21196.0,920.0,3,5,3+,2.0,Moderately Old,0,0,0,0,0,0,64
house,independent,sector 4,0.55,4074.0,1350.0,3,3,2,2.0,Relatively New,0,0,0,0,0,0,7
house,independent,sector 6,1.0,4630.0,240.0,6,4,0,3.0,Moderately Old,0,0,0,0,0,0,0
house,vatika signature villas,sector 82,5.0,15432.0,3240.0,4,4,3+,3.0,Relatively New,0,0,0,0,0,0,24
house,dlf city plots,sector 26,18.0,39841.0,4518.0,6,6,2,3.0,Old Property,0,0,0,0,0,2,49
house,independent,sector 3,0.9,8929.0,1008.0,3,1,0,1.0,Moderately Old,0,0,0,0,0,0,0
flat,experion the heartsong,sector 108,1.6,7988.0,1500.29,3,4,3+,3.0,Relatively New,0,1,0,0,0,2,60
flat,vatika the seven lamps,sector 82,0.85,6538.0,1176.0,2,2,2,0.0,Relatively New,0,0,0,0,0,2,49
flat,alpha corp gurgaonone,sector 84,2.2,6407.0,3108.0,4,4,3+,15.0,Relatively New,0,1,0,0,0,0,97
flat,bptp terra,sector 37d,1.72,7850.0,1983.0,3,3,3+,10.0,Relatively New,0,1,0,0,0,0,31
house,eldeco mansionz,sector 48,4.95,20599.0,2403.0,7,7,3+,2.0,Old Property,0,0,0,0,0,2,145
flat,ireo victory valley,sector 67,2.87,11904.0,2095.0,3,3,3+,16.0,Relatively New,0,1,0,0,0,2,174
flat,vatika gurgaon,sector 83,1.15,5808.0,1350.0,3,3,2,3.0,Relatively New,1,1,1,1,0,2,165
flat,bptp terra,sector 37d,1.45,8007.0,1639.0,3,3,3,9.0,Relatively New,0,0,0,0,0,0,107
flat,m3m skycity,sector 65,3.5,17040.0,2282.0,3,3,3,15.0,New Property,1,1,0,1,0,2,166
flat,suncity heights,sector 54,3.25,14118.0,2558.0,3,3,3+,0.0,Old Property,0,0,0,1,0,2,120
flat,emaar palm gardens,sector 83,1.6,8649.0,1674.0,3,3,3+,6.0,Relatively New,1,1,1,1,0,2,167
house,vipul tatvam villa,sector 48,22.0,26667.0,1000.0,5,6,3,3.0,Moderately Old,0,0,0,0,0,0,54
flat,lotus homz,sector 111,0.5,14837.0,374.0,1,1,1,2.0,Relatively New,0,0,0,0,0,1,72
house,independent,sector 24,3.5,32407.0,1080.0,2,4,3,3.0,Old Property,0,0,0,0,0,0,15
flat,sare homes,sector 92,0.8,4695.0,1893.0,4,4,3,1.0,Moderately Old,0,0,0,0,0,0,77
flat,signature global city 37d ph 2,sector 37d,1.35,9375.0,1600.0,3,3,3+,3.0,Under Construction,0,0,0,1,0,0,51
flat,emaar palm gardens,sector 83,1.4,9675.0,1582.0,3,3,3,11.0,Relatively New,0,1,0,0,0,1,58
flat,godrej air,sector 85,1.4,10000.0,1400.0,2,2,3,23.0,Relatively New,0,0,0,0,0,0,44
flat,tulip white,sector 69,0.9,6787.0,1473.0,3,2,3,6.0,Relatively New,0,0,0,1,0,0,121
flat,vatika iris floors,sector 82,0.63,5590.0,1026.0,2,2,3+,2.0,Relatively New,1,0,0,0,0,0,110
flat,chd avenue,sector 71,1.1,6104.0,1631.0,3,4,3,3.0,Moderately Old,0,1,0,0,0,0,26
flat,vatika city,sector 49,1.85,10577.0,1471.12,3,3,1,7.0,Moderately Old,0,0,1,1,0,0,158
flat,sare crescent parc,sector 92,0.87,4971.0,1584.0,4,4,2,2.0,Moderately Old,0,0,1,0,0,1,115
flat,suncity avenue 76,sector 76,0.75,10204.0,665.0,2,2,2,11.0,Under Construction,0,0,0,0,0,0,57
house,emaar mgf marbella,sector 66,12.0,38095.0,3150.0,5,6,3+,3.0,Relatively New,0,0,0,0,0,2,153
flat,m3m merlin,sector 67,3.5,14843.0,2134.0,3,4,3+,15.0,Relatively New,0,1,0,0,0,2,158
flat,m3m skywalk,sector 74,1.54,11000.0,1200.0,2,2,3+,22.0,Relatively New,0,0,0,0,1,0,137
flat,godrej nature plus,sector 33,1.35,8671.0,1409.0,3,2,3+,17.0,New Property,0,0,0,0,0,0,38
flat,ramsons kshitij,sector 95,0.32,4501.0,563.0,2,2,1,8.0,Relatively New,0,0,0,0,1,1,28
flat,dlf regal gardens,sector 90,1.17,6709.0,1630.0,3,3,3,15.0,Relatively New,0,0,0,0,0,2,136
flat,rof ananda,sector 95,0.26,6842.0,422.0,1,1,1,8.0,New Property,0,0,0,0,0,0,49
house,unitech uniworld resorts,sector 33,9.5,19333.0,546.0,6,6,3+,3.0,Moderately Old,0,0,0,0,0,2,40
flat,paras dews,sector 106,1.13,6406.0,1186.0,3,4,3+,18.0,Relatively New,1,1,0,0,0,0,49
flat,navjyoti apartment,sector 38,2.1,11939.0,1954.0,4,4,3+,10.0,Old Property,0,0,0,0,0,1,22
flat,raheja vedaanta,sector 108,0.7,4667.0,1468.0,2,2,1,10.0,Moderately Old,0,0,0,0,0,0,0
flat,indiabulls centrum park,sector 103,2.45,8522.0,2602.0,4,4,3,11.0,Relatively New,1,1,1,1,0,0,38
flat,hero homes,sector 104,1.35,9568.0,1094.0,3,2,2,18.0,New Property,0,0,0,0,0,0,49
house,vipul tatvam villa,sector 48,8.5,21250.0,4000.0,4,5,3+,2.0,Moderately Old,0,0,0,0,0,2,49
flat,ss the leaf,sector 85,1.65,6852.0,2179.0,3,4,3,9.0,New Property,0,0,0,1,0,0,21
flat,la vida by tata housing,sector 113,3.35,12444.0,2991.0,4,4,3+,11.0,Relatively New,1,1,0,0,0,0,174
house,unitech uniworld resorts,sector 33,9.5,23336.0,500.0,5,7,3+,2.0,Under Construction,0,0,0,0,0,0,57
flat,breez global heights 88a,sector 88a,0.5,8375.0,663.0,3,2,2,2.0,Under Construction,0,0,0,0,0,0,15
flat,raheja vedaanta,sector 108,0.7,4522.0,1548.0,2,2,3,1.0,Relatively New,0,0,0,0,0,0,0
flat,millenium bajrang society,sector 43,2.5,9434.0,2398.0,4,4,3+,2.0,Relatively New,0,0,0,0,0,2,94
flat,signature global solera,sector 107,0.28,5680.0,543.0,2,2,2,6.0,Relatively New,0,0,0,0,0,0,45
flat,smart world gems,sector 89,0.86,7797.0,1226.0,2,3,2,4.0,New Property,1,1,0,1,0,2,72
flat,smart world gems,sector 89,0.9,8160.0,998.0,2,2,2,2.0,New Property,1,0,0,0,1,0,44
flat,shree vardhman flora,sector 90,0.65,4815.0,1222.0,2,2,3,3.0,Relatively New,1,0,0,0,0,0,106
flat,signature global solera,sector 107,0.52,8062.0,717.0,3,2,2,5.0,Relatively New,0,0,0,0,1,0,15
flat,m3m merlin,sector 67,2.8,13679.0,1971.0,3,3,3,5.0,Moderately Old,0,1,0,0,0,1,26
house,independent,sector 46,3.55,24500.0,1449.0,5,4,3+,3.0,Moderately Old,0,0,0,0,0,2,73
house,independent,sector 25,10.0,37037.0,9500.0,5,5,3+,3.0,Moderately Old,0,0,0,0,0,1,29
flat,hcbs sports ville,sohna road,0.24,7407.0,360.0,1,1,2,1.0,New Property,0,0,0,0,0,0,68
flat,godrej icon,sector 88a,1.62,10019.0,1463.0,3,2,3+,10.0,Relatively New,1,0,0,0,0,1,49
flat,supertech araville,sector 79,0.8,5267.0,1688.0,2,2,2,12.0,New Property,1,0,0,0,0,0,49
flat,micasa sec 68,sohna road road,1.5,12245.0,1361.0,2,2,3,11.0,New Property,0,0,0,0,0,0,44
house,independent,sector 23,5.1,16569.0,125.0,3,2,0,1.0,Old Property,0,0,0,0,0,0,27
house,independent,sector 2,0.4,7619.0,583.0,2,2,1,1.0,Relatively New,0,0,0,0,0,0,0
flat,ireo victory valley,sector 67,3.65,13529.0,2490.0,3,4,3+,18.0,Relatively New,0,1,0,1,0,2,61
flat,ireo uptown,sector 66,4.85,12999.0,3500.0,4,4,3+,15.0,Relatively New,1,1,1,1,0,2,156
house,independent,sector 41,9.0,27778.0,3240.0,8,5,3+,3.0,Old Property,0,0,0,0,0,2,26
flat,smart world orchard,sector 61,1.65,13750.0,1333.0,2,2,2,1.0,Under Construction,1,0,0,0,0,0,16
flat,emaar mgf emerald floors premier,sector 65,2.25,13636.0,1600.0,3,3,3,3.0,Relatively New,1,1,0,0,0,2,49
