{"type":"FeatureCollection","features":[{"type":"Feature","id":0,"geometry":{"type":"Polygon","coordinates":[[[76.958019552000053,28.375922276000033],[76.958246530000054,28.373632608000037],[76.957963485000064,28.368804218000033],[76.95844568900003,28.365664786000018],[76.959670451000079,28.364157332000055],[76.959503999000063,28.361200846000031],[76.964553386000034,28.361128162000064],[76.965920646000015,28.362087354000035],[76.96611568000003,28.362080617000075],[76.965889799000081,28.362785453000065],[76.965654865000033,28.363483095000049],[76.965652723000062,28.363489752000078],[76.96510971400005,28.365101749000065],[76.964579555000057,28.366697058000057],[76.963969705000082,28.368621110000038],[76.96328851700008,28.370694693000079],[76.962717477000069,28.37232897300003],[76.962715530000068,28.372334778000031],[76.962713628000074,28.372340860000072],[76.962141520000046,28.374256771000042],[76.96213920700005,28.374265032000043],[76.962137211000069,28.374273035000037],[76.961732894000079,28.376018281000029],[76.961293893000075,28.377705499000061],[76.958145327000082,28.375986460000032],[76.958102867000036,28.375964196000037],[76.958019552000053,28.375922276000033]]]},"properties":{"FID":0,"OBJECTID":1,"Id":0,"Area":903382.95784699998,"Name":"80","Density":"250","Code":100,"val":"100/250","Text_":"100/250","ClassText":"100 Residential (Group Housing/Plotted)","Class":100,"CodeText":" ","Shape_Leng":0.042222205922099999,"Shape_Area":8.3146752223800006e-05}},{"type":"Feature","id":1,"geometry":{"type":"Polygon","coordinates":[[[76.944956638000065,28.36874274600007],[76.945057213000041,28.368743414000051],[76.945080085000029,28.368744043000056],[76.94508498600004,28.368744130000032],[76.947418284000037,28.368683033000021],[76.950902688000042,28.368687905000055],[76.95228884900007,28.368689881000005],[76.952316737000046,28.368687434000034],[76.952319579000061,28.36868671600007],[76.952348891000057,28.368808366000049],[76.954899582000053,28.372477325000034],[76.953448470000055,28.373622231000059],[76.94759872000003,28.370678415000032],[76.947555909000087,28.370657749000024],[76.94748510700002,28.370627242000062],[76.946314810000032,28.370159133000069],[76.945694560000064,28.369762827000045],[76.945408728000075,28.369498472000028],[76.945097002000054,28.369075849000076],[76.94507348500008,28.369015785000045],[76.945059181000033,28.368980971000042],[76.944956638000065,28.36874274600007]]]},"properties":{"FID":1,"OBJECTID":2,"Id":0,"Area":271954.52493499999,"Name":"M1D","Density":"250","Code":100,"val":"100/250","Text_":"100/250","ClassText":"100 Residential (Group Housing/Plotted)","Class":100,"CodeText":" ","Shape_Leng":0.023751775204599999,"Shape_Area":2.5031176159700001e-05}},{"type":"Feature","id":2,"geometry":{"type":"Polygon","coordinates":[[[76.952720107000061,28.361997868000064],[76.952702832000057,28.36199666400006],[76.950978251000024,28.36199814500003],[76.947639722000076,28.362001080000024],[76.947328260000063,28.362001323000076],[76.945132112000081,28.362002804000031],[76.945179618000068,28.358067125000041],[76.94526572400008,28.35274550500003],[76.955351531000076,28.353193669000056],[76.955361680000067,28.353193821000051],[76.955388206000052,28.353191383000016],[76.95541385000007,28.353184909000046],[76.955437833000076,28.353174593000066],[76.95545942900003,28.353160752000075],[76.955477978000033,28.353143802000034],[76.955479876000084,28.353141318000031],[76.957932700000072,28.354824707000038],[76.958407185000056,28.35567742100006],[76.958405733000077,28.355810954000049],[76.957164684000077,28.357049694000061],[76.954254172000049,28.359650941000034],[76.952758529000064,28.361697048000064],[76.952720107000061,28.361997868000064]]]},"properties":{"FID":2,"OBJECTID":3,"Id":0,"Area":1045351.77252,"Name":"M1A","Density":"250","Code":100,"val":"100/250","Text_":"100/250","ClassText":"100 Residential (Group Housing/Plotted)","Class":100,"CodeText":" ","Shape_Leng":0.039664361098599998,"Shape_Area":9.6205043545999995e-05}},{"type":"Feature","id":3,"geometry":{"type":"Polygon","coordinates":[[[76.94508602600007,28.352470399000026],[76.945060381000076,28.352476871000075],[76.94503639600002,28.352487185000019],[76.94501480100007,28.352501027000066],[76.944996250000031,28.352517976000069],[76.944981307000035,28.352537516000034],[76.944970428000033,28.352559056000072],[76.944963941000069,28.352581937000014],[76.944962043000032,28.352601351000033],[76.944873671000025,28.358062120000049],[76.944873644000026,28.358063742000066],[76.944826081000031,28.362003007000055],[76.942056635000029,28.362005175000039],[76.941931934000081,28.361715434000061],[76.941686722000043,28.361123130000049],[76.941282043000044,28.360122132000072],[76.940223768000081,28.357504326000029],[76.93924882500005,28.355052585000063],[76.939072404000058,28.354488969000045],[76.939005433000034,28.353930686000059],[76.939000483000029,28.353658318000054],[76.939046422000047,28.353422155000018],[76.939356909000082,28.352533313000034],[76.939663134000057,28.351797927000064],[76.939685247000057,28.351740448000033],[76.939920481000058,28.351075028000018],[76.939925587000062,28.351060255000039],[76.939950196000041,28.350976723000034],[76.940124722000064,28.35028477000002],[76.940126422000048,28.350277940000066],[76.940144836000059,28.350186060000059],[76.940152873000031,28.350122133000074],[76.940251866000025,28.349086372000034],[76.940254239000069,28.349057444000032],[76.940256582000089,28.348964155000036],[76.940250849000051,28.348870982000051],[76.940247028000044,28.348839161000054],[76.940049091000049,28.34737434100003],[76.939912722000045,28.346242256000039],[76.945037867000053,28.347774891000022],[76.947347833000038,28.348649205000076],[76.950372009000034,28.350205662000054],[76.952480525000055,28.350390366000045],[76.952821347000054,28.351316644000065],[76.955148096000073,28.352913607000055],[76.94512270000007,28.352468116000065],[76.945112551000079,28.352467963000027],[76.94508602600007,28.352470399000026]]]},"properties":{"FID":3,"OBJECTID":4,"Id":0,"Area":1076286.5046099999,"Name":"M1B","Density":"250","Code":100,"val":"100/250","Text_":"100/250","ClassText":"100 Residential (Group Housing/Plotted)","Class":100,"CodeText":" ","Shape_Leng":0.056143451778699997,"Shape_Area":9.9047927283900004e-05}},{"type":"Feature","id":4,"geometry":{"type":"MultiPolygon","coordinates":[[[[76.944826611000039,28.362273691000031],[76.94492613400007,28.368472391000068],[76.944839985000044,28.368471750000023],[76.942173095000058,28.362275764000053],[76.944826611000039,28.362273691000031]]],[[[76.950750192000044,28.368417061000052],[76.94741635400004,28.368412348000057],[76.947414281000079,28.368412370000041],[76.947412607000047,28.368412388000021],[76.945232149000049,28.368469539000046],[76.945132652000055,28.36227348500007],[76.947329704000083,28.362272002000054],[76.947331396000038,28.362272001000047],[76.947641107000038,28.362271747000086],[76.947648136000069,28.362271494000026],[76.950824902000079,28.362268911000047],[76.950750192000044,28.368417061000052]]]]},"properties":{"FID":4,"OBJECTID":5,"Id":0,"Area":467040.36209399998,"Name":"M1","Density":"250","Code":100,"val":"100/250","Text_":"100/250","ClassText":"100 Residential (Group Housing/Plotted)","Class":100,"CodeText":" ","Shape_Leng":0.039241232823600002,"Shape_Area":4.2985211616700003e-05}},{"type":"Feature","id":5,"geometry":{"type":"Polygon","coordinates":[[[76.966878983000072,28.391800422000074],[76.964897637000036,28.393883501000058],[76.964887299000054,28.393894988000056],[76.964876762000074,28.393908171000064],[76.960984225000061,28.399100048000033],[76.951378122000051,28.395474757000049],[76.951367788000098,28.395471768000046],[76.951388172000065,28.395429989000036],[76.952542204000039,28.393064662000022],[76.953240415000039,28.392030168000055],[76.954905857000099,28.389545617000074],[76.956753755000079,28.386785596000045],[76.966878983000072,28.391800422000074]]]},"properties":{"FID":5,"OBJECTID":6,"Id":0,"Area":1124632.1969999999,"Name":"82","Density":"250","Code":100,"val":"100/250","Text_":"100/250","ClassText":"100 Residential (Group Housing/Plotted)","Class":100,"CodeText":" ","Shape_Leng":0.041212480708699997,"Shape_Area":0.00010353454806}},{"type":"Feature","id":6,"geometry":{"type":"Polygon","coordinates":[[[76.95113866500003,28.395972989000033],[76.960979060000042,28.39968670200005],[76.962104751000084,28.400110822000038],[76.962138636000077,28.400125046000031],[76.962537860000069,28.400328745000024],[76.96234776600005,28.400545787000055],[76.961231551000083,28.401820209000032],[76.961203301000069,28.401859519000023],[76.961183748000053,28.401900746000024],[76.961172135000083,28.401944257000018],[76.961168784000051,28.401988862000049],[76.961173777000042,28.402033349000089],[76.96118698600003,28.40207650100006],[76.961195494000052,28.402095117000041],[76.961366806000058,28.402433247000022],[76.961110013000052,28.406484706000068],[76.96029017000005,28.407167088000051],[76.957195184000057,28.408091355000074],[76.957165626000062,28.408101722000019],[76.957121555000072,28.408123635000042],[76.957082167000067,28.408151663000062],[76.957048531000041,28.408185042000063],[76.957030225000054,28.408209136000028],[76.954662518000092,28.411718534000041],[76.953297749000058,28.411001573000057],[76.948476186000065,28.408450030000026],[76.945885806000035,28.40705677000005],[76.947627486000044,28.403329485000032],[76.950550265000061,28.397147316000034],[76.951004689000058,28.396215962000031],[76.951063849000036,28.396094717000025],[76.951126085000055,28.395967156000033],[76.95113866500003,28.395972989000033]]]},"properties":{"FID":6,"OBJECTID":7,"Id":0,"Area":1656482.8815599999,"Name":"85","Density":"250","Code":100,"val":"100/250","Text_":"100/250","ClassText":"100 Residential (Group Housing/Plotted)","Class":100,"CodeText":" ","Shape_Leng":0.049875266440800002,"Shape_Area":0.000152513378159}},{"type":"Feature","id":7,"geometry":{"type":"MultiPolygon","coordinates":[[[[76.959164184000016,28.415377055000075],[76.963139885000018,28.417747653000049],[76.961833062000039,28.420947459000061],[76.957346841000074,28.41848673700002],[76.95734096300005,28.41848371300005],[76.953313225000045,28.41657410700002],[76.954724294000073,28.412985395000081],[76.959164184000016,28.415377055000075]]],[[[76.960373245000085,28.428875859000065],[76.959770345000038,28.428589634000044],[76.959468816000069,28.428427301000049],[76.958807553000042,28.427898040000063],[76.958417039000039,28.427575034000018],[76.958383740000045,28.427549215000052],[76.958323627000084,28.427510167000037],[76.95825908900008,28.427477094000032],[76.958231671000078,28.427465413000053],[76.958086580000042,28.42740704900007],[76.958045795000032,28.427392019000028],[76.957976146000078,28.427372310000056],[76.957719595000071,28.427312785000023],[76.957645781000039,28.427299493000078],[76.957615543000031,28.42729615800004],[76.957396952000067,28.427276381000063],[76.957352908000075,28.427273654000022],[76.957340191000071,28.427273332000031],[76.956916565000029,28.427266053000015],[76.956854694000086,28.427267447000073],[76.956779403000027,28.427275849000068],[76.955828120000035,28.427431055000067],[76.955817813000067,28.427432807000063],[76.955008035000034,28.42757623500006],[76.95499547200005,28.42757856900004],[76.954103313000076,28.42775192800007],[76.953737103000037,28.427769040000037],[76.953538003000048,28.427768115000045],[76.953285709000056,28.427746118000073],[76.95120569900007,28.427447462000025],[76.949996717000033,28.427273697000039],[76.95096731600006,28.422539830000058],[76.953231792000068,28.416781211000053],[76.957221015000073,28.418672554000061],[76.961748032000045,28.421155654000067],[76.961711626000067,28.421244790000046],[76.961706723000091,28.42125705800003],[76.961680067000032,28.421336276000027],[76.961660914000063,28.42141956100004],[76.960781014000077,28.42645414900004],[76.960780124000067,28.426459333000022],[76.960373245000085,28.428875859000065]]]]},"properties":{"FID":7,"OBJECTID":8,"Id":0,"Area":1371984.7663700001,"Name":"88","Density":" ","Code":200,"val":"300","Text_":"200","ClassText":"200 Commercial","Class":200,"CodeText":" ","Shape_Leng":0.065927400079299994,"Shape_Area":0.00012633960052700001}},{"type":"Feature","id":8,"geometry":{"type":"MultiPolygon","coordinates":[[[[76.95354375900007,28.412349425000055],[76.954189348000057,28.41269721500003],[76.952766817000054,28.416315036000057],[76.946712311000056,28.413444108000064],[76.943560133000062,28.411394361000085],[76.945593110000061,28.408110308000065],[76.95354375900007,28.412349425000055]]],[[[76.94657421200003,28.413623112000042],[76.946588071000065,28.413630912000038],[76.952685381000023,28.416522136000022],[76.950381084000071,28.422381943000051],[76.950379122000072,28.422387099000044],[76.950369015000035,28.422422554000029],[76.949392163000084,28.427186802000048],[76.947630418000074,28.426933558000034],[76.946136770000066,28.426700548000046],[76.944897161000029,28.426453644000041],[76.94473497500006,28.426421337000082],[76.942542134000064,28.425966289000023],[76.942522563000082,28.425962493000046],[76.940863096000044,28.425662827000053],[76.94073015500004,28.425636286000039],[76.940436187000046,28.425535332000027],[76.939350462000036,28.425021928000024],[76.939338362000072,28.425016343000024],[76.939304696000093,28.425002175000028],[76.939122441000052,28.424930753000066],[76.939087909000079,28.424918200000029],[76.939068477000049,28.42491196700006],[76.936770807000073,28.424209309000037],[76.936750698000083,28.424203465000076],[76.935887283000042,28.423965401000025],[76.940465089000057,28.416393641000059],[76.943441485000051,28.411586016000062],[76.94657421200003,28.413623112000042]]]]},"properties":{"FID":8,"OBJECTID":9,"Id":0,"Area":2098149.2712400001,"Name":"89","Density":"250","Code":100,"val":"100/250","Text_":"100/250","ClassText":"100 Residential (Group Housing/Plotted)","Class":100,"CodeText":" ","Shape_Leng":0.078095667022300003,"Shape_Area":0.00019320566387300001}},{"type":"Feature","id":9,"geometry":{"type":"Polygon","coordinates":[[[76.926568349000036,28.422256029000032],[76.92639865700005,28.417741028000023],[76.937121539000032,28.420488505000034],[76.935119040000075,28.423800475000068],[76.935029735000057,28.423782544000055],[76.935022267000065,28.423781084000041],[76.933447664000084,28.423481135000028],[76.933403061000035,28.423473987000076],[76.933389933000058,28.42347238800004],[76.93200766700005,28.423316110000027],[76.929931113000066,28.423048191000074],[76.928995203000056,28.422881977000017],[76.927872415000081,28.422590325000044],[76.926568349000036,28.422256029000032]]]},"properties":{"FID":9,"OBJECTID":10,"Id":0,"Area":438471.50265099999,"Name":"94","Density":" ","Code":700,"val":"700","Text_":"700","ClassText":"700 Open Spaces","Class":700,"CodeText":" ","Shape_Leng":0.0281594393576,"Shape_Area":4.0378263006200001e-05}},{"type":"Feature","id":10,"geometry":{"type":"Polygon","coordinates":[[[76.941072037000083,28.414003938000068],[76.939791817000071,28.416071738000031],[76.93741661100006,28.420000462000083],[76.926381072000069,28.417172869000069],[76.926311302000045,28.413404950000029],[76.927440366000042,28.410090705000059],[76.927925119000065,28.408667704000038],[76.941072037000083,28.414003938000068]]]},"properties":{"FID":10,"OBJECTID":11,"Id":0,"Area":1101516.4032000001,"Name":"93","Density":"250","Code":100,"val":"100/250","Text_":"100/250","ClassText":"100 Residential (Group Housing/Plotted)","Class":100,"CodeText":" ","Shape_Leng":0.041376742808899997,"Shape_Area":0.000101430017345}},{"type":"Feature","id":11,"geometry":{"type":"MultiPolygon","coordinates":[[[[76.936007490000065,28.403171735000051],[76.944931573000076,28.407769518000066],[76.942938045000076,28.410989821000033],[76.941603567000072,28.410121997000026],[76.935075428000061,28.405842576000055],[76.934497685000039,28.404317006000049],[76.934495838000032,28.40431246800005],[76.933429042000057,28.401881705000044],[76.936007490000065,28.403171735000051]]],[[[76.933092442000031,28.401713293000043],[76.934266372000067,28.404388188000041],[76.93485542500008,28.405943637000057],[76.934857160000035,28.405947921000056],[76.934866490000047,28.405964895000057],[76.934879014000032,28.405980178000043],[76.934894347000082,28.40599330700006],[76.934898608000083,28.405996232000074],[76.941457984000067,28.410296136000049],[76.94281939800004,28.411181475000028],[76.941366769000069,28.413527878000025],[76.928123794000044,28.408152655000031],[76.929352031000064,28.405377326000064],[76.931342364000045,28.400837653000053],[76.933092442000031,28.401713293000043]]]]},"properties":{"FID":11,"OBJECTID":12,"Id":0,"Area":1147427.7635999999,"Name":"90","Density":"250","Code":100,"val":"100/250","Text_":"100/250","ClassText":"100 Residential (Group Housing/Plotted)","Class":100,"CodeText":" ","Shape_Leng":0.0715190569947,"Shape_Area":0.000105647927472}},{"type":"Feature","id":12,"geometry":{"type":"Polygon","coordinates":[[[76.946545158000035,28.382045036000072],[76.948674041000061,28.382498587000036],[76.954782276000046,28.384454640000062],[76.95685013700006,28.385312777000021],[76.956643909000036,28.385621428000032],[76.95424749900009,28.389200702000039],[76.952582729000071,28.39168422900007],[76.951872258000037,28.392736876000068],[76.951864153000031,28.392749491000071],[76.951849490000029,28.392776248000075],[76.950809661000051,28.394907479000036],[76.938322909000078,28.389893756000049],[76.93726046200004,28.389134923000046],[76.938827565000054,28.38631525300007],[76.942473017000054,28.383033355000066],[76.945434113000033,28.381808325000058],[76.946545158000035,28.382045036000072]]]},"properties":{"FID":12,"OBJECTID":13,"Id":0,"Area":1628964.69664,"Name":"81","Density":"250","Code":100,"val":"100/250","Text_":"100/250","ClassText":"100 Residential (Group Housing/Plotted)","Class":100,"CodeText":" ","Shape_Leng":0.049417477953399999,"Shape_Area":0.00014995632868500001}},{"type":"Feature","id":13,"geometry":{"type":"MultiPolygon","coordinates":[[[[76.932414250000093,28.400167909000047],[76.931789588000072,28.399850473000075],[76.932045647000038,28.399327963000076],[76.932414250000093,28.400167909000047]]],[[[76.937968557000033,28.390336553000047],[76.937997607000057,28.390354933000033],[76.938034316000085,28.390372434000028],[76.950567093000075,28.395404640000038],[76.950445810000076,28.395653220000035],[76.949845890000063,28.396882774000055],[76.946920761000058,28.403069796000064],[76.945222510000065,28.406704731000048],[76.93986998400004,28.40389167100005],[76.939863271000036,28.403888239000025],[76.932752163000032,28.40033933200003],[76.932184230000075,28.399045170000079],[76.935401608000049,28.392479325000064],[76.936845167000044,28.38988213500005],[76.93698359900003,28.389633064000066],[76.937968557000033,28.390336553000047]]]]},"properties":{"FID":13,"OBJECTID":14,"Id":0,"Area":1914944.5778900001,"Name":"86","Density":"250","Code":100,"val":"100/250","Text_":"100/250","ClassText":"100 Residential (Group Housing/Plotted)","Class":100,"CodeText":" ","Shape_Leng":0.055474185513700001,"Shape_Area":0.00017630313080400001}},{"type":"Feature","id":14,"geometry":{"type":"Polygon","coordinates":[[[76.884518354000065,28.34714529300004],[76.895072792000065,28.347271796000019],[76.895222317000048,28.357906756000045],[76.892261903000076,28.356390907000055],[76.891485943000063,28.354033145000074],[76.890436907000037,28.353321854000058],[76.88975356900005,28.353751552000062],[76.886939828000038,28.353370302000013],[76.884235389000082,28.351841415000028],[76.883078481000027,28.35164867300006],[76.88383308300007,28.349588410000027],[76.883844429000078,28.349553470000036],[76.884493060000068,28.34726978400003],[76.884497145000083,28.347254460000034],[76.884503388000041,28.347225752000028],[76.884518354000065,28.34714529300004]]]},"properties":{"FID":14,"OBJECTID":15,"Id":0,"Area":872334.22439600003,"Name":"P4","Density":" ","Code":600,"val":" ","Text_":"610,620,630,640","ClassText":"600 Public and Semi Public Use","Class":600,"CodeText":" ","Shape_Leng":0.040924890482200001,"Shape_Area":8.0282186148900007e-05}},{"type":"Feature","id":15,"geometry":{"type":"Polygon","coordinates":[[[76.897608425000044,28.358341298000031],[76.895833157000084,28.35810488700001],[76.895836546000069,28.358061222000053],[76.895684896000034,28.347279442000065],[76.904815799000062,28.34739788600006],[76.904835365000039,28.347398139000056],[76.904845472000034,28.347398120000033],[76.906907485000033,28.347364527000025],[76.907513419000054,28.347356726000047],[76.907538042000056,28.347356410000032],[76.907563946000039,28.347356069000057],[76.908905900000036,28.347340262000046],[76.908920660000035,28.348029121000028],[76.904695992000029,28.348745434000023],[76.904015006000066,28.349503705000071],[76.902905478000037,28.350245034000071],[76.901275822000059,28.350879002000053],[76.901638899000034,28.351867191000039],[76.90127484500006,28.353247543000066],[76.900266573000067,28.354827884000031],[76.89879661100008,28.354733758000062],[76.897608425000044,28.358341298000031]]]},"properties":{"FID":15,"OBJECTID":16,"Id":0,"Area":681785.00315600005,"Name":"P3","Density":" ","Code":600,"val":" ","Text_":"610,620,630,640","ClassText":"600 Public and Semi Public Use","Class":600,"CodeText":" ","Shape_Leng":0.044542029059499999,"Shape_Area":6.2744932237900002e-05}},{"type":"Feature","id":16,"geometry":{"type":"Polygon","coordinates":[[[76.906877507000047,28.346823548000028],[76.904839236000058,28.34685675300004],[76.895669507000022,28.346737804000043],[76.895091698000044,28.333591150000068],[76.90690543200003,28.334049891000063],[76.906936706000067,28.335314739000072],[76.906940350000085,28.335462102000058],[76.906941867000043,28.33552342500008],[76.907013383000049,28.338415456000067],[76.907164719000036,28.344535103000048],[76.907221205000042,28.346819291000024],[76.906898048000073,28.346823213000054],[76.906877507000047,28.346823548000028]]]},"properties":{"FID":16,"OBJECTID":17,"Id":0,"Area":1647196.8367900001,"Name":"P6","Density":" ","Code":600,"val":"610/620/630/640","Text_":"610,620,630,640","ClassText":"600 Public and Semi Public Use","Class":600,"CodeText":" ","Shape_Leng":0.049308053098299998,"Shape_Area":0.00015157627573499999}},{"type":"Feature","id":17,"geometry":{"type":"Polygon","coordinates":[[[76.897335439000088,28.412834308000065],[76.90197919600007,28.408152743000077],[76.917009676000077,28.41491119300002],[76.919166116000042,28.415880622000032],[76.919186386000035,28.415888926000036],[76.919219548000058,28.415899297000074],[76.919957795000073,28.416088718000019],[76.925780037000038,28.417582436000021],[76.925950271000033,28.422112570000021],[76.925599293000062,28.422035497000021],[76.925557494000032,28.422027526000068],[76.924920953000083,28.42192431400002],[76.924897236000049,28.421920845000045],[76.924874713000065,28.421918241000071],[76.924230765000047,28.421853332000062],[76.924195461000068,28.421850585000072],[76.92102439100006,28.421676279000035],[76.920379804000035,28.421627308000037],[76.918464349000033,28.421432341000081],[76.91817275700005,28.421361594000075],[76.916350800000032,28.420657252000058],[76.914311465000083,28.419844589000032],[76.91427314200007,28.419830528000031],[76.914260113000083,28.419826282000024],[76.912964526000053,28.419417118000066],[76.912906498000041,28.419401304000072],[76.912831499000035,28.419387910000072],[76.911922822000065,28.419273860000029],[76.911852355000065,28.419268261000063],[76.91183194400007,28.419267836000074],[76.907701025000051,28.419236214000016],[76.907285728000033,28.41917611600007],[76.907192032000069,28.419143133000031],[76.906188569000037,28.41861028400006],[76.906146862000085,28.418589838000059],[76.906078673000067,28.418563098000046],[76.906065496000039,28.41855880400005],[76.906045004000077,28.418552335000076],[76.905055123000054,28.417953806000071],[76.905043747000036,28.417947075000022],[76.905026095000053,28.417937187000049],[76.904381995000051,28.417588327000033],[76.903212281000023,28.416762176000073],[76.900909974000058,28.415159833000075],[76.900895111000068,28.415149774000046],[76.898170110000081,28.413356977000014],[76.898156903000029,28.413348501000026],[76.897335439000088,28.412834308000065]]]},"properties":{"FID":17,"OBJECTID":18,"Id":0,"Area":1904250.4887300001,"Name":"95","Density":"250","Code":100,"val":"100/250","Text_":"100/250","ClassText":"100 Residential (Group Housing/Plotted)","Class":100,"CodeText":" ","Shape_Leng":0.067695773261799999,"Shape_Area":0.00017535452303900001}},{"type":"Feature","id":18,"geometry":{"type":"Polygon","coordinates":[[[76.910578679000082,28.402205559000034],[76.919284219000076,28.405468965000068],[76.927341099000046,28.408504949000065],[76.926854081000045,28.409934575000097],[76.925711251000052,28.413289172000074],[76.925701650000065,28.413326963000024],[76.925698282000042,28.413371619000021],[76.925765745000035,28.417015075000052],[76.920128462000037,28.41556880100006],[76.919417931000055,28.41538649000006],[76.917287220000063,28.414428627000049],[76.902395799000033,28.40773271800002],[76.908618188000048,28.401458737000041],[76.910578679000082,28.402205559000034]]]},"properties":{"FID":18,"OBJECTID":19,"Id":0,"Area":2113793.3210800001,"Name":"92","Density":"250","Code":100,"val":"100/250","Text_":"100/250","ClassText":"100 Residential (Group Housing/Plotted)","Class":100,"CodeText":" ","Shape_Leng":0.062840446153600002,"Shape_Area":0.000194631774087}},{"type":"Feature","id":19,"geometry":{"type":"MultiPolygon","coordinates":[[[[76.988103323000075,28.430575785000023],[76.99101726400005,28.433941957000048],[76.983935100000053,28.437657724000079],[76.983917580000096,28.437668926000061],[76.983902734000083,28.437682489000046],[76.983890776000052,28.437698127000026],[76.983882194000046,28.437715055000069],[76.983699559000058,28.438177966000069],[76.974444688000077,28.430357275000055],[76.97388056300008,28.425617594000069],[76.974926487000062,28.421617773000044],[76.976772423000057,28.419477805000035],[76.977715348000061,28.418802516000021],[76.988103323000075,28.430575785000023]]],[[[76.983610921000036,28.438402629000059],[76.983147231000046,28.439577873000065],[76.981632123000054,28.441107996000024],[76.981491906000031,28.441005941000068],[76.98085919600004,28.440109433000025],[76.980509536000056,28.439613042000072],[76.980466430000035,28.439558758000029],[76.98045662800007,28.439547994000066],[76.980301177000058,28.439381219000037],[76.980264752000053,28.439345159000016],[76.980167625000036,28.439256370000056],[76.980111124000075,28.439210452000054],[76.980050998000081,28.439171414000032],[76.980021611000041,28.439155337000038],[76.979838332000043,28.439060593000079],[76.979803167000057,28.439043607000023],[76.97979226700005,28.43903880800007],[76.978524462000053,28.438492836000023],[76.97846714700006,28.438470935000044],[76.978443718000051,28.438463501000061],[76.978261187000044,28.438408854000041],[76.978211802000033,28.438395870000075],[76.977766488000043,28.438295701000065],[76.976199214000076,28.437947149000028],[76.975699470000066,28.437827970000054],[76.975592672000062,28.437797716000034],[76.975312187000043,28.437644830000064],[76.974484335000056,28.430690365000029],[76.983610921000036,28.438402629000059]]],[[[76.99148247100004,28.434479336000031],[76.981890729000042,28.441577943000024],[76.981847350000066,28.441561326000048],[76.98162755900006,28.441441391000076],[76.983347238000079,28.439704672000058],[76.983350181000048,28.439701582000044],[76.983362139000064,28.439685947000029],[76.983370722000075,28.439669019000075],[76.983868248000064,28.438408002000074],[76.984098795000079,28.437823654000059],[76.991167170000026,28.434115120000062],[76.99148247100004,28.434479336000031]]]]},"properties":{"FID":19,"OBJECTID":20,"Id":0,"Area":2315321.4496900002,"Name":"37 B","Density":" ","Code":300,"val":"320/330/340","Text_":"320,330,340","ClassText":"300 Industrial","Class":300,"CodeText":" ","Shape_Leng":0.108793674714,"Shape_Area":0.00021322200559099999}},{"type":"Feature","id":20,"geometry":{"type":"Polygon","coordinates":[[[76.982905849000062,28.441532782000017],[76.992090013000052,28.434735724000049],[76.993293624000046,28.436126014000024],[76.999392427000032,28.443747223000056],[76.99931136400005,28.443832428000068],[76.999300990000052,28.443843956000023],[76.999274035000042,28.443881781000076],[76.999266595000066,28.443895338000058],[76.998819971000046,28.44477048300007],[76.997618470000077,28.446985649000041],[76.99724438100003,28.447662765000068],[76.997030869000085,28.447574907000035],[76.996227137000062,28.447235101000047],[76.996219281000023,28.447231834000039],[76.994976271000027,28.44672320300004],[76.993446593000044,28.446055402000074],[76.993430591000049,28.446048641000068],[76.992077545000029,28.44549575000007],[76.991395633000081,28.445147569000031],[76.990269762000082,28.444522671000072],[76.990251798000031,28.444513034000071],[76.989649519000068,28.444200961000032],[76.989623917000074,28.444188334000028],[76.988359616000096,28.443595599000048],[76.986353293000036,28.442669883000061],[76.986347081000076,28.442667054000026],[76.986321413000027,28.442656085000074],[76.98511946900004,28.442169380000053],[76.985106076000079,28.442164108000039],[76.984830436000024,28.442058707000051],[76.984551556000042,28.441953351000045],[76.984525198000014,28.441943957000021],[76.984491006000027,28.441933390000017],[76.983884896000063,28.441761733000074],[76.983859663000032,28.441755053000069],[76.983475405000036,28.441660379000048],[76.983462445000043,28.441657308000053],[76.983044478000068,28.441562807000018],[76.983037532000068,28.441561269000029],[76.982905849000062,28.441532782000017]]]},"properties":{"FID":20,"OBJECTID":21,"Id":0,"Area":1078399.73126,"Name":"37 A","Density":" ","Code":300,"val":"320/330/340","Text_":"320,330,340","ClassText":"300 Industrial","Class":300,"CodeText":" ","Shape_Leng":0.043124967368199998,"Shape_Area":9.9321365939700003e-05}},{"type":"Feature","id":21,"geometry":{"type":"MultiPolygon","coordinates":[[[[76.974627376000058,28.421559872000039],[76.973576463000029,28.42557872400004],[76.973574439000075,28.425587895000039],[76.973572552000064,28.425611426000046],[76.97357337000004,28.425623367000064],[76.974102359000085,28.43006796200007],[76.96605372700003,28.423265017000062],[76.966046267000081,28.423259205000079],[76.966033650000043,28.423251266000072],[76.964301464000073,28.422301280000056],[76.963813453000057,28.42203363200003],[76.963765801000079,28.422007497000035],[76.963857429000029,28.421699884000073],[76.968354487000056,28.421599166000071],[76.974627376000058,28.421559872000039]]],[[[76.965893675000061,28.423429326000072],[76.974142004000043,28.430401048000075],[76.974982906000037,28.437465347000057],[76.97324578000007,28.436518447000022],[76.969784476000029,28.434657160000008],[76.967369933000043,28.433351120000044],[76.965437757000089,28.43227014000006],[76.965223237000018,28.432135631000047],[76.962882849000039,28.430311600000032],[76.962864609000064,28.430297875000061],[76.962857379000056,28.430292694000055],[76.962360794000062,28.429941816000049],[76.962899714000073,28.426740733000031],[76.963689617000057,28.422220542000041],[76.965893675000061,28.423429326000072]]]]},"properties":{"FID":21,"OBJECTID":22,"Id":0,"Area":1465954.50033,"Name":"36 B","Density":" ","Code":300,"val":"320/330/340","Text_":"320,330,340","ClassText":"300 Industrial","Class":300,"CodeText":" ","Shape_Leng":0.075907046095600006,"Shape_Area":0.000134999564572}},{"type":"Feature","id":22,"geometry":{"type":"Polygon","coordinates":[[[76.965675746000045,28.417336400000067],[76.969126280000069,28.411330672000066],[76.970910871000058,28.408957329000021],[76.972092138000036,28.407665918000067],[76.976419262000036,28.403460566000028],[76.979679118000035,28.401155610000046],[76.979711703000078,28.401131619000083],[76.982992202000048,28.398617410000053],[76.981708002000076,28.401692334000071],[76.982511897000052,28.403101700000036],[76.98270750000006,28.405253376000068],[76.96832085000004,28.418089424000062],[76.967884216000073,28.418009373000061],[76.967042892000052,28.417802771000016],[76.965675746000045,28.417336400000067]]]},"properties":{"FID":22,"OBJECTID":23,"Id":0,"Area":1126675.1338599999,"Name":"36A","Density":" ","Code":400,"val":" ","Text_":"410,420","ClassText":"400 Transport and Communication","Class":400,"CodeText":" ","Shape_Leng":0.054996706590500002,"Shape_Area":0.000103731148234}},{"type":"Feature","id":23,"geometry":{"type":"Polygon","coordinates":[[[77.007806367000057,28.456542294000045],[77.005575344000079,28.45657522000004],[77.002909198000054,28.456638412000096],[76.998958478000091,28.456751494000063],[76.996147545000042,28.45685241800004],[76.993153980000059,28.456913011000044],[76.993147657000065,28.456913177000036],[76.990783184000065,28.456989789000033],[76.990877018000049,28.456752147000024],[76.990879132000032,28.456746602000067],[76.990886926000016,28.456721291000065],[76.990984956000034,28.456328677000041],[76.991065082000034,28.456093553000073],[76.991118253000081,28.456025406000023],[76.991245195000033,28.455934573000032],[76.991824419000068,28.455661081000066],[76.993512548000069,28.45494153400006],[76.993529153000068,28.454933894000082],[76.993772727000092,28.454813335000022],[76.993794816000047,28.454801288000052],[76.993823017000054,28.454782212000051],[76.993971051000074,28.454667857000057],[76.993998404000081,28.454647880000042],[76.99400999900007,28.454639358000062],[76.994043635000097,28.454605970000035],[76.994071716000064,28.454565908000063],[76.994864895000035,28.453163437000057],[76.99610943600004,28.450987665000063],[76.996112280000034,28.450982563000021],[76.997213684000016,28.44895207900003],[76.99729574800007,28.448803541000085],[76.99749100300005,28.448883885000036],[76.997655785000063,28.448951688000069],[76.999237304000076,28.449621017000027],[77.000571516000036,28.450187050000061],[77.001804807000042,28.450702732000018],[77.002684918000057,28.45107029200005],[77.00269477900008,28.451074285000061],[77.002711132000059,28.451080370000053],[77.002944354000078,28.451162504000006],[77.002956247000043,28.451166523000047],[77.003199782000081,28.451245450000052],[77.003229164000061,28.451253993000027],[77.003278266000052,28.451264119000029],[77.003538361000025,28.451304600000064],[77.003549629000076,28.451306227000028],[77.00426731500005,28.451401105000063],[77.004856608000082,28.451529293000078],[77.005148322000082,28.451611407000019],[77.005730785000083,28.451810916000046],[77.006145488000072,28.451976489000053],[77.006982040000082,28.452351098000072],[77.006988109000076,28.452353764000062],[77.008135091000042,28.452848719000034],[77.00815026600003,28.452854967000054],[77.008156400000075,28.45285732700005],[77.00866469000006,28.453048955000042],[77.008183262000045,28.453427096000031],[77.008367657000079,28.454035578000063],[77.008608267000056,28.455330831000026],[77.007806367000057,28.456542294000045]]]},"properties":{"FID":23,"OBJECTID":24,"Id":0,"Area":920781.11179400003,"Name":"10","Density":"375","Code":100,"val":"100/375","Text_":"100/375","ClassText":"100 Residential (Group Housing/Plotted)","Class":100,"CodeText":" ","Shape_Leng":0.044167698909900001,"Shape_Area":8.4812102105799998e-05}},{"type":"Feature","id":24,"geometry":{"type":"Polygon","coordinates":[[[76.996639920000064,28.448757607000051],[76.995561376000069,28.450745921000081],[76.994317464000062,28.452920578000032],[76.993626912000082,28.454141869000054],[76.976313824000044,28.451460183000055],[76.981633019000085,28.442506194000028],[76.981636632000075,28.442507491000065],[76.981707718000052,28.442527515000048],[76.981717277000016,28.442529647000061],[76.982706446000051,28.442743637000035],[76.983112528000049,28.442835447000039],[76.983476938000081,28.442925234000022],[76.984039718000076,28.443084619000039],[76.98428595700004,28.443177640000044],[76.984552210000075,28.443279458000053],[76.985731295000036,28.443756906000036],[76.987717891000045,28.444673513000051],[76.988965190000044,28.445258287000062],[76.989545761000045,28.445559110000026],[76.990673505000075,28.446185048000057],[76.990695264000067,28.44619663700006],[76.991415296000071,28.446564283000043],[76.991447345000026,28.446579661000044],[76.991470810000052,28.44658973100006],[76.992844200000036,28.44715093700005],[76.994373709000058,28.447818663000067],[76.99438936100006,28.447825281000057],[76.995636418000061,28.448335570000033],[76.996439309000039,28.448675021000046],[76.996445820000076,28.448677736000043],[76.996639920000064,28.448757607000051]]]},"properties":{"FID":24,"OBJECTID":25,"Id":0,"Area":1492923.8424199999,"Name":"37 C","Density":"250","Code":100,"val":"100/250","Text_":"100/250","ClassText":"100 Residential (Group Housing/Plotted)","Class":100,"CodeText":" ","Shape_Leng":0.050409988620700001,"Shape_Area":0.00013750443721999999}},{"type":"Feature","id":25,"geometry":{"type":"Polygon","coordinates":[[[76.902732893000049,28.423595225000039],[76.906043843000077,28.419740648000083],[76.913194260000068,28.425212880000068],[76.913227033000055,28.425235333000042],[76.913275186000078,28.425260391000048],[76.913295123000069,28.425268481000046],[76.92099914200007,28.428161043000049],[76.934533078000072,28.434814402000015],[76.934549574000073,28.434822051000037],[76.934595789000085,28.434839008000036],[76.934703353000032,28.434871359000056],[76.934511119000035,28.439176867000068],[76.933594415000073,28.438839160000043],[76.931355911000097,28.437867279000049],[76.913148435000053,28.428810531000057],[76.902732893000049,28.423595225000039]]]},"properties":{"FID":25,"OBJECTID":26,"Id":0,"Area":1474185.0396400001,"Name":"95 B","Density":"250","Code":100,"val":"100/250","Text_":"100/250","ClassText":"100 Residential (Group Housing/Plotted)","Class":100,"CodeText":" ","Shape_Leng":0.077401806144600002,"Shape_Area":0.00013576153035400001}},{"type":"Feature","id":26,"geometry":{"type":"Polygon","coordinates":[[[76.938316152000084,28.435957987000062],[76.943307008000048,28.437458897000042],[76.943312567000078,28.437460527000042],[76.943333495000047,28.43746593000003],[76.947246289000077,28.438369829000063],[76.946747093000056,28.443872102000061],[76.94558954200005,28.443277536000032],[76.945572949000052,28.443269413000049],[76.945545466000056,28.443257623000068],[76.94338730700008,28.442408888000045],[76.943375483000082,28.442404411000041],[76.938061700000048,28.440470145000077],[76.938316152000084,28.435957987000062]]]},"properties":{"FID":26,"OBJECTID":27,"Id":0,"Area":474674.245299,"Name":"89 B","Density":" ","Code":600,"val":"610/620/630/640","Text_":"610,620,630,640","ClassText":"600 Public and Semi Public Use","Class":600,"CodeText":" ","Shape_Leng":0.028635380726800001,"Shape_Area":4.3718326399000002e-05}},{"type":"Feature","id":27,"geometry":{"type":"Polygon","coordinates":[[[76.938867801000086,28.426175074000071],[76.939822978000052,28.426626746000071],[76.939835079000034,28.426632333000043],[76.939898457000083,28.426657417000055],[76.940281369000047,28.426788905000024],[76.940354846000034,28.426809769000048],[76.940376657000058,28.426814455000063],[76.940566408000052,28.42685233800006],[76.940580290000071,28.426854977000055],[76.942237043000034,28.427154152000075],[76.944423256000036,28.427607823000066],[76.944429252000077,28.427609044000057],[76.944594283000058,28.427641916000024],[76.945849683000063,28.427891966000058],[76.94588138000006,28.427897592000082],[76.947395491000066,28.428133793000022],[76.947404636000044,28.428135163000036],[76.949147183000036,28.428385645000041],[76.947493935000068,28.436502934000032],[76.947492489000084,28.436510673000054],[76.947490069000082,28.436529260000043],[76.947383665000075,28.437702138000066],[76.943540497000086,28.436814320000057],[76.938355787000035,28.435255109000014],[76.938867801000086,28.426175074000071]]]},"properties":{"FID":27,"OBJECTID":28,"Id":0,"Area":972398.08443699998,"Name":"89 A","Density":"250","Code":100,"val":"100/250","Text_":"100/250","ClassText":"100 Residential (Group Housing/Plotted)","Class":100,"CodeText":" ","Shape_Leng":0.038495540507999998,"Shape_Area":8.9552816202400005e-05}},{"type":"Feature","id":28,"geometry":{"type":"Polygon","coordinates":[[[76.934762025000055,28.424977884000047],[76.934361166000031,28.43395561800002],[76.921353508000038,28.427560937000067],[76.921317075000047,28.427545196000029],[76.913649769000074,28.42466642200003],[76.908150340000077,28.420457790000054],[76.911774373000071,28.420485525000061],[76.912566781000081,28.420584978000075],[76.913770532000058,28.420965139000035],[76.915788158000055,28.421769150000046],[76.915795230000072,28.421771925000023],[76.917666378000035,28.422495282000046],[76.917697628000042,28.422506565000042],[76.917760061000081,28.422524583000044],[76.918150681000043,28.422619357000023],[76.918159309000032,28.42262139800004],[76.918232404000037,28.422634544000058],[76.918254207000075,28.422637076000061],[76.920232092000035,28.422838398000071],[76.92025189500005,28.422840158000028],[76.920914495000019,28.422890495000047],[76.920930717000033,28.42289155900005],[76.924092271000063,28.423065341000036],[76.924695418000056,28.423126137000047],[76.925287878000063,28.423222202000034],[76.925999829000034,28.423378541000048],[76.927486744000078,28.423759709000031],[76.928635704000044,28.424058159000026],[76.928656274000048,28.424063198000049],[76.928694225000072,28.424070931000056],[76.929677776000062,28.424245608000042],[76.92971344700004,28.424251086000027],[76.931814706000068,28.424522188000022],[76.93182678900007,28.424523651000065],[76.93318605900005,28.424677331000041],[76.934728403000065,28.424971133000032],[76.934762025000055,28.424977884000047]]]},"properties":{"FID":28,"OBJECTID":29,"Id":0,"Area":1446762.4246700001,"Name":"95 A","Density":"250","Code":100,"val":"100/250","Text_":"100/250","ClassText":"100 Residential (Group Housing/Plotted)","Class":100,"CodeText":" ","Shape_Leng":0.065822408699499999,"Shape_Area":0.000133232191211}},{"type":"Feature","id":29,"geometry":{"type":"Polygon","coordinates":[[[77.013301044000059,28.390791408000027],[76.998315116000072,28.391712755000075],[76.996598118000065,28.38771467700008],[76.995188041000063,28.384431665000083],[76.99517606600007,28.38440740000004],[76.995166299000061,28.384390748000033],[76.995158655000068,28.38437939500006],[76.991965754000034,28.379948625000051],[76.991961050000043,28.379942298000049],[76.991343531000055,28.379085116000041],[76.991329392000068,28.379067123000031],[76.991321102000029,28.379057607000046],[76.991293595000059,28.379031179000027],[76.991282424000076,28.379021940000023],[76.991267324000034,28.379010801000046],[76.988604942000052,28.377196269000027],[76.989350971000079,28.375310626000051],[76.989356167000039,28.374431930000071],[76.990236916000057,28.373024738000019],[76.990732955000055,28.37183326700006],[76.990895850000072,28.372461200000036],[76.991231462000016,28.373086610000037],[76.99179636000008,28.373269358000069],[76.992147504000059,28.37356983100004],[76.992503291000062,28.374118541000026],[76.992770937000046,28.374573036000069],[76.99324912500002,28.37473794400006],[76.993701801000029,28.374693122000046],[76.994032794000063,28.375070285000039],[76.994388595000032,28.375618989000021],[76.994478526000094,28.375808676000069],[76.994931207000036,28.375763849000059],[76.99510213800005,28.375665845000071],[76.995320540000066,28.375796348000041],[76.995781801000078,28.376209802000055],[76.996005212000043,28.37660763600006],[76.996222544000034,28.376680854000018],[76.996587790000035,28.376580000000043],[76.997356158000073,28.376102653000022],[76.996993474000078,28.376933146000056],[76.99748993300004,28.378071889000065],[76.997774794000065,28.379442937000082],[76.998276288000042,28.38084900900003],[76.998512971000082,28.381953356000061],[76.999536986000081,28.383580959000017],[77.000256598000078,28.385098420000066],[77.000791298000081,28.385969182000046],[77.001182619000062,28.386662932000036],[77.007433870000057,28.384946753000065],[77.007586347000029,28.380421891000029],[77.020790404000081,28.372892203000035],[77.021156251000036,28.373173748000056],[77.026050194000049,28.376939736000057],[77.029087160000074,28.373112711000029],[77.029351309000049,28.373049521000031],[77.029280380000046,28.381677306000025],[77.017928388000044,28.380898981000009],[77.017876091000062,28.380899616000068],[77.017826380000031,28.380907712000067],[77.017778854000099,28.380922933000075],[77.017734806000092,28.380944866000036],[77.017695444000083,28.380972910000029],[77.017660817000035,28.381007515000071],[77.017281345000072,28.381464435000041],[77.015548373000058,28.383551103000059],[77.015535684000042,28.383567626000051],[77.014021015000083,28.385705662000071],[77.014008806000049,28.385724541000066],[77.013989217000073,28.385765938000077],[77.013134669000053,28.388103316000073],[77.013123119000056,28.388146719000069],[77.013119789000029,28.388191326000022],[77.013120926000056,28.388203375000025],[77.013124063000063,28.388235851000044],[77.013301044000059,28.390791408000027]],[[77.003545282000061,28.387384861000033],[77.002959058000044,28.387221579000023],[77.002603322000084,28.387255460000063],[77.001987941000039,28.387264506000065],[77.00085757800008,28.387172546000048],[77.00010779400003,28.387206174000013],[76.999976090000075,28.387093505000045],[76.999870858000079,28.386665295000043],[76.999598851000016,28.385981675000036],[76.999227530000027,28.385184910000081],[76.998824904000045,28.384445906000042],[76.998519983000051,28.383734118000064],[76.998212919000068,28.382907759000034],[76.997880989000066,28.382482869000064],[76.997917878000067,28.382323648000067],[76.997642466000059,28.381856054000018],[76.996956974000057,28.381579600000062],[76.99639942000006,28.381215315000073],[76.996384204000037,28.382132354000071],[76.997148971000058,28.383181213000064],[76.997068987000034,28.384099202000069],[76.997179037000066,28.384785202000046],[76.997419176000037,28.385497944000051],[76.997822334000034,28.386265596000037],[76.998194722000051,28.387119648000063],[76.998599504000069,28.387973225000049],[76.99965046300008,28.388731364000027],[77.000533032000078,28.389148160000047],[77.001338801000031,28.389468214000033],[77.002126558000057,28.389468552000046],[77.002839120000033,28.389458077000018],[77.00377517000004,28.389272407000085],[77.004419718000051,28.389091022000059],[77.004309619000082,28.388405032000037],[77.004000057000027,28.387693126000041],[77.003545282000061,28.387384861000033]]]},"properties":{"FID":29,"OBJECTID":30,"Id":0,"Area":3171344.88852,"Name":"75","Density":" ","Code":800,"val":" ","Text_":"800","ClassText":"800 Aggriculture Zone","Class":800,"CodeText":" ","Shape_Leng":0.15568316975499999,"Shape_Area":0.00029191118472699998}},{"type":"Feature","id":30,"geometry":{"type":"Polygon","coordinates":[[[76.972491921000085,28.348732172000037],[76.972675818000084,28.348022066000055],[76.97273479100005,28.347794348000029],[76.981050376000042,28.350064748000079],[76.981545363000066,28.350185058000072],[76.981562100000076,28.350204445000028],[76.982269669000061,28.350397598000026],[76.984891168000047,28.351689792000052],[76.983652459000041,28.352851326000067],[76.979774508000048,28.361711818000053],[76.977524944000038,28.360038028000066],[76.973035794000054,28.357238001000027],[76.970078020000074,28.355907112000054],[76.970562565000094,28.355500713000026],[76.970575207000081,28.35548945700004],[76.97058723300006,28.355477655000065],[76.970824213000071,28.355231066000034],[76.970834581000091,28.355219544000068],[76.970845073000078,28.355206437000049],[76.970864074000076,28.355178559000024],[76.970959560000054,28.355015039000076],[76.970969881000016,28.354995506000012],[76.970980410000024,28.354970949000052],[76.970982311000057,28.354965597000042],[76.97098575800004,28.354955010000012],[76.971039159000057,28.354777556000055],[76.971043153000039,28.354762603000044],[76.971046711000042,28.354745409000021],[76.971049513000082,28.354722156000037],[76.971050441000045,28.354696095000062],[76.971049986000082,28.354685071000063],[76.971049126000082,28.354674230000043],[76.971026047000066,28.354447744000026],[76.971024039000042,28.354432708000033],[76.97102181300005,28.354420429000072],[76.971020280000062,28.354414464000058],[76.971430143000077,28.352831953000084],[76.97233785700007,28.349327070000079],[76.97290483900008,28.349282239000036],[76.972491921000085,28.348732172000037]]]},"properties":{"FID":30,"OBJECTID":31,"Id":0,"Area":1221294.55819,"Name":"79 B","Density":"250","Code":100,"val":"100/250","Text_":"100/250","ClassText":"100 Residential (Group Housing/Plotted)","Class":100,"CodeText":" ","Shape_Leng":0.044880310035000003,"Shape_Area":0.000112390496561}},{"type":"Feature","id":31,"geometry":{"type":"Polygon","coordinates":[[[76.979774508000048,28.361711818000053],[76.977643959000034,28.363587165000066],[76.976926440000071,28.365650882000068],[76.976393784000038,28.36708905200004],[76.966386131000036,28.363397513000049],[76.966536256000026,28.362951699000064],[76.967188366000073,28.360916857000063],[76.967953273000035,28.358858564000055],[76.967955390000043,28.358852524000042],[76.968365432000041,28.357631410000049],[76.96866921600008,28.357183236000029],[76.969251001000032,28.356600750000041],[76.970078020000074,28.355907112000054],[76.973035794000054,28.357238001000027],[76.977524944000038,28.360038028000066],[76.979774508000048,28.361711818000053]]]},"properties":{"FID":31,"OBJECTID":32,"Id":0,"Area":911355.47079599998,"Name":"79","Density":"250","Code":100,"val":"100/250","Text_":"100/250","ClassText":"100 Residential (Group Housing/Plotted)","Class":100,"CodeText":" ","Shape_Leng":0.037103456662800002,"Shape_Area":8.3873734099800006e-05}},{"type":"Feature","id":32,"geometry":{"type":"MultiPolygon","coordinates":[[[[76.976183539000033,28.367656701000026],[76.971596448000085,28.369357195000067],[76.968854415000067,28.369969855000075],[76.967514777000076,28.370514469000053],[76.966547658000081,28.370767185000037],[76.963953501000049,28.370804596000021],[76.964617100000055,28.368784579000074],[76.965226610000073,28.366861548000024],[76.965755427000047,28.365270279000065],[76.966192854000056,28.363971428000074],[76.976183539000033,28.367656701000026]]],[[[76.985118398000054,28.375449700000047],[76.975509962000046,28.384226575000071],[76.974963844000058,28.382671446000078],[76.974961266000037,28.382664867000063],[76.974951932000067,28.382647894000065],[76.974939405000043,28.382632614000041],[76.974924071000032,28.382619490000035],[76.974912157000063,28.382611938000011],[76.962534977000061,28.375718660000075],[76.962495025000067,28.375695250000025],[76.962685819000072,28.374871659000053],[76.963333515000045,28.375063410000035],[76.964466130000062,28.374999335000037],[76.966297783000073,28.374781910000017],[76.96877096300004,28.374220933000064],[76.971406921000039,28.373705308000066],[76.97450828500007,28.372084610000059],[76.980932828000064,28.369408222000061],[76.981904130000032,28.369766406000064],[76.982178387000033,28.371363165000052],[76.982179688000031,28.371370130000059],[76.982187623000073,28.371400180000023],[76.982194843000073,28.371420206000032],[76.982208615000047,28.371448694000037],[76.982218239000076,28.371465087000047],[76.982225136000068,28.371475391000036],[76.982228164000048,28.371479634000014],[76.985118398000054,28.375449700000047]]]]},"properties":{"FID":32,"OBJECTID":33,"Id":0,"Area":2119132.7004399998,"Name":"78","Density":"250","Code":100,"val":"100/250","Text_":"100/250","ClassText":"100 Residential (Group Housing/Plotted)","Class":100,"CodeText":" ","Shape_Leng":0.087412069516299998,"Shape_Area":0.00019504962631399999}},{"type":"Feature","id":33,"geometry":{"type":"Polygon","coordinates":[[[76.985871623000037,28.37518962300004],[76.985786387000076,28.375267491000042],[76.982833202000052,28.371210778000027],[76.982542284000033,28.36951795900006],[76.982539057000054,28.369499843000021],[76.981791345000019,28.366195360000059],[76.982576513000083,28.364084701000021],[76.982713182000055,28.364001498000039],[76.987870797000085,28.360861555000035],[76.98863513600007,28.361851453000035],[76.990947567000021,28.36773882500006],[76.990002967000052,28.370350280000018],[76.988992343000049,28.371740266000067],[76.986915735000082,28.373871607000062],[76.985871623000037,28.37518962300004]]]},"properties":{"FID":33,"OBJECTID":34,"Id":0,"Area":885790.16998999997,"Name":"79 A","Density":"250","Code":100,"val":"100/250","Text_":"100/250","ClassText":"100 Residential (Group Housing/Plotted)","Class":100,"CodeText":" ","Shape_Leng":0.035436156615399998,"Shape_Area":8.1525360672400003e-05}},{"type":"Feature","id":34,"geometry":{"type":"MultiPolygon","coordinates":[[[[76.990807396000051,28.379449112000039],[76.991261114000054,28.380078776000069],[76.988124529000061,28.383213500000064],[76.988112945000069,28.383060544000053],[76.988130333000086,28.380519936000038],[76.988370697000065,28.377788338000073],[76.990807396000051,28.379449112000039]]],[[[76.987029158000041,28.376873944000071],[76.986913144000084,28.377787232000056],[76.986661655000034,28.379357133000038],[76.986573046000032,28.381554974000039],[76.986032197000043,28.384981832000054],[76.986011980000058,28.385324656000023],[76.985619332000056,28.385717030000023],[76.985614748000046,28.385721720000042],[76.985603090000041,28.385734587000059],[76.985592601000064,28.385747696000074],[76.985573156000044,28.385776319000058],[76.985564146000058,28.385792985000002],[76.985551439000062,28.385821857000057],[76.985544967000067,28.385842082000067],[76.985538545000054,28.385869944000031],[76.985536391000039,28.385885777000045],[76.98553497100005,28.385904236000048],[76.985434808000036,28.388509892000044],[76.983561115000029,28.38886471100005],[76.983545191000076,28.388868124000048],[76.983536000000072,28.388870455000077],[76.983493122000084,28.388884522000055],[76.983484292000071,28.388888241000075],[76.983444266000049,28.38890850800005],[76.983438255000067,28.388912195000035],[76.983418881000034,28.388925073000053],[76.981281639000031,28.390465696000039],[76.981233010000039,28.390500749000061],[76.981210200000078,28.390517191000068],[76.97563154700002,28.384995755000027],[76.975620122000066,28.384984695000067],[76.975618561000033,28.38498344900006],[76.98557872300006,28.375885294000046],[76.987029158000041,28.376873944000071]]]]},"properties":{"FID":34,"OBJECTID":35,"Id":0,"Area":1050911.5492,"Name":"77","Density":"250","Code":100,"val":"100/250","Text_":"100/250","ClassText":"100 Residential (Group Housing/Plotted)","Class":100,"CodeText":" ","Shape_Leng":0.053388986900399997,"Shape_Area":9.6738090076100002e-05}},{"type":"Feature","id":35,"geometry":{"type":"MultiPolygon","coordinates":[[[[76.985736793000058,28.38999044500002],[76.985837651000054,28.393083240000056],[76.985813690000043,28.394115009000068],[76.985713197000052,28.394517583000038],[76.985510349000023,28.394840691000063],[76.981661508000059,28.390963929000069],[76.981659641000078,28.390961481000026],[76.983781456000017,28.389431976000012],[76.985792189000051,28.389051201000015],[76.985736793000058,28.38999044500002]]],[[[76.994570850000059,28.384671696000069],[76.995968626000035,28.387926120000031],[76.997670295000034,28.391887775000029],[76.989686446000064,28.399046621000029],[76.989609068000036,28.398968695000068],[76.987522329000058,28.39686710300003],[76.987549333000061,28.396840145000048],[76.988147764000075,28.395341581000029],[76.988433020000059,28.392109454000028],[76.988257123000025,28.389628973000065],[76.988420300000044,28.386799734000068],[76.988284898000074,28.385330980000049],[76.988187793000066,28.384048845000052],[76.991637535000052,28.380601160000015],[76.994570850000059,28.384671696000069]]]]},"properties":{"FID":35,"OBJECTID":36,"Id":0,"Area":1329073.2885,"Name":"76","Density":"250","Code":100,"val":"100/250","Text_":"100/250","ClassText":"100 Residential (Group Housing/Plotted)","Class":100,"CodeText":" ","Shape_Leng":0.0605126680468,"Shape_Area":0.00012234752825899999}},{"type":"Feature","id":36,"geometry":{"type":"Polygon","coordinates":[[[77.003179672000059,28.401001870000076],[77.001828949000071,28.401260721000025],[77.001816358000042,28.40126323100003],[77.000675939000075,28.401499643000083],[77.000643214000036,28.401507106000043],[76.998288882000054,28.402093196000063],[76.998270220000052,28.402098069000036],[76.998251588000073,28.402103393000058],[76.995869866000092,28.402813996000081],[76.995832053000072,28.402826265000044],[76.99355456800005,28.40362602600003],[76.993537029000038,28.403632410000061],[76.993488228000047,28.403652621000045],[76.991148385000031,28.404711989000084],[76.98923363800003,28.401321678000045],[76.989225456000042,28.401307422000045],[76.989173519000076,28.401226197000021],[76.989114705000091,28.401148724000056],[76.989058786000044,28.401085347000059],[76.988737739000044,28.400745229000059],[76.997983700000077,28.392454822000044],[77.000649383000052,28.396763085000032],[77.003179672000059,28.401001870000076]]]},"properties":{"FID":36,"OBJECTID":37,"Id":0,"Area":931263.00710599998,"Name":"75 A","Density":" ","Code":200,"val":"200","Text_":"200","ClassText":"200 Commercial","Class":200,"CodeText":" ","Shape_Leng":0.039707537411700002,"Shape_Area":8.5736068261699997e-05}},{"type":"Feature","id":37,"geometry":{"type":"Polygon","coordinates":[[[77.029374735000033,28.387633594000068],[77.021321102000059,28.387776472000038],[77.01523123000004,28.387884196000073],[77.013849210000046,28.387908601000042],[77.014559924000082,28.385964607000055],[77.016048425000051,28.383863492000053],[77.017774689000078,28.381784888000023],[77.018052428000033,28.381450454000056],[77.024908242000038,28.381920619000024],[77.025438486000041,28.382077376000044],[77.026133026000082,28.382258051000054],[77.02687547400005,28.382686310000064],[77.027513243000044,28.38328802400002],[77.027916055000063,28.384026933000037],[77.028367513000035,28.385051620000052],[77.028751659000079,28.385943606000055],[77.029071035000072,28.386836556000038],[77.029374735000033,28.387633594000068]]]},"properties":{"FID":37,"OBJECTID":38,"Id":0,"Area":818580.08337000001,"Name":"70 A","Density":"250","Code":100,"val":"100/250","Text_":"100/250","ClassText":"100 Residential (Group Housing/Plotted)","Class":100,"CodeText":" ","Shape_Leng":0.0379196259822,"Shape_Area":7.5348704817800001e-05}},{"type":"Feature","id":38,"geometry":{"type":"Polygon","coordinates":[[[77.02958467600007,28.399914241000033],[77.028706065000051,28.399988362000038],[77.026583790000075,28.400137041000043],[77.024221474000058,28.400107647000027],[77.023576094000077,28.400091130000074],[77.022309158000041,28.400058697000073],[77.022292531000048,28.400058431000044],[77.02053596100005,28.400049913000032],[77.020295759000092,28.400048746000042],[77.020289322000053,28.400048739000049],[77.017562360000056,28.400055742000053],[77.017544697000076,28.400055968000064],[77.016339852000044,28.400083646000031],[77.015619943000047,28.397567901000073],[77.015617692000035,28.39756048200007],[77.014616027000045,28.394435606000059],[77.014042914000072,28.39264757900003],[77.013750917000038,28.388451792000069],[77.015243456000064,28.388425432000069],[77.021333361000089,28.388317707000056],[77.029383987000088,28.388174879000072],[77.02958467600007,28.399914241000033]]]},"properties":{"FID":38,"OBJECTID":39,"Id":0,"Area":1884127.7685700001,"Name":"70","Density":"250","Code":100,"val":"100/250","Text_":"100/250","ClassText":"100 Residential (Group Housing/Plotted)","Class":100,"CodeText":" ","Shape_Leng":0.052620443179500001,"Shape_Area":0.00017344564716}},{"type":"Feature","id":39,"geometry":{"type":"Polygon","coordinates":[[[77.005334301000062,28.404760387000067],[77.005353132000053,28.405423444000071],[77.005345569000042,28.407452916000068],[77.005347106000045,28.407484343000075],[77.005356159000016,28.407533086000065],[77.005373143000043,28.407580143000079],[77.005397695000056,28.407624512000037],[77.005429290000052,28.407665246000072],[77.005467258000067,28.407701481000061],[77.005510790000088,28.407732441000068],[77.005558955000083,28.407757466000074],[77.005610727000033,28.407776025000036],[77.005665004000036,28.407787721000034],[77.005713373000063,28.407792116000056],[77.005831360000059,28.40779617100003],[77.005828777000033,28.409260969000055],[77.005783387000065,28.409272177000027],[77.00573234400008,28.409292251000075],[77.005685146000076,28.409318681000066],[77.005642805000036,28.409350905000043],[77.005606223000029,28.409388238000076],[77.005576179000059,28.409429879000072],[77.005553311000071,28.409474948000017],[77.005538110000032,28.409522479000028],[77.005530898000089,28.409571462000027],[77.005530668000063,28.409605605000014],[77.00558249200003,28.410633044000058],[77.005731073000035,28.413071419000058],[77.005839988000062,28.415138972000079],[77.005843507000066,28.415537085000043],[77.005845037000014,28.415564758000077],[77.00585409100006,28.415613499000067],[77.005871075000073,28.415660556000031],[77.005895631000058,28.415704925000053],[77.005927229000065,28.415745660000027],[77.005958855000074,28.415776541000064],[77.006401008000068,28.416158152000044],[77.006986300000051,28.416652056000032],[77.007174594000048,28.41695106700007],[77.007243525000035,28.417541285000024],[77.00724871500006,28.418342490000043],[77.007250248000034,28.418370874000058],[77.007259305000048,28.418419614000072],[77.007276291000039,28.418466671000022],[77.007300845000032,28.418511040000059],[77.007332447000067,28.418551775000019],[77.00737041900004,28.418588007000032],[77.00741395600005,28.418618966000047],[77.007462125000075,28.418643991000067],[77.007513904000064,28.418662548000032],[77.007568186000071,28.418674244000041],[77.007611226000051,28.418678421000024],[77.007838659000086,28.418689043000025],[77.007938803000044,28.41878997100002],[77.008060119000049,28.418972901000068],[77.008235995000064,28.419346121000039],[77.008424193000053,28.420012579000055],[77.008440380000081,28.420056751000057],[77.008464937000042,28.42010112000002],[77.008475004000047,28.420115533000061],[77.009447812000076,28.421433413000042],[77.009453898000061,28.42144140400006],[77.010320870000058,28.422545834000047],[77.010863070000084,28.423262677000018],[77.011271431000068,28.423791019000063],[77.010957695000059,28.424043975000075],[77.009318346000043,28.42535634200004],[77.009312762000036,28.425360924000074],[77.009304142000076,28.425368470000009],[77.008531803000039,28.426072010000048],[77.007272950000072,28.427104320000069],[77.006343040000047,28.427850291000027],[77.00558927600008,28.428426428000016],[77.001542125000071,28.423631199000049],[76.997039970000074,28.415534283000056],[76.995104944000047,28.411942196000037],[76.995101990000094,28.411936748000059],[76.993513975000042,28.409025897000042],[77.005334301000062,28.404760387000067]]]},"properties":{"FID":39,"OBJECTID":40,"Id":0,"Area":2077252.1548200001,"Name":"35","Density":" ","Code":300,"val":"320/330/340","Text_":"320,330,340","ClassText":"300 Industrial","Class":300,"CodeText":" ","Shape_Leng":0.064453427046500006,"Shape_Area":0.00019126642420399999}},{"type":"Feature","id":40,"geometry":{"type":"MultiPolygon","coordinates":[[[[77.020480851000059,28.426952637000049],[77.020013295000069,28.42677022700007],[77.020006314000042,28.426767729000055],[77.019223633000067,28.426511940000069],[77.01922111600004,28.426511144000077],[77.01920532400004,28.426507350000062],[77.017817852000064,28.426260527000068],[77.017812931000023,28.42625974300007],[77.017791634000048,28.42625841500006],[77.017771531000051,28.426260186000029],[77.016737060000096,28.426428408000049],[77.016724164000038,28.426431205000029],[77.016514018000066,28.426487669000036],[77.016183316000081,28.426576521000069],[77.015846853000099,28.426666919000063],[77.012720883000043,28.42335024700002],[77.015173856000061,28.421317014000056],[77.016802682000048,28.420051820000023],[77.016813987000035,28.420043614000068],[77.016832234000049,28.420030571000037],[77.016841958000043,28.420023747000073],[77.020537302000037,28.417575427000017],[77.021445475000064,28.416957205000074],[77.025824999000065,28.424221764000034],[77.025104879000082,28.424475570000027],[77.023516789000041,28.424995536000043],[77.023496283000043,28.425004372000046],[77.021935371000041,28.425856552000024],[77.021228258000065,28.425940759000063],[77.021221318000073,28.425941766000037],[77.02120079500007,28.425946956000072],[77.021181598000055,28.425955218000063],[77.021164319000022,28.42596630200007],[77.021149480000076,28.425979869000059],[77.021139887000075,28.425991920000058],[77.020480851000059,28.426952637000049]]],[[[77.022020380000072,28.427368548000068],[77.02198007700008,28.42739682000007],[77.021713566000074,28.427618568000067],[77.02168871300006,28.427641985000022],[77.021524576000047,28.427816324000041],[77.021515110000067,28.427826907000053],[77.021076520000065,28.428343397000042],[77.020887772000052,28.428509642000044],[77.01980455100005,28.429251473000072],[77.01924406500008,28.42961735300003],[77.018781339000043,28.429065818000019],[77.016744365000079,28.426652097000041],[77.016788753000071,28.426640170000034],[77.017088308000055,28.426591460000054],[77.017134590000069,28.426583933000067],[77.017792649000057,28.426476923000045],[77.019147648000057,28.426717968000045],[77.019917869000054,28.426969685000067],[77.020480353000025,28.427189128000066],[77.020489852000082,28.427192423000061],[77.020510561000052,28.427197001000014],[77.020531858000084,28.427198331000046],[77.020553092000057,28.427196370000051],[77.020573617000082,28.427191180000083],[77.020592812000075,28.427182918000025],[77.020610091000023,28.427171836000067],[77.020624931000043,28.427158267000031],[77.020634524000059,28.427146218000075],[77.021318977000092,28.426148450000024],[77.021993908000084,28.426068071000017],[77.022000848000062,28.426067064000058],[77.022021374000076,28.426061874000023],[77.022041239000032,28.426053251000027],[77.02361393700005,28.425194637000057],[77.025192068000095,28.424677931000065],[77.025194246000069,28.424677185000061],[77.025941051000075,28.424413972000025],[77.026901424000073,28.425993313000035],[77.026452813000063,28.42596898600004],[77.026417081000034,28.425968897000079],[77.025516916000072,28.426013111000032],[77.024751136000077,28.426022141000026],[77.024724804000058,28.426023457000046],[77.024685816000044,28.426029162000074],[77.024435627000059,28.426080632000041],[77.024424882000062,28.426083025000018],[77.024377337000033,28.426098250000049],[77.024351851000063,28.426109895000018],[77.023051914000064,28.426773853000046],[77.023037742000042,28.426781552000016],[77.022020380000072,28.427368548000068]]]]},"properties":{"FID":40,"OBJECTID":41,"Id":0,"Area":939071.636222,"Name":"72 A","Density":" ","Code":700,"val":"700","Text_":"760","ClassText":"700 Open Spaces","Class":700,"CodeText":" ","Shape_Leng":0.0596089053403,"Shape_Area":8.6471259704699999e-05}},{"type":"Feature","id":41,"geometry":{"type":"Polygon","coordinates":[[[77.016858230000082,28.437127983000028],[77.018754196000017,28.435926976000069],[77.019007902000041,28.435063707000037],[77.019400697000052,28.434413251000031],[77.020067132000079,28.433949733000077],[77.020707920000063,28.433558217000034],[77.021134052000036,28.433241513000038],[77.021294701000031,28.433167500000017],[77.023163022000062,28.43199373200002],[77.024285264000071,28.431356291000046],[77.026885113000048,28.431723469000083],[77.03052834600004,28.432982279000047],[77.034847267000032,28.434901145000016],[77.034526217000064,28.435874051000035],[77.03451827400005,28.435900611000083],[77.034276227000078,28.436801930000051],[77.034273873000075,28.436811042000038],[77.034269520000066,28.436830250000053],[77.033945835000054,28.438406064000045],[77.033941964000064,28.438427311000058],[77.033841188000054,28.439060098000009],[77.033816573000081,28.439214671000052],[77.033813548000069,28.439237018000028],[77.03364106500004,28.440802230000021],[77.033428215000072,28.442623509000043],[77.033180985000044,28.444436339000038],[77.032909901000039,28.444482228000034],[77.03323629900008,28.441823333000062],[77.028509729000064,28.441846140000049],[77.029615106000051,28.445294376000049],[77.024530165000044,28.446748917000036],[77.024131826000044,28.445993973000054],[77.023548358000085,28.445143153000064],[77.022991909000041,28.444291927000048],[77.022600217000047,28.44358150000004],[77.022172900000044,28.442417974000016],[77.021803233000071,28.441444592000035],[77.021144248000056,28.440881382000047],[77.020030293000062,28.440539800000064],[77.018575983000062,28.439343757000064],[77.016858230000082,28.437127983000028]]]},"properties":{"FID":41,"OBJECTID":42,"Id":0,"Area":1787490.7249799999,"Name":"33","Density":" ","Code":600,"val":"650","Text_":"650","ClassText":"600 Public and Semi Public Use","Class":600,"CodeText":" ","Shape_Leng":0.059883705003100002,"Shape_Area":0.000164615859813}},{"type":"Feature","id":42,"geometry":{"type":"Polygon","coordinates":[[[77.007864278000056,28.441113597000022],[77.010000240000082,28.443450473000034],[77.012394678000064,28.445737647000037],[77.015125719000082,28.448447629000032],[77.023748996000037,28.45714160500005],[77.016030107000063,28.456948679000046],[77.013986040000077,28.453821671000075],[77.013948351000067,28.453795295000063],[77.013773085000082,28.453685485000051],[77.013719779000041,28.453656696000046],[77.012887026000044,28.453276697000021],[77.012870633000034,28.45326957800005],[77.012217176000036,28.452999910000063],[77.012184483000055,28.452987754000041],[77.011728602000062,28.452836277000085],[77.011688250000077,28.452824883000062],[77.011197077000077,28.452707996000075],[77.011176638000052,28.452703573000054],[77.011136209000085,28.452697346000026],[77.010156533000043,28.452586030000081],[77.009816427000018,28.452539597000051],[77.009576411000069,28.452490317000066],[77.00926817900006,28.452393663000066],[77.008527679000053,28.452114490000042],[77.007394268000041,28.451625394000065],[77.00655163100005,28.451248060000065],[77.006533122000064,28.451240226000042],[77.006097613000065,28.451066345000072],[77.006074495000064,28.451057779000045],[77.005467182000061,28.450849757000064],[77.005459106000046,28.450847067000041],[77.005440584000041,28.450841466000053],[77.005120767000051,28.450751443000037],[77.005091144000048,28.450744062000066],[77.00446617800003,28.450608112000051],[77.004455418000077,28.450605893000048],[77.004424344000029,28.450600814000037],[77.003691851000042,28.450503978000032],[77.003477783000051,28.450470659000064],[77.003278571000067,28.450406096000044],[77.003064492000092,28.450330704000059],[77.002197528000067,28.449968633000022],[77.000966788000085,28.44945402200004],[76.999634498000034,28.448888801000066],[76.998047894000081,28.448217334000041],[76.997877961000029,28.448147408000064],[76.997698945000096,28.448073743000066],[76.998169765000071,28.447221527000064],[76.999373803000083,28.445001669000074],[76.999376808000093,28.444995957000053],[76.999807453000074,28.444152121000059],[77.000593323000047,28.443326084000034],[77.000598749000062,28.44332021800005],[77.00190238100005,28.441869321000063],[77.002410983000061,28.441311231000029],[77.003217582000048,28.440729589000057],[77.004045352000034,28.440133180000036],[77.005289818000051,28.439251020000029],[77.005526114000077,28.439110655000039],[77.005860985000083,28.438911734000044],[77.007864278000056,28.441113597000022]]]},"properties":{"FID":42,"OBJECTID":43,"Id":0,"Area":1536165.0319300001,"Name":"10 A","Density":"375","Code":100,"val":"100/375","Text_":"100/375","ClassText":"100 Residential (Group Housing/Plotted)","Class":100,"CodeText":" ","Shape_Leng":0.066879819345899996,"Shape_Area":0.00017706380835600001}},{"type":"Feature","id":43,"geometry":{"type":"Polygon","coordinates":[[[77.053770279000048,28.43109973800005],[77.052093438000028,28.42930152500001],[77.051375629000063,28.429724906000036],[77.050556782000058,28.430287323000076],[77.04952938200006,28.430791758000044],[77.047412274000052,28.43232719600007],[77.045945714000084,28.430787856000055],[77.045936767000057,28.430778877000012],[77.045625827000052,28.430480340000038],[77.045604089000051,28.430461448000059],[77.045561700000064,28.430433525000073],[77.045270459000051,28.430276838000051],[77.045229500000076,28.430258376000022],[77.045188258000053,28.43024608200006],[77.043392036000057,28.429833685000059],[77.040408598000042,28.42915516100004],[77.037894001000041,28.428575244000044],[77.037667218000081,28.42852293900005],[77.037742792000088,28.428254160000048],[77.037744882000084,28.42824648800006],[77.037749963000067,28.428227223000075],[77.038146179000066,28.426888717000047],[77.038843849000045,28.424523221000062],[77.039479992000054,28.422340705000064],[77.040242638000066,28.419732393000071],[77.040851054000044,28.41768072800005],[77.040890668000046,28.417547240000033],[77.040908579000074,28.417486885000059],[77.041168381000034,28.417582051000061],[77.042365715000074,28.418006142000028],[77.044310408000044,28.418691051000042],[77.045844203000044,28.419219709000053],[77.045851035000055,28.419221895000071],[77.047169274000041,28.419603527000032],[77.047176309000065,28.419605399000027],[77.048172995000073,28.419847790000059],[77.049196091000056,28.420120437000037],[77.049737002000029,28.420273193000064],[77.050705420000043,28.420595076000041],[77.051477123000041,28.420892939000058],[77.051812006000034,28.421115453000038],[77.05247688200005,28.421713660000023],[77.053422564000073,28.422577815000064],[77.05362686400008,28.42278176900005],[77.054679185000055,28.424094434000036],[77.054681843000083,28.424097650000078],[77.055839667000043,28.425455356000036],[77.055847019000069,28.425463321000048],[77.057020486000056,28.426625518000034],[77.057041623000018,28.426646598000037],[77.057042125000066,28.426647101000064],[77.057042628000033,28.42664760200006],[77.057675806000077,28.42727922400007],[77.058167301000083,28.42776801400003],[77.057341263000069,28.428388651000027],[77.056521880000034,28.429019194000034],[77.055611674000033,28.429701240000039],[77.054607979000082,28.430466261000056],[77.053770279000048,28.43109973800005]]]},"properties":{"FID":43,"OBJECTID":44,"Id":0,"Area":1893219.0469200001,"Name":"47","Density":"250","Code":100,"val":"100/250","Text_":"100/250","ClassText":"100 Residential (Group Housing/Plotted)","Class":100,"CodeText":" ","Shape_Leng":0.056578839689400001,"Shape_Area":0.00017432827264899999}},{"type":"Feature","id":44,"geometry":{"type":"Polygon","coordinates":[[[77.059164042000077,28.428759254000067],[77.060161435000055,28.429817636000049],[77.06121143200005,28.430897656000059],[77.062337039000056,28.432089063000024],[77.06233714800004,28.432089198000028],[77.062520529000039,28.432283298000065],[77.062522550000054,28.432285394000068],[77.064285010000049,28.434072317000066],[77.065762569000071,28.435625283000032],[77.067059283000049,28.436957127000021],[77.065446650000055,28.43815292500005],[77.065443320000043,28.438155506000037],[77.064113649000035,28.439219167000026],[77.062433163000037,28.440433900000063],[77.062428960000034,28.440437055000082],[77.060750774000041,28.441758435000054],[77.059045353000059,28.443041631000014],[77.05833351800004,28.443580768000047],[77.058208413000045,28.443449273000045],[77.056322525000041,28.44152196300006],[77.053660110000067,28.438781291000041],[77.050174516000084,28.435182167000054],[77.049590311000031,28.434581100000059],[77.049953771000062,28.434344059000054],[77.049962713000085,28.434337758000019],[77.050702356000045,28.433775376000025],[77.051591380000048,28.433107954000032],[77.052717854000036,28.432257433000071],[77.053795901000072,28.431436553000019],[77.054807473000039,28.430671593000049],[77.055810641000051,28.429906969000051],[77.056721610000082,28.429224344000026],[77.057541119000064,28.428593706000072],[77.058370765000063,28.427970359000035],[77.059164042000077,28.428759254000067]]]},"properties":{"FID":44,"OBJECTID":45,"Id":0,"Area":1479696.4177600001,"Name":"46","Density":"250","Code":100,"val":"100/250","Text_":" 100/250","ClassText":"100 Residential (Group Housing/Plotted)","Class":100,"CodeText":" ","Shape_Leng":0.046996734474599997,"Shape_Area":0.00013626262404799999}},{"type":"Feature","id":45,"geometry":{"type":"Polygon","coordinates":[[[77.065627218000046,28.42158869300005],[77.067677231000062,28.423536979000062],[77.069920018000062,28.425692021000032],[77.071813709000082,28.42750424900003],[77.073861168000064,28.429447701000068],[77.075061606000077,28.430587130000049],[77.073573442000054,28.431759465000027],[77.072207737000042,28.432875484000075],[77.070202981000079,28.434411153000035],[77.070200919000058,28.434412763000058],[77.068860173000076,28.435479044000019],[77.067937107000034,28.436219044000033],[77.067933462000028,28.436222063000056],[77.067286607000085,28.436775674000053],[77.065995789000056,28.435449895000026],[77.064518476000046,28.433897183000045],[77.064516791000074,28.43389544300004],[77.062754502000075,28.432108697000036],[77.06257215700002,28.431915704000069],[77.062571200000022,28.431914694000056],[77.061445053000057,28.430722695000043],[77.060395176000043,28.429642802000039],[77.059397722000085,28.428584346000036],[77.059395094000081,28.428581634000064],[77.058501290000038,28.427692768000036],[77.057904801000063,28.427099554000062],[77.057371633000059,28.426567701000067],[77.058026043000041,28.426037580000067],[77.059173933000082,28.425152428000047],[77.06027309500007,28.42431207400006],[77.062021378000054,28.422960442000029],[77.063458293000053,28.42185715700003],[77.064817398000059,28.420804408000038],[77.065627218000046,28.42158869300005]]]},"properties":{"FID":45,"OBJECTID":46,"Id":0,"Area":1475883.5398800001,"Name":"51","Density":"250","Code":100,"val":"100/250","Text_":"100/250","ClassText":"100 Residential (Group Housing/Plotted)","Class":100,"CodeText":" ","Shape_Leng":0.047750853697099999,"Shape_Area":0.00013590176180100001}},{"type":"Feature","id":46,"geometry":{"type":"Polygon","coordinates":[[[77.045290941000076,28.402154143000061],[77.045829706000077,28.402320206000063],[77.048236359000057,28.40307296800006],[77.04947689800008,28.403535557000055],[77.051307384000026,28.404378291000064],[77.051312704000054,28.404380719000063],[77.051361736000047,28.404400961000075],[77.053776933000051,28.405307592000046],[77.055927194000049,28.406115068000076],[77.058483736000085,28.40708048200003],[77.057857219000084,28.408395063000061],[77.056961599000033,28.410246584000049],[77.056128042000083,28.41196618400005],[77.055237264000098,28.413803754000067],[77.054443101000061,28.415447962000034],[77.053699782000081,28.41692658300007],[77.053697407000072,28.416931576000021],[77.05322243800002,28.417988386000051],[77.052767946000074,28.418864490000033],[77.052244590000043,28.419917346000016],[77.051825317000052,28.42078570600005],[77.051646757000071,28.420667060000024],[77.051629053000056,28.420656906000019],[77.051616036000041,28.42065121600006],[77.050824272000057,28.420345612000069],[77.050816891000068,28.420342962000063],[77.049841134000076,28.420018638000041],[77.049837160000024,28.420017372000071],[77.049833841000066,28.420016398000033],[77.049286856000037,28.41986193800005],[77.048259575000017,28.419588165000054],[77.048255996000094,28.419587254000071],[77.047261057000071,28.419345287000056],[77.045951467000052,28.41896616800005],[77.044422667000049,28.418439233000068],[77.042479296000067,28.41775479000005],[77.04128390700005,28.417331392000051],[77.040986998000037,28.417222632000051],[77.041503102000036,28.41548345800004],[77.042192946000057,28.413137028000051],[77.042839145000073,28.410920836000059],[77.043791331000079,28.407658771000058],[77.044011631000046,28.406921575000066],[77.044014262000076,28.406912449000068],[77.044413318000053,28.40547634600005],[77.044415748000063,28.405467265000027],[77.044852157000037,28.403771019000036],[77.045290941000076,28.402154143000061]]]},"properties":{"FID":46,"OBJECTID":47,"Id":0,"Area":2135076.6724,"Name":"49","Density":"250","Code":100,"val":"100/250","Text_":"100/250","ClassText":"100 Residential (Group Housing/Plotted)","Class":100,"CodeText":" ","Shape_Leng":0.056428922018200003,"Shape_Area":0.00019657324689899999}},{"type":"Feature","id":47,"geometry":{"type":"Polygon","coordinates":[[[77.073752871000067,28.412798492000025],[77.071786320000058,28.414419194000065],[77.071149966000064,28.414836290000025],[77.07114073200006,28.414842847000042],[77.071129055000029,28.414852825000022],[77.070701375000056,28.415259252000048],[77.069426088000057,28.416332316000016],[77.069412681000074,28.416345154000055],[77.069397754000093,28.416364708000046],[77.069386896000083,28.416386255000077],[77.069383871000085,28.416394959000051],[77.069356274000029,28.416485008000056],[77.06882291900007,28.417136772000045],[77.06827265700008,28.417692275000029],[77.067307694000093,28.418466540000061],[77.066490087000034,28.419144257000028],[77.065592589000062,28.419839360000026],[77.064728646000049,28.420512788000046],[77.064624231000039,28.420594174000026],[77.063257108000073,28.421653132000063],[77.061820282000042,28.422756347000075],[77.060072197000068,28.42410782200005],[77.058973159000061,28.424948083000057],[77.057823368000072,28.425834698000067],[77.057820572000068,28.425836909000044],[77.057168214000058,28.426365365000038],[77.056080337000083,28.425287945000022],[77.054927682000084,28.423936306000023],[77.053871866000065,28.42261928400006],[77.053862057000075,28.422608300000039],[77.053649539000048,28.422396139000057],[77.053644954000049,28.422391762000078],[77.05269609700008,28.421524710000025],[77.052072358000032,28.420963510000025],[77.052525531000086,28.420024923000028],[77.053047242000062,28.418975358000061],[77.053502374000061,28.418098035000067],[77.053505493000046,28.418091591000056],[77.053980793000051,28.417034037000057],[77.054723764000073,28.415556077000069],[77.055518733000042,28.413910216000033],[77.056409426000073,28.412072806000022],[77.057243023000069,28.410353114000035],[77.058139004000054,28.408500832000076],[77.05876526600008,28.407186790000019],[77.062578251000048,28.408626528000067],[77.065878352000084,28.409865977000027],[77.069409399000051,28.411197153000035],[77.071632841000053,28.412028034000045],[77.071639830000024,28.412030610000059],[77.073752871000067,28.412798492000025]]]},"properties":{"FID":47,"OBJECTID":48,"Id":0,"Area":2209127.7663099999,"Name":"50","Density":"250","Code":100,"val":"100/250","Text_":"100/250","ClassText":"100 Residential (Group Housing/Plotted)","Class":100,"CodeText":" ","Shape_Leng":0.060240976117499997,"Shape_Area":0.00020339751440799999}},{"type":"Feature","id":48,"geometry":{"type":"MultiPolygon","coordinates":[[[[77.090500788000057,28.418439002000071],[77.090032756000085,28.418480733000017],[77.090021687000032,28.418482174000072],[77.090001169000075,28.418487374000048],[77.089997597000036,28.418488644000035],[77.089424075000068,28.418701743000032],[77.089094078000073,28.418776580000031],[77.088938123000048,28.418631318000045],[77.088743733000058,28.418270013000036],[77.088738121000063,28.418260765000067],[77.088725847000035,28.418245775000056],[77.088437747000057,28.417950694000059],[77.088268840000083,28.417633670000043],[77.088176327000042,28.417285660000058],[77.088362109000059,28.417338906000055],[77.089698072000033,28.417732848000075],[77.089724137000076,28.417740081000034],[77.090807166000033,28.418021880000015],[77.090812110000059,28.418023119000054],[77.09081972000007,28.418687644000034],[77.090722474000074,28.418623971000038],[77.090613775000065,28.418485111000049],[77.090605504000052,28.418475699000059],[77.090590151000072,28.41846258900005],[77.090572455000029,28.41845203400004],[77.090552955000078,28.418444357000055],[77.090532244000016,28.418439792000072],[77.090510949000077,28.418438473000027],[77.090500788000057,28.418439002000071]]],[[[77.084799339000099,28.42941644900003],[77.084427400000038,28.429460355000057],[77.083785062000061,28.429536872000028],[77.082523696000067,28.429661230000075],[77.081279563000066,28.429806980000023],[77.080356527000049,28.429918857000072],[77.079438606000039,28.430013956000032],[77.07834742900009,28.430130865000017],[77.077240974000063,28.430240750000056],[77.075810807000025,28.430369953000028],[77.075806518000036,28.43037039600005],[77.075390181000031,28.43041852500005],[77.07538085200008,28.430419863000058],[77.075355842000064,28.430426143999998],[77.075322250000056,28.430437384000069],[77.074085231000083,28.429263236000043],[77.072038194000058,28.427320188000056],[77.070145130000071,28.425508562000054],[77.067901978000066,28.423353174000056],[77.065852369000083,28.421405278000055],[77.06504710400003,28.420625403000034],[77.065794699000037,28.420042667000065],[77.066693775000033,28.419346340000057],[77.066697606000048,28.419343271000038],[77.067515280000066,28.418665485000076],[77.068484911000027,28.417887487000023],[77.068497192000066,28.417876434000043],[77.069057925000038,28.417310357000076],[77.069061703000045,28.417306392000054],[77.069066788000057,28.417300524000034],[77.069620721000035,28.416623611000031],[77.069630564000093,28.416609925000046],[77.069641424000054,28.416588377000036],[77.069644450000055,28.41657967400004],[77.069668167000032,28.416502280000028],[77.070915807000063,28.415452476000038],[77.070922349000057,28.415446628000048],[77.071343605000038,28.41504630300005],[77.071975556000041,28.414632092000019],[77.07198479200008,28.41462553600007],[77.07198876700005,28.41462237200005],[77.074065150000081,28.412911149000028],[77.077358276000055,28.41408923900007],[77.079404147000048,28.414815200000067],[77.079413172000059,28.414818345000064],[77.079451282000036,28.41483035900006],[77.080078624000052,28.415011771000021],[77.080115376000037,28.415021504000027],[77.080125926000036,28.415023976000036],[77.080608114000029,28.41513360800008],[77.083555618000048,28.415953223000027],[77.085863781000057,28.416615697000061],[77.086844326000062,28.416903874000059],[77.08794368000008,28.417218978000047],[77.087939055000049,28.417235368000032],[77.087937563000082,28.417254195000044],[77.087939800000086,28.417272998000033],[77.088031360000045,28.41768832200006],[77.088037227000015,28.41770639800006],[77.088040773000046,28.417713744000011],[77.08822331500005,28.418056363000062],[77.088229125000055,28.418065979000069],[77.088241398000036,28.418080970000048],[77.088529655000059,28.418376209000026],[77.088725311000076,28.418739871000067],[77.088730922000096,28.418749119000037],[77.088743469000079,28.418764387000056],[77.088747076000061,28.418767899000038],[77.08896597200004,28.418971790000043],[77.088977718000081,28.418981389000059],[77.088995415000056,28.41899194400002],[77.089014915000064,28.418999621000069],[77.089035627000044,28.419004189000066],[77.089056920000075,28.419005507000069],[77.089078150000034,28.419003536000041],[77.089085223000026,28.419002129000052],[77.089364126000078,28.418938881000035],[77.089493651000055,28.418909506000027],[77.089507099000059,28.418905712000022],[77.089510671000085,28.418904442000034],[77.090075582000054,28.418694544000065],[77.090453488000037,28.418660849000048],[77.090532610000082,28.418761923000034],[77.090540878000056,28.418771335000027],[77.09055623200004,28.418784445000018],[77.090560425000035,28.41878731700006],[77.090822828000043,28.418959126000058],[77.090861387000075,28.422326095000063],[77.090885509000032,28.424067306000033],[77.090927987000043,28.42667502400008],[77.090968770000075,28.428611745000065],[77.09099939400005,28.429773950000023],[77.090308409000045,28.429756170000065],[77.089796578000062,28.429740233000086],[77.08936108000006,28.429720804000038],[77.08827427100006,28.429656525000041],[77.086076653000092,28.429485049000043],[77.085608585000045,28.429449237000021],[77.08560222900006,28.429448868000069],[77.085124627000084,28.429429969000061],[77.084828060000063,28.429415466000012],[77.084816949000071,28.429415280000057],[77.084799339000099,28.42941644900003]]]]},"properties":{"FID":48,"OBJECTID":49,"Id":0,"Area":3385194.7612600001,"Name":"57","Density":"250","Code":100,"val":"100/250","Text_":"100/250","ClassText":"100 Residential (Group Housing/Plotted)","Class":100,"CodeText":" ","Shape_Leng":0.0783962031368,"Shape_Area":0.00031169413659599997}},{"type":"Feature","id":49,"geometry":{"type":"Polygon","coordinates":[[[77.091330328000069,28.416693251000016],[77.091323134000035,28.416631103000036],[77.091321753000045,28.416621027000069],[77.091203003000032,28.41587312200005],[77.091246305000084,28.415346057000075],[77.091312643000037,28.41462636600005],[77.091430461000073,28.41365915600004],[77.091463787000066,28.413431384000024],[77.091758101000039,28.412312978000038],[77.092028157000087,28.411430131000017],[77.092033621000041,28.411408923000067],[77.092137335000089,28.410915512000024],[77.092139144000043,28.410905962000065],[77.092142026000033,28.410880940000016],[77.092181022000034,28.41025482800006],[77.092181375000052,28.41024719600005],[77.092194478000067,28.409814865000026],[77.092194542000072,28.409802911000039],[77.092194235000079,28.409794654000056],[77.09216025700006,28.409168159000043],[77.092137377000029,28.408825640000028],[77.092119057000033,28.408431213000021],[77.092123875000084,28.407724937000069],[77.092139752000037,28.406749807000036],[77.092156319000082,28.406010975000068],[77.092237251000043,28.405445889000074],[77.09242208700006,28.404208094000072],[77.092422898000052,28.40420216800004],[77.092580546000079,28.402931026000029],[77.09264759000007,28.402563234000059],[77.093266096000036,28.402620029000037],[77.09470179200008,28.402814113000041],[77.094716007000045,28.402815735000043],[77.09583805300008,28.402920169000026],[77.096638090000042,28.402998189000058],[77.097817372000051,28.403130351000073],[77.098721544000057,28.403221542000043],[77.099505044000068,28.403307196000064],[77.100845242000062,28.403451357000044],[77.101802116000044,28.403551397000051],[77.102165624000079,28.40358671500006],[77.101711894000061,28.408663847000064],[77.101710248000074,28.408682509000062],[77.101708371000043,28.408708438000069],[77.10093351200004,28.417399949000071],[77.100919402000045,28.417558229000065],[77.100441910000029,28.417428330000064],[77.099227036000073,28.417080766000026],[77.097911972000091,28.416706906000062],[77.097840854000083,28.416689979000072],[77.097588555000087,28.416641304000024],[77.097510598000042,28.416629971000066],[77.097431940000035,28.41662580500002],[77.097425531000056,28.416625783000033],[77.095405600000049,28.416625854000063],[77.095395262000068,28.416625916000029],[77.092603657000041,28.416659309000057],[77.092590869000034,28.41665955500002],[77.091330328000069,28.416693251000016]]]},"properties":{"FID":49,"OBJECTID":50,"Id":0,"Area":1441425.2113099999,"Name":"61","Density":"250","Code":100,"val":"100/250","Text_":"100/250","ClassText":"100 Residential (Group Housing/Plotted)","Class":100,"CodeText":" ","Shape_Leng":0.047599989735299997,"Shape_Area":0.000132701574371}},{"type":"Feature","id":50,"geometry":{"type":"Polygon","coordinates":[[[77.101519041000074,28.417721355000022],[77.102290885000073,28.409053041000043],[77.10294185500004,28.409214025000047],[77.103494935000072,28.409366800000033],[77.104700589000061,28.409692881000062],[77.105678888000071,28.409996580000033],[77.106979142000057,28.410443644000043],[77.108778290000032,28.411027919000031],[77.108785013000045,28.411030024000073],[77.109971319000067,28.411387739000077],[77.110723396000097,28.411632734000079],[77.11073660700005,28.411636738000023],[77.112530498000069,28.412140208000036],[77.114785355000038,28.412829203000051],[77.116456273000054,28.413361761000029],[77.117668050000077,28.41373447400002],[77.117683324000041,28.413739171000032],[77.117713267000056,28.413748927000025],[77.117951924000081,28.41383531200006],[77.117775756000086,28.414819092000073],[77.117555570000022,28.416102083000041],[77.116953955000056,28.419460284000024],[77.116950434000046,28.419497330000077],[77.116938685000036,28.420191793000072],[77.116739236000058,28.420930143000081],[77.116286818000049,28.421685621000055],[77.115651167000067,28.42275175300006],[77.115631197000084,28.422793805000019],[77.11533406500007,28.423605389000034],[77.115322525000067,28.423648885000038],[77.115319235000072,28.423693492000037],[77.115321801000036,28.423724029000024],[77.115488840000069,28.424846708000061],[77.115628873000048,28.426728678000064],[77.115102983000043,28.426306095000026],[77.114612780000073,28.425876411000043],[77.11391044700008,28.425230545000034],[77.112921518000064,28.424317169000066],[77.11156582200006,28.422912677000046],[77.110757165000052,28.422032126000033],[77.110623322000038,28.421837493000044],[77.11052750500005,28.421692895000032],[77.110400596000034,28.421498576000037],[77.11039714900005,28.421493351000034],[77.11035369800004,28.421435232000078],[77.110303715000043,28.421381372000031],[77.11028235200007,28.421361455000064],[77.110169627000076,28.421260543000066],[77.110135010000079,28.421231428000052],[77.110073623000062,28.42118774600004],[77.110010194000054,28.421151265000049],[77.109828763000053,28.421057864000026],[77.109757209000065,28.421025510000028],[77.109729256000037,28.421015049000051],[77.109438257000079,28.420912127000062],[77.10939320600005,28.420897623000037],[77.10888452100005,28.420749630000046],[77.108529728000065,28.420558844000023],[77.10796990700004,28.420207257000083],[77.106900437000036,28.419533696000027],[77.106413058000044,28.41922807100007],[77.10635271700005,28.419193870000075],[77.106331196000042,28.419183297000082],[77.106023156000049,28.419037657000054],[77.105974481000032,28.419016567000028],[77.105906422000032,28.418993056000026],[77.105423699000085,28.418849375000047],[77.10523545500007,28.418793342000068],[77.105229022000074,28.418791456000058],[77.103814908000047,28.418384673000048],[77.102433909000069,28.41797051300005],[77.102426826000055,28.417968423000051],[77.102413123000076,28.417964571000024],[77.101519041000074,28.417721355000022]]]},"properties":{"FID":50,"OBJECTID":51,"Id":0,"Area":1676818.3238599999,"Name":"58","Density":"250","Code":100,"val":"100/250","Text_":"100/250","ClassText":"100 Residential (Group Housing/Plotted)","Class":100,"CodeText":" ","Shape_Leng":0.055637611306,"Shape_Area":0.00015437997020799999}},{"type":"Feature","id":51,"geometry":{"type":"Polygon","coordinates":[[[77.070719801000052,28.477687401000018],[77.069498177000071,28.476639350000021],[77.069458911000083,28.476606953000044],[77.058804925000061,28.468152625000069],[77.058991865000053,28.468076534000026],[77.059015192000061,28.46806594700006],[77.059245303000068,28.467950251000044],[77.059255227000037,28.467945041000046],[77.059407608000086,28.467861559000028],[77.05941811100007,28.467855538000038],[77.059446507000075,28.467836292000062],[77.060043588000042,28.46738024800003],[77.061541967000039,28.46622126800003],[77.063493279000056,28.464735451000024],[77.065282739000054,28.463356436000026],[77.066909065000061,28.462102164000051],[77.068583055000019,28.460811498000055],[77.07029685200007,28.459494064000069],[77.071246934000044,28.458765872000082],[77.071259081000051,28.458756038000047],[77.071608633000039,28.458453384000045],[77.071639184000048,28.458422593000023],[77.071655983000085,28.45840066800001],[77.071685295000066,28.458358064000045],[77.071781928000064,28.458372394000037],[77.072203221000052,28.458506797000037],[77.07366923000005,28.459057683000019],[77.073683435000078,28.459062613000064],[77.073813771000061,28.459104559000021],[77.073774278000016,28.460725538000077],[77.073630501000082,28.462129483000069],[77.072795467000049,28.467981627000036],[77.072262987000045,28.471657664000073],[77.071767792000045,28.475021975000057],[77.071331006000023,28.477830096000034],[77.070719801000052,28.477687401000018]]]},"properties":{"FID":51,"OBJECTID":52,"Id":0,"Area":1596366.3372200001,"Name":"29","Density":" ","Code":200,"val":" ","Text_":"200","ClassText":"200 Commercial","Class":200,"CodeText":" ","Shape_Leng":0.053248721715099999,"Shape_Area":0.00014704694263400001}},{"type":"Feature","id":52,"geometry":{"type":"Polygon","coordinates":[[[77.065841492000061,28.452246792000036],[77.067898680000027,28.454443922000053],[77.071158924000031,28.45808117200005],[77.071152534000078,28.458090458000068],[77.070838585000047,28.458362300000029],[77.069895174000052,28.45908537300004],[77.068180692000055,28.460403333000045],[77.066506322000066,28.461694286000061],[77.064880041000038,28.462948516000026],[77.063913956000064,28.463693022000019],[77.063815093000088,28.463769208000024],[77.05952467600008,28.459358919000071],[77.059522234000042,28.459356480000046],[77.058554146000063,28.458413332000084],[77.058074174000069,28.457863634000024],[77.057198337000045,28.45686914800006],[77.057192010000051,28.456862435000055],[77.056105638000062,28.455803838000058],[77.056124518000047,28.455789222000071],[77.05663112600007,28.455406442000019],[77.056643973000064,28.455397390000027],[77.056645225000068,28.455396550000039],[77.056651804000069,28.455392122000031],[77.05767873700006,28.454704550000024],[77.057685259000039,28.454699929000064],[77.058741905000034,28.453908365000068],[77.060038485000064,28.45295319500007],[77.060041064000075,28.452951250000059],[77.061397262000071,28.451902580000009],[77.063230637000061,28.450550890000034],[77.063799575000075,28.450134522000045],[77.065841492000061,28.452246792000036]]]},"properties":{"FID":52,"OBJECTID":53,"Id":0,"Area":1119515.03097,"Name":"41","Density":"250","Code":100,"val":"100/250","Text_":"100/250","ClassText":"100 Residential (Group Housing/Plotted)","Class":100,"CodeText":" ","Shape_Leng":0.040770343721000003,"Shape_Area":0.00010311390547}},{"type":"Feature","id":53,"geometry":{"type":"Polygon","coordinates":[[[77.042937000000038,28.451071413000072],[77.043554508000071,28.450502509000042],[77.043558198000071,28.450498988000046],[77.044659972000034,28.449409030000023],[77.045880258000082,28.448247014000064],[77.046739828000057,28.447395576000073],[77.04768206600005,28.446563168000061],[77.048652123000053,28.44732210300003],[77.048778480000053,28.447419659000047],[77.048793179000029,28.44743193100004],[77.048797937000074,28.447435790000036],[77.04997744800005,28.448356371000035],[77.050819835000084,28.449301467000051],[77.05224468800003,28.450863784000024],[77.053484389000062,28.452206863000072],[77.054336903000049,28.453108779000036],[77.055348417000062,28.454188470000076],[77.055736635000073,28.454613292000026],[77.056338772000061,28.455272187000045],[77.055924178000055,28.455584497000068],[77.055786879000038,28.455690780000047],[77.055230551000079,28.456121447000044],[77.054980743000044,28.456263606000057],[77.054715741000052,28.456376592000019],[77.054367145000072,28.456497586000065],[77.054071920000069,28.456576977000047],[77.053751052000052,28.456663270000018],[77.053553859000047,28.456719048000028],[77.053545720000045,28.456721575000074],[77.053537472000073,28.456724617000074],[77.05328279600009,28.456826349000032],[77.053267047000077,28.456833640000063],[77.053255053000044,28.456840704000051],[77.053058066000062,28.456968928000038],[77.052601603000085,28.457211393000023],[77.052580070000033,28.457225215000044],[77.052577326000048,28.45722737200003],[77.052066422000053,28.457638980000063],[77.051069908000045,28.458373336000072],[77.050393259000046,28.458876281000066],[77.04295952700005,28.451094889000043],[77.042937000000038,28.451071413000072]]]},"properties":{"FID":53,"OBJECTID":54,"Id":0,"Area":852423.43469499995,"Name":"31","Density":"250","Code":100,"val":"100/250","Text_":"100/250","ClassText":"100 Residential (Group Housing/Plotted)","Class":100,"CodeText":" ","Shape_Leng":0.0366750070018,"Shape_Area":7.8510359852999997e-05}},{"type":"Feature","id":54,"geometry":{"type":"Polygon","coordinates":[[[77.049530618000063,28.446879861000081],[77.049504958000057,28.44688635400006],[77.049486960000081,28.446893666000047],[77.048915600000043,28.447166642000067],[77.048854962000064,28.447119319000024],[77.047803481000074,28.44629668400006],[77.04777718800004,28.446276113000064],[77.047772107000071,28.446272308000058],[77.047762201000083,28.446266397000045],[77.047749985000053,28.446259108000049],[77.047725608000064,28.446249504000033],[77.047699713000043,28.446243787000068],[77.047673088000067,28.446242131000073],[77.047646544000031,28.446244588000052],[77.047620884000082,28.446251080000017],[77.047596888000044,28.446261413000048],[77.047575290000054,28.44627527100004],[77.047567448000052,28.446281730000059],[77.04663176400004,28.447108350000057],[77.046520007000083,28.447003578000071],[77.046383820000074,28.446844615000028],[77.046360965000076,28.44677891000002],[77.046359902000063,28.446723682000009],[77.046551658000041,28.446223311000029],[77.046623681000085,28.446043515000046],[77.046630357000069,28.446020100000048],[77.04663197900004,28.446006954000044],[77.046642493000036,28.445851608000055],[77.046642745000042,28.445841224000031],[77.046639968000079,28.445817761000058],[77.046632623000036,28.445795082000068],[77.046620932000053,28.445773875000032],[77.046608676000062,28.445758392000076],[77.045730132000074,28.444798827000042],[77.04572780400008,28.444796345000054],[77.044605771000079,28.44362882800004],[77.043685647000075,28.442678475000029],[77.042880212000057,28.441828316000041],[77.042263481000077,28.441200508000062],[77.041647943000044,28.440540539000036],[77.043104271000075,28.439438492000072],[77.044685936000079,28.438254408000031],[77.046288660000073,28.437041312000076],[77.048117839000042,28.435669629000067],[77.049110412000061,28.434918044000028],[77.049709638000081,28.43553456700004],[77.053195165000034,28.439133635000076],[77.055858582000056,28.441875350000025],[77.05621274800005,28.442237292000073],[77.057742429000029,28.443800563000021],[77.05787764400003,28.443942685000007],[77.057493086000079,28.444263103000022],[77.056904475000053,28.444716774000025],[77.056887403000076,28.444732215000045],[77.056656506000081,28.444977508000072],[77.056642212000057,28.444995755000036],[77.056343139000035,28.44545389600006],[77.056341674000066,28.445456191000066],[77.056156108000039,28.445755559000073],[77.056001975000086,28.445931145000028],[77.055816531000062,28.446041607000037],[77.055634356000027,28.446150775000039],[77.055381620000048,28.446222191000064],[77.054927221000057,28.446332885000064],[77.054474314000061,28.446429575000025],[77.053841470000066,28.446548550000038],[77.053574430000083,28.446597800000063],[77.052987862000066,28.446507048000058],[77.052962725000043,28.446505198000057],[77.052222316000041,28.446504899000058],[77.052194429000053,28.446507365000052],[77.052168769000048,28.446513858000056],[77.052154186000053,28.446519587000068],[77.051671860000056,28.446736350000037],[77.050982413000042,28.44685592300004],[77.050166389000069,28.44686822400006],[77.049557162000056,28.446877405000055],[77.049530618000063,28.446879861000081]]]},"properties":{"FID":54,"OBJECTID":55,"Id":0,"Area":1181403.29834,"Name":"39","Density":"250","Code":100,"val":"100/250","Text_":"100/250","ClassText":"100 Residential (Group Housing/Plotted)","Class":100,"CodeText":" ","Shape_Leng":0.043646776467700002,"Shape_Area":0.000108800645133}},{"type":"Feature","id":55,"geometry":{"type":"Polygon","coordinates":[[[77.036607169000035,28.445008526000038],[77.036910313000064,28.444415979000038],[77.037168368000053,28.443980037000067],[77.037543852000056,28.443620568000032],[77.038308269000083,28.443039447000032],[77.039333531000082,28.442286512000063],[77.040364734000036,28.44150887700005],[77.041415134000033,28.440716438000031],[77.04202844200006,28.441374016000047],[77.042030974000056,28.44137665900006],[77.042647197000065,28.442003940000053],[77.043451918000088,28.442853355000075],[77.044372740000085,28.443804436000057],[77.045493226000076,28.444970345000055],[77.046333257000072,28.445887850000066],[77.046327581000057,28.445971714000031],[77.04626226300006,28.446134785000019],[77.046061327000075,28.446659089000029],[77.046055128000035,28.44668127800001],[77.046053254000057,28.446704810000035],[77.046055138000042,28.446802669000071],[77.046057917000041,28.446826130000037],[77.046061877000056,28.446840133000016],[77.04609905000008,28.44694701000002],[77.046102438000048,28.446955688000063],[77.046114126000077,28.44697689500002],[77.046123338000029,28.446988939000054],[77.046280850000088,28.447172795000021],[77.046287319000029,28.447179841000032],[77.046291509000071,28.44718393200003],[77.04642074800006,28.447305095000043],[77.045653770000058,28.448064831000075],[77.044433569000049,28.449226765000045],[77.04333164000009,28.450316852000068],[77.042737862000081,28.450863891000044],[77.040093246000083,28.448107806000056],[77.03883791100003,28.446766379000046],[77.03882414800006,28.446751903000045],[77.038782879000053,28.446711065000038],[77.037717754000084,28.445703623000032],[77.037687459000054,28.445675866000038],[77.037610166000036,28.44561231300003],[77.037527596000075,28.445554174000044],[77.037518908000038,28.445548571000074],[77.036901302000047,28.445153436000048],[77.036822627000049,28.445106660000054],[77.036730983000041,28.445060344000073],[77.036665338000034,28.44503198600005],[77.036607169000035,28.445008526000038]]]},"properties":{"FID":55,"OBJECTID":56,"Id":0,"Area":558682.03774000006,"Name":"32","Density":" ","Code":100,"val":"610/620/630","Text_":"610,620,630","ClassText":"600 Public and Semi Public Use","Class":100,"CodeText":" ","Shape_Leng":0.028906094764299999,"Shape_Area":5.1453599398099999e-05}},{"type":"Feature","id":56,"geometry":{"type":"Polygon","coordinates":[[[77.038178120000055,28.438281345000068],[77.036411853000061,28.439025952000062],[77.03506126700006,28.439166068000077],[77.035153176000051,28.438588897000045],[77.035471742000084,28.437037916000065],[77.035706412000081,28.436164030000032],[77.036225387000059,28.434591253000058],[77.036233726000034,28.434563214000036],[77.036369750000063,28.434050255000052],[77.036371708000033,28.434042622000039],[77.036380395000037,28.433999213000039],[77.03647907900006,28.433353675000038],[77.036629713000082,28.432315142000043],[77.036808602000065,28.431481048000006],[77.037213675000018,28.430087285000067],[77.037445117000061,28.429312572000079],[77.037447333000046,28.429304934000069],[77.037519488000044,28.429048326000036],[77.040254670000081,28.429679117000028],[77.043238667000082,28.430357768000064],[77.044990659000064,28.430760012000057],[77.045204535000039,28.43087506500008],[77.04548168000008,28.431141155000038],[77.047570520000079,28.433333635000043],[77.048910873000082,28.434712739000066],[77.047919188000023,28.435463648000052],[77.046090030000073,28.436835315000053],[77.044487399000047,28.438048340000027],[77.042905743000063,28.439232415000049],[77.042318636000061,28.439676701000042],[77.039954903000066,28.437185121000017],[77.039273309000066,28.437699578000036],[77.038178120000055,28.438281345000068]]]},"properties":{"FID":56,"OBJECTID":57,"Id":0,"Area":969901.87582199997,"Name":"38","Density":"250","Code":100,"val":"100/250","Text_":"100/250","ClassText":"100 Residential (Group Housing/Plotted)","Class":100,"CodeText":" ","Shape_Leng":0.040729441235800003,"Shape_Area":8.9316963536600005e-05}},{"type":"Feature","id":57,"geometry":{"type":"Polygon","coordinates":[[[77.080395558000077,28.446284319000029],[77.079342101000066,28.447095795000049],[77.078417948000038,28.446595696000024],[77.077422216000059,28.446033844000041],[77.07741407900005,28.446029560000042],[77.077403761000085,28.446024944000044],[77.076910930000039,28.445824760000054],[77.076896867000073,28.44581977700005],[77.076870971000062,28.445814066000018],[77.076842752000061,28.445812455000066],[77.076452441000086,28.445825591000066],[77.076428959000054,28.445827996000034],[77.076006331000031,28.445901179000025],[77.07502525700005,28.444892878000061],[77.073809194000034,28.44364086000008],[77.072235773000045,28.442046165000075],[77.071224667000081,28.44100679000007],[77.069978129000049,28.439719216000064],[77.068430320000061,28.438163153000048],[77.068012631000045,28.437671990000073],[77.067476446000057,28.436989948000072],[77.068144667000055,28.436418051000025],[77.069065429000034,28.435679895000085],[77.070404661000055,28.434614818000053],[77.072410197000067,28.433078548000026],[77.072413784000034,28.433075708000043],[77.073779233000039,28.431959882000061],[77.075360985000032,28.430713825000051],[77.075447557000075,28.430684861000039],[77.07584408200006,28.430639020000061],[77.077273631000082,28.430509870000037],[77.078382942000076,28.430399702000045],[77.079474847000043,28.430282717000072],[77.080395146000058,28.430187359000048],[77.081320475000041,28.430075215000041],[77.082560779000062,28.429929899000051],[77.083820738000028,28.429805695000017],[77.08382421400006,28.429805316000046],[77.084468109000056,28.429728615000048],[77.08482555800002,28.429686419000056],[77.085109322000051,28.429700294000039],[77.085585356000081,28.429719134000035],[77.086049990000049,28.429754683000056],[77.088250588000051,28.429926377000076],[77.089343143000079,28.429991000000026],[77.089783470000043,28.430010646000031],[77.090298565000083,28.430026692000077],[77.090980701000049,28.430044246000008],[77.091006659000072,28.430049639000053],[77.091021474000044,28.430611839000044],[77.090812092000078,28.432138786000053],[77.090634998000041,28.433169542000027],[77.090451522000066,28.434237435000046],[77.090204026000052,28.435760706000053],[77.089981415000068,28.436803968000053],[77.089552938000054,28.437957678000036],[77.089031182000056,28.438699373000066],[77.087986521000062,28.43982386600004],[77.08670105200008,28.440803358000036],[77.085669882000047,28.441564978000031],[77.084804728000037,28.442180241000074],[77.084785417000035,28.442195195000064],[77.084779257000037,28.442200533000072],[77.083880902000033,28.443001202000051],[77.083875633000048,28.443006013000048],[77.083241169000075,28.443600179000036],[77.083235323000054,28.443605814000012],[77.082265621000033,28.444566886000068],[77.081112158000039,28.445684032000038],[77.080395558000077,28.446284319000029]]]},"properties":{"FID":57,"OBJECTID":58,"Id":0,"Area":2799740.9597999998,"Name":"52","Density":"250","Code":100,"val":"100/250","Text_":"100/250","ClassText":"100 Residential (Group Housing/Plotted)","Class":100,"CodeText":" ","Shape_Leng":0.063626876180699996,"Shape_Area":0.000257821242309}},{"type":"Feature","id":58,"geometry":{"type":"Polygon","coordinates":[[[77.067762801000086,28.437828515000032],[77.067766146000054,28.437832604000043],[77.068189076000067,28.438329932000045],[77.068196181000076,28.438337675000064],[77.069746836000036,28.439896597000033],[77.070992241000056,28.441183011000071],[77.072004337000067,28.442223404000057],[77.073577691000082,28.443818032000024],[77.074792990000049,28.445069270000026],[77.075753148000047,28.446056077000033],[77.075367884000059,28.446523372000058],[77.075090077000084,28.446863606000075],[77.074635860000058,28.447312663000037],[77.074310919000084,28.447614703000053],[77.074107233000063,28.447770835000025],[77.073490576000054,28.448186115000066],[77.072791514000073,28.448604834000037],[77.072248416000036,28.448877708000044],[77.071554326000069,28.449163375000065],[77.070791754000084,28.449419301000027],[77.070785468000054,28.449421563000048],[77.07004543000005,28.449704998000069],[77.070037380000031,28.449708330000067],[77.069649061000064,28.449881361000052],[77.069639162000044,28.449886185000022],[77.069627086000082,28.449893303000067],[77.069210965000067,28.450164643000054],[77.069200773000034,28.450171906000019],[77.068634816000042,28.450616835000059],[77.067152117000035,28.451725413000077],[77.066568913000083,28.45217462100004],[77.066310347000069,28.451898462000027],[77.064241604000074,28.449758427000059],[77.062422084000048,28.447864990000021],[77.060318876000053,28.445667473000071],[77.058530615000052,28.443787932000088],[77.059244232000083,28.443247446000022],[77.060951165000063,28.441963107000056],[77.06095317900008,28.441961552000052],[77.06262952000003,28.440641614000054],[77.064310470000066,28.439426543000014],[77.064315118000096,28.439423035000065],[77.065646661000073,28.438357895000024],[77.067246409000049,28.437171648000049],[77.067762801000086,28.437828515000032]]]},"properties":{"FID":58,"OBJECTID":59,"Id":0,"Area":1422357.67671,"Name":"45","Density":"250","Code":100,"val":"100/250","Text_":"100/250","ClassText":"100 Residential (Group Housing/Plotted)","Class":100,"CodeText":" ","Shape_Leng":0.046046945387900003,"Shape_Area":0.00013099238236900001}},{"type":"Feature","id":59,"geometry":{"type":"Polygon","coordinates":[[[77.077266310000084,28.446266990000026],[77.07825559500003,28.446825190000016],[77.079127147000065,28.447296836000078],[77.078454280000088,28.447972961000051],[77.078439344000046,28.447989194000044],[77.078426336000064,28.448005756000036],[77.077705086000037,28.44900117100007],[77.075875022000048,28.451564665000028],[77.074097026000061,28.454053895000065],[77.074084178000078,28.454073683000043],[77.074064661000094,28.454114924000059],[77.074053094000064,28.454158441000054],[77.07405036800003,28.45418106000005],[77.073965221000023,28.455354602000057],[77.073964747000048,28.455363332000047],[77.073915774000056,28.456726306000064],[77.073835323000083,28.458531869000058],[77.07243423900006,28.458005379000046],[77.072419218000064,28.458000186000049],[77.071963882000034,28.457854924000063],[77.071929946000054,28.457846019000026],[77.071910569000067,28.457842575000015],[77.071698273000038,28.457811094000078],[77.068375963000051,28.454104630000078],[77.068372675000035,28.454101052000052],[77.066764220000039,28.452383215000044],[77.067351852000058,28.451930591000057],[77.068834062000064,28.450822389000049],[77.068836265000073,28.450820707000037],[77.069398413000044,28.450378771000032],[77.069798486000082,28.450117896000055],[77.070171278000032,28.449951783000078],[77.070904004000056,28.449671149000025],[77.071668503000069,28.449414576000041],[77.071678543000075,28.449410823000044],[77.072383327000068,28.449120754000045],[77.072394361000079,28.449115722000045],[77.072948101000065,28.448837501000074],[77.072951262000061,28.44883586800006],[77.072958329000073,28.448831881000054],[77.073665899000048,28.448408065000031],[77.073672797000029,28.448403681000045],[77.074296693000065,28.447983526000019],[77.07430421600003,28.447978119000027],[77.074517185000047,28.447814870000066],[77.074527771000078,28.447805928000029],[77.074859409000055,28.447497663000032],[77.074862597000049,28.447494606000067],[77.075323711000081,28.447038730000024],[77.07532853500004,28.447033721000025],[77.07533372100005,28.447027729000066],[77.075615795000033,28.446682268000071],[77.076036712000089,28.446171727000042],[77.076476015000097,28.446095656000068],[77.07681628000006,28.446084192000058],[77.077266310000084,28.446266990000026]]]},"properties":{"FID":59,"OBJECTID":60,"Id":0,"Area":676975.36748100002,"Name":"44","Density":" ","Code":600,"val":"610/620/630","Text_":"610,620,630","ClassText":"600 Public and Semi Public Use","Class":600,"CodeText":" ","Shape_Leng":0.037231326594800003,"Shape_Area":6.2349883754700004e-05}},{"type":"Feature","id":60,"geometry":{"type":"Polygon","coordinates":[[[77.093539968000059,28.478638031000056],[77.093538466000055,28.478638875000051],[77.093531350000021,28.478642961000027],[77.093496325000046,28.478665663000069],[77.092098003000046,28.479665085000079],[77.092087424000042,28.479672881000045],[77.09082393900006,28.480632678000052],[77.090778982000074,28.480672268000021],[77.090741785000048,28.480715412000045],[77.090730153000024,28.480733477000058],[77.090124050000043,28.48062916300006],[77.089305227000082,28.480496500000065],[77.089301571000078,28.480495947000062],[77.089274937000098,28.480494300000021],[77.088760268000044,28.480502210000051],[77.088754962000053,28.480502373000029],[77.087743251000063,28.480548946000052],[77.087063288000081,28.480510442000021],[77.086084241000052,28.480387115000028],[77.083980457000067,28.480083555000082],[77.079589688000056,28.479400334000051],[77.074410202000081,28.478488067000047],[77.072984112000029,28.478228240000075],[77.071917660000054,28.478034188000038],[77.072375024000053,28.475093699000066],[77.072870541000043,28.471727099000063],[77.073388653000052,28.468150121000065],[77.074251240000081,28.468147291000026],[77.076415723000082,28.46815722500002],[77.077157645000057,28.468153339000015],[77.078384527000068,28.468146898000029],[77.082281758000079,28.468141378000045],[77.084246929000074,28.468135288000042],[77.086762555000064,28.468161145000067],[77.087705089000053,28.468161862000052],[77.089578429000085,28.468163273000073],[77.092503216000068,28.468173179000079],[77.094008819000081,28.468198839000017],[77.094041649000076,28.46847338100001],[77.093759615000067,28.469945262000071],[77.093758663000074,28.469950557000036],[77.093755515000055,28.469980715000073],[77.093717293000054,28.470919567000056],[77.093717133000041,28.470924995000068],[77.093692802000078,28.472277653000045],[77.093640004000065,28.473997317000045],[77.093614328000058,28.475439138000073],[77.093592855000054,28.476812753000033],[77.093539968000059,28.478638031000056]]]},"properties":{"FID":60,"OBJECTID":61,"Id":0,"Area":2620434.7270800001,"Name":"28","Density":"250","Code":100,"val":"100/250","Text_":"100/250","ClassText":"100 Residential (Group Housing/Plotted)","Class":100,"CodeText":" ","Shape_Leng":0.063630869436300003,"Shape_Area":0.00024139097954100001}},{"type":"Feature","id":61,"geometry":{"type":"Polygon","coordinates":[[[77.089987867000048,28.444628482000038],[77.08701972800003,28.446067947000074],[77.083194242000047,28.448407710000026],[77.082234339000081,28.448081689000055],[77.081287241000055,28.447771146000029],[77.080299695000065,28.447449386000066],[77.079956864000053,28.447340309000023],[77.080802829000049,28.446688658000028],[77.080812282000068,28.446681063000025],[77.081541840000057,28.446069917000035],[77.081557071000077,28.446056180000021],[77.08272039700006,28.444929464000026],[77.083689533000054,28.443968961000056],[77.08431844100005,28.443379996000026],[77.08520202000004,28.442592493000053],[77.086058223000066,28.441983564000054],[77.08709738400006,28.441216046000079],[77.088406374000044,28.440218651000063],[77.088417708000065,28.440209568000043],[77.088443086000041,28.440185414000034],[77.089517253000054,28.439029152000032],[77.089525476000063,28.439019898000037],[77.089540641000042,28.43900031000004],[77.090092434000042,28.438215912000036],[77.090104189000044,28.438197657000039],[77.09012333000004,28.438157412000074],[77.090569711000057,28.436955467000075],[77.090579497000078,28.436921712000064],[77.090807062000067,28.435855201000034],[77.090809139000044,28.435844226000029],[77.09105732300003,28.434316654000046],[77.091240443000075,28.433250821000055],[77.091418289000046,28.432215648000071],[77.091419474000077,28.432207948000045],[77.091632051000033,28.430657611000065],[77.091634213000077,28.43061953900007],[77.091623843000036,28.430226033000064],[77.091811008000036,28.430290081000052],[77.092918868000083,28.430667025000041],[77.092925049000016,28.430668991000058],[77.094199901000081,28.431039124000055],[77.095370440000082,28.431391326000025],[77.094458488000043,28.43414250700005],[77.094137636000085,28.435843487000056],[77.093909545000017,28.436549861000064],[77.093621437000081,28.438158660000049],[77.093325500000049,28.439370308000033],[77.093205968000063,28.439884015000068],[77.092095009000047,28.44140615000002],[77.090973873000053,28.442852035000037],[77.090105405000031,28.444400987000051],[77.089987867000048,28.444628482000038]]]},"properties":{"FID":61,"OBJECTID":62,"Id":0,"Area":842774.36578700005,"Name":"52 A","Density":" ","Code":700,"val":" ","Text_":"700","ClassText":"700 Open Spaces","Class":700,"CodeText":" ","Shape_Leng":0.0515056703193,"Shape_Area":7.7610556059199998e-05}},{"type":"Feature","id":62,"geometry":{"type":"Polygon","coordinates":[[[77.097610088000053,28.449659488000059],[77.097348770000053,28.449751321000058],[77.097058609000044,28.449852034000052],[77.096802750000052,28.44992419600003],[77.09631279000007,28.450011613000061],[77.095869084000057,28.45009194600004],[77.095421367000014,28.450154861000041],[77.095218312000043,28.450166863000046],[77.094883390000064,28.450153536000069],[77.094464810000034,28.450124457000065],[77.094062843000074,28.450092557000051],[77.093310143000053,28.450030088000059],[77.092481838000083,28.449969253000063],[77.091921314000061,28.449890415000031],[77.091903863000084,28.449888865000037],[77.09064943900006,28.449841298000017],[77.089371176000043,28.44979411100007],[77.088171269000043,28.449743327000078],[77.08816298000005,28.449743176000027],[77.087903690000076,28.449744619000054],[77.087430163000079,28.449747256000023],[77.087426254000036,28.449747340000027],[77.087020214000063,28.449760759000078],[77.086808647000041,28.449770452000042],[77.08671650000008,28.44974844900003],[77.086453381000069,28.449663259000037],[77.085695443000077,28.44936155400006],[77.084807299000019,28.449016741000033],[77.083506111000077,28.448513780000042],[77.083499680000031,28.44851144700004],[77.083194242000047,28.448407710000026],[77.08701972800003,28.446067947000074],[77.089987867000048,28.444628482000038],[77.090105405000031,28.444400987000051],[77.090973873000053,28.442852035000037],[77.092095009000047,28.44140615000002],[77.093205968000063,28.439884015000068],[77.093325500000049,28.439370308000033],[77.093621437000081,28.438158660000049],[77.093909545000017,28.436549861000064],[77.094137636000085,28.435843487000056],[77.094458488000043,28.43414250700005],[77.095370440000082,28.431391326000025],[77.095758548000049,28.431508101000073],[77.095764154000051,28.431509681000026],[77.096098089000066,28.431597647000029],[77.096117855000045,28.431601617000073],[77.096125072000063,28.431602473000055],[77.096379436000078,28.431627204000048],[77.096392261000076,28.431627971000072],[77.096643946000029,28.431633658000052],[77.097144171000082,28.431642674000049],[77.097150228000032,28.431642678000053],[77.09946893800003,28.431599763000069],[77.102390571000058,28.431573750000034],[77.104993283000042,28.431531129000064],[77.10502038900006,28.431530791000064],[77.103369740000062,28.437262483000037],[77.099229310000055,28.449364315000025],[77.098904231000063,28.449306442000072],[77.098897949000047,28.449305443000085],[77.098871322000036,28.449303797000034],[77.09886169300006,28.449304214000055],[77.098562272000038,28.449325546000061],[77.098545359000084,28.449327596000042],[77.098518640000066,28.44933446600005],[77.098292616000037,28.449414578000074],[77.097926692000044,28.449542352000048],[77.097610088000053,28.449659488000059]]]},"properties":{"FID":62,"OBJECTID":63,"Id":0,"Area":2180413.9486199999,"Name":"53","Density":"250","Code":100,"val":"100/250","Text_":"100/250","ClassText":"100 Residential (Group Housing/Plotted)","Class":100,"CodeText":" ","Shape_Leng":0.067173231927400004,"Shape_Area":0.000200793040609}},{"type":"Feature","id":63,"geometry":{"type":"Polygon","coordinates":[[[77.097964463000039,28.452684974000078],[77.097958081000058,28.452704414000046],[77.095736348000059,28.460568447000071],[77.095012082000039,28.463046934000026],[77.093167412000071,28.462767975000077],[77.090458151000064,28.462318061000076],[77.09045474800007,28.462317531000053],[77.089497296000047,28.462178203000068],[77.086369150000053,28.461451927000038],[77.082778869000038,28.460637906000045],[77.080596619000062,28.460134062000058],[77.078721177000034,28.459716171000021],[77.076672763000033,28.459255716000023],[77.074867829000084,28.458847345000038],[77.074853832000031,28.458844786000039],[77.07484498000008,28.458843778000062],[77.07443601600005,28.45880788900007],[77.074527917000069,28.456745526000073],[77.07457680000006,28.455384918000053],[77.074656635000053,28.454284532000024],[77.076392993000056,28.45185357300004],[77.078221925000037,28.449291642000034],[77.078929556000048,28.448315021000035],[77.079695917000024,28.447544947000036],[77.080194869000081,28.447703698000041],[77.081181022000067,28.448025006000016],[77.082126154000036,28.448334899000017],[77.083386584000053,28.448762993000063],[77.084684361000015,28.449264635000073],[77.085570977000032,28.449608853000022],[77.086332649000042,28.449912048000034],[77.086342860000059,28.449915727000075],[77.086618839000053,28.450005066000077],[77.086630169000045,28.45000819900002],[77.086752300000057,28.450037363000042],[77.08676827000005,28.450040379000026],[77.086794896000058,28.450042027000045],[77.08680017000006,28.450041865000056],[77.087033866000084,28.450031151000058],[77.087435314000061,28.450017890000012],[77.08816076100004,28.450013854000076],[77.089357462000066,28.450064499000057],[77.090636485000061,28.450111716000023],[77.09188193600005,28.450158943000073],[77.092439427000045,28.450237354000016],[77.09245075900003,28.450238563000021],[77.093283147000079,28.450299694000019],[77.094034832000048,28.450362083000066],[77.094439116000046,28.450394164000038],[77.094861945000048,28.450423540000024],[77.094867056000055,28.450423820000015],[77.095213095000062,28.450437589000046],[77.095222650000039,28.450437706000059],[77.095230198000081,28.450437425000075],[77.09544874900007,28.450424508000022],[77.095462576000045,28.45042313100004],[77.095920528000079,28.450358776000026],[77.09592645500004,28.450357836000016],[77.096373818000075,28.450276845000083],[77.096871590000035,28.450188034000057],[77.096887840000079,28.450184305000054],[77.09715647400003,28.450108540000024],[77.097165346000054,28.450105768000071],[77.097461318000057,28.450003039000023],[77.097725800000035,28.44991008300007],[77.098042087000067,28.44979306100003],[77.098405873000047,28.449666047000051],[77.098610023000049,28.44959368200006],[77.098864852000077,28.449575527000032],[77.09913431800004,28.449623499000044],[77.097964463000039,28.452684974000078]]]},"properties":{"FID":63,"OBJECTID":64,"Id":0,"Area":2753303.3031199998,"Name":"43","Density":"250","Code":100,"val":"100/250","Text_":"100/250","ClassText":"100 Residential (Group Housing/Plotted)","Class":100,"CodeText":" ","Shape_Leng":0.068039391557899995,"Shape_Area":0.00025358582481299998}},{"type":"Feature","id":64,"geometry":{"type":"Polygon","coordinates":[[[77.094018512000048,28.467928295000043],[77.092506755000045,28.467902535000068],[77.089579146000062,28.467892612000064],[77.087705351000068,28.467891201000029],[77.086764465000044,28.467890489000066],[77.084248174000038,28.467864627000033],[77.08228097500006,28.467870716000043],[77.078383372000076,28.467876238000038],[77.07715582500002,28.467882681000031],[77.076415610000069,28.467886563000032],[77.074251467000067,28.467876627000066],[77.073427505000041,28.467879334000042],[77.074238919000038,28.462192496000061],[77.07424007700007,28.462183032000034],[77.074385286000052,28.460765056000071],[77.074386460000099,28.460746483000033],[77.074427052000033,28.459079096000039],[77.074803138000064,28.459112100000034],[77.076597033000041,28.459517974000047],[77.078645987000058,28.459978550000063],[77.080520469000078,28.460396224000078],[77.082702102000042,28.46089992800006],[77.086292181000047,28.461713902000042],[77.089426418000073,28.462441593000051],[77.089440447000072,28.462444236000064],[77.090403280000032,28.462584347000067],[77.093113298000048,28.463034378000028],[77.094955866000078,28.463313022000079],[77.094018512000048,28.467928295000043]]]},"properties":{"FID":64,"OBJECTID":65,"Id":0,"Area":1482032.71936,"Name":"27","Density":"250","Code":100,"val":"100/250","Text_":"100/250","ClassText":"100 Residential (Group Housing/Plotted)","Class":100,"CodeText":" ","Shape_Leng":0.055139823292399998,"Shape_Area":0.00013651096044300001}},{"type":"Feature","id":65,"geometry":{"type":"Polygon","coordinates":[[[77.010988157000043,28.488309249000054],[77.010867075000078,28.488450183000058],[77.008616790000076,28.485789224000026],[77.00858407200009,28.485750097000047],[77.008401197000055,28.485531390000055],[77.000282639000019,28.475820922000025],[77.000501009000061,28.475882707000039],[77.002090364000082,28.476449696000032],[77.002107564000084,28.476456339000048],[77.002114866000056,28.476459048000031],[77.014342307000049,28.480825999000039],[77.014201634000059,28.481114470000016],[77.014199577000056,28.481118901000052],[77.013396730000082,28.482939931000036],[77.012546101000055,28.48481697600004],[77.012488345000051,28.484946799000053],[77.012367725000047,28.485217928000047],[77.011812494000083,28.486465946000063],[77.010988157000043,28.488309249000054]]]},"properties":{"FID":65,"OBJECTID":66,"Id":0,"Area":680827.42703300004,"Name":"3 A","Density":" ","Code":300,"val":" ","Text_":"300","ClassText":"300 Industrial","Class":300,"CodeText":" ","Shape_Leng":0.039789259926700002,"Shape_Area":6.2725878954600001e-05}},{"type":"Feature","id":66,"geometry":{"type":"Polygon","coordinates":[[[77.033857525000045,28.515483203000031],[77.040434149000077,28.510809578000064],[77.04161388600005,28.510345622000045],[77.041774858000068,28.510291491000025],[77.042502766000041,28.51128252300003],[77.042510176000064,28.511291741000029],[77.044722272000058,28.513813999000032],[77.044963334000045,28.514256726000045],[77.045394188000046,28.515388100000049],[77.045900317000061,28.51672529100005],[77.046048677000044,28.516690428000054],[77.046104157000073,28.516816521000059],[77.046377143000029,28.517403815000019],[77.047619068000074,28.520068365000043],[77.04785516000004,28.520255803000058],[77.048154766000039,28.520652376000051],[77.048410082000032,28.521001882000071],[77.046794791000082,28.521952929000065],[77.046409818000029,28.522179588000018],[77.043681740000068,28.523785724000042],[77.043649335000055,28.52490831900008],[77.042414050000033,28.525577386000066],[77.042389862000064,28.525548372000053],[77.033867066000084,28.515494449000077],[77.033857525000045,28.515483203000031]]]},"properties":{"FID":66,"OBJECTID":67,"Id":0,"Area":1212799.5400400001,"Name":"1","Density":"375","Code":100,"val":"100/375","Text_":"100/375","ClassText":"100 Residential (Group Housing/Plotted)","Class":100,"CodeText":" ","Shape_Leng":0.043603031213900002,"Shape_Area":0.000111770093909}},{"type":"Feature","id":67,"geometry":{"type":"Polygon","coordinates":[[[77.048865636000073,28.507549333000039],[77.045451747000072,28.50873245400004],[77.042522944000041,28.509750309000033],[77.041875899000047,28.509967897000035],[77.041397195000059,28.509530903000037],[77.040483659000074,28.508462560000041],[77.038612689000047,28.506279262000078],[77.037150964000034,28.504546773000069],[77.037905128000048,28.50388785600007],[77.041263517000075,28.503803058000067],[77.041552813000067,28.504004988000066],[77.047172690000068,28.503681118000038],[77.048865636000073,28.507549333000039]]]},"properties":{"FID":67,"OBJECTID":68,"Id":0,"Area":403343.66239100002,"Name":"23 A","Density":"375","Code":100,"val":"100/375","Text_":"100/375","ClassText":"100 Residential (Group Housing/Plotted)","Class":100,"CodeText":" ","Shape_Leng":0.029157638389800001,"Shape_Area":4.7498322962899999e-05}},{"type":"Feature","id":68,"geometry":{"type":"MultiPolygon","coordinates":[[[[76.987935696000079,28.456893914000034],[76.984699534000072,28.456986484000033],[76.984682216000067,28.456987172000026],[76.982971041000042,28.457074208000051],[76.982961977000073,28.457074721000023],[76.982953287000043,28.457075314000068],[76.982227563000038,28.457128870000076],[76.982162220000077,28.45713648600001],[76.982149008000079,28.457138715000045],[76.981710105000047,28.457216738000049],[76.981650718000083,28.457229745000056],[76.98158040800007,28.457251827000047],[76.981513213000085,28.457280497000056],[76.981465123000063,28.457306252000024],[76.981101680000052,28.457519262000059],[76.981086477000076,28.457528433000046],[76.981027827000048,28.457569200000023],[76.981014963000078,28.457579439000021],[76.980889891000047,28.457681536000052],[76.980849437000074,28.457717430000056],[76.980802074000053,28.457768385000065],[76.98076470500007,28.457818316000036],[76.98061750800008,28.458037726000036],[76.980614025000079,28.458042978000034],[76.980580166000038,28.458101742000032],[76.980574601000058,28.458113158000064],[76.980455034000045,28.458365589000035],[76.980434124000055,28.458415826000078],[76.980415348000065,28.458479648000029],[76.98040424800007,28.458547339000074],[76.980365611000082,28.458953841000035],[76.980363286000056,28.459014838000034],[76.980368554000037,28.459080616000058],[76.980373817000043,28.459111335000031],[76.980454217000045,28.459511270000057],[76.980457656000056,28.459527151000039],[76.980696450000039,28.460555598000031],[76.98070892700008,28.460618993000022],[76.980714926000076,28.460670817000047],[76.980716795000049,28.460722940000025],[76.98071451800007,28.46077502900004],[76.980708111000084,28.460826818000033],[76.980697595000038,28.460878132000065],[76.980683041000077,28.460928624000061],[76.980664507000029,28.460978095000023],[76.980642081000042,28.461026313000048],[76.980615879000084,28.46107302200004],[76.980586053000081,28.461117951000048],[76.980552702000068,28.461160958000033],[76.980516031000036,28.46120177400007],[76.980476195000051,28.461240225000036],[76.980433414000046,28.46127610100006],[76.98038792300008,28.46130920600007],[76.98033984500006,28.461339452000061],[76.980293317000076,28.461364568000079],[76.979578724000078,28.461681519000027],[76.97955507000006,28.461692524000043],[76.979512113000055,28.461715295000033],[76.979237440000077,28.461873173000075],[76.972382758000037,28.458076442000042],[76.976014821000021,28.451963459000083],[76.992939058000047,28.454584963000045],[76.991552634000072,28.455175907000065],[76.991541355000052,28.455180969000025],[76.990930811000055,28.455469249000021],[76.990903395000032,28.455483871000062],[76.990882409000051,28.455497622000042],[76.990698470000027,28.455629240000054],[76.990680060000045,28.455643527000056],[76.990646420000061,28.45567691400003],[76.990639056000077,28.455685950000028],[76.990533529000061,28.455821196000056],[76.990513932000056,28.455849985000032],[76.990494382000065,28.455891216000055],[76.990492407000033,28.455896796000044],[76.990395098000079,28.456182336000033],[76.990389282000095,28.456202068000035],[76.990292683000064,28.456588947000046],[76.990206229000066,28.456807893000068],[76.990153777000046,28.456808035000041],[76.987935696000079,28.456893914000034]]],[[[76.99089413400003,28.459803259000054],[76.990772433000089,28.461094450000076],[76.989742780000029,28.463325164000011],[76.989739971000077,28.463331733000071],[76.989682095000035,28.46347845900004],[76.988312486000041,28.466936112000035],[76.988006218000066,28.466740793000035],[76.987982976000069,28.466727000000045],[76.980659071000048,28.462661331000042],[76.980562809000048,28.462607887000051],[76.980937234000066,28.462441811000076],[76.980960886000048,28.462430808000082],[76.980987343000038,28.462417229000039],[76.981079019000049,28.462367740000047],[76.981117644000051,28.462345280000076],[76.98120694400005,28.462289109000043],[76.981245379000029,28.462263087000053],[76.981328306000094,28.462202737000041],[76.981344959000069,28.462190220000029],[76.981364581000037,28.462174392000062],[76.981442509000047,28.46210904500003],[76.981476323000024,28.462078631000047],[76.981548982000049,28.462008498000028],[76.981580404000056,28.461975942000027],[76.981647205000058,28.461901591000068],[76.981662917000051,28.461883413000063],[76.981675963000043,28.461867168000015],[76.981736689000059,28.461788858000023],[76.981762638000092,28.461752736000051],[76.98181792400004,28.461669442000076],[76.981840012000077,28.461633202000023],[76.981887728000061,28.461548145000048],[76.981900430000053,28.461524212000032],[76.981907697000054,28.461509164000059],[76.981948536000061,28.461421356000077],[76.981965359000085,28.461381232000054],[76.981999122000047,28.461291105000047],[76.982001503000049,28.461284625000076],[76.982012715000053,28.46125003700006],[76.982039231000044,28.461158041000044],[76.982046795000031,28.461128806000026],[76.982049528000076,28.461116223000033],[76.982068669000057,28.461022806000067],[76.982075616000031,28.46098047900005],[76.982087291000084,28.460886106000029],[76.982088468000029,28.460875772000055],[76.982090858000049,28.460843412000031],[76.98209500300004,28.46074854700003],[76.982095422000043,28.460715011000051],[76.982095171000083,28.46070577100004],[76.982091769000078,28.460610884000065],[76.982088537000038,28.460568187000028],[76.98207760400004,28.460473745000048],[76.98207582100008,28.460459902000022],[76.982070989000078,28.460431357000061],[76.982052579000083,28.460337826000057],[76.982048706000057,28.460319772000059],[76.981809643000062,28.459290211000049],[76.981746584000064,28.458976546000027],[76.981768359000057,28.458747357000043],[76.981827493000083,28.458622506000037],[76.981898972000067,28.458515960000053],[76.981909529000063,28.458507343000061],[76.982114316000036,28.45838731900006],[76.982381843000041,28.458339760000062],[76.983059106000042,28.458289781000076],[76.984752786000058,28.458203634000018],[76.987984292000093,28.458111195000058],[76.987992148000046,28.458110931000075],[76.990214115000072,28.458024900000041],[76.990232641000034,28.458023960000055],[76.990244278000034,28.458022670000041],[76.99089413400003,28.459803259000054]]]]},"properties":{"FID":68,"OBJECTID":69,"Id":0,"Area":1644379.3454799999,"Name":"9 B","Density":" ","Code":700,"val":" ","Text_":"700","ClassText":"700 Open Spaces","Class":700,"CodeText":" ","Shape_Leng":0.082189901435099993,"Shape_Area":0.000151473297947}},{"type":"Feature","id":69,"geometry":{"type":"Polygon","coordinates":[[[76.988876106000077,28.466332528000063],[76.989900093000074,28.463747380000033],[77.001234285000066,28.467690223000023],[77.001237472000071,28.467691293000016],[77.005258617000052,28.468999256000068],[77.003540997000059,28.472864362000045],[76.988876106000077,28.466332528000063]]]},"properties":{"FID":69,"OBJECTID":70,"Id":0,"Area":607651.35798199999,"Name":"9 A","Density":"375","Code":100,"val":"100/375","Text_":"100/375","ClassText":"100 Residential (Group Housing/Plotted)","Class":100,"CodeText":" ","Shape_Leng":0.039296209920199998,"Shape_Area":5.5975932606799998e-05}},{"type":"Feature","id":70,"geometry":{"type":"Polygon","coordinates":[[[77.010486118000074,28.457352558000022],[77.008248306000041,28.462367340000053],[77.005375115000049,28.468748723000033],[77.001344885000037,28.467437806000078],[76.990001253000059,28.463491680000057],[76.990027891000068,28.463424142000061],[76.991064902000062,28.461177472000021],[76.991067856000029,28.46117053200004],[76.991074337000057,28.461147647000079],[76.991075716000068,28.461137592000053],[76.991201907000061,28.459798731000038],[76.991202414000043,28.45978525400005],[76.99119964700003,28.459761792000041],[76.991195041000083,28.459745952000048],[76.990489162000074,28.457811875000051],[76.990713686000049,28.457804603000056],[76.993178195000056,28.457724753000029],[76.996172627000078,28.45766413900002],[76.99618074600005,28.457663913000022],[76.998992140000041,28.457562967000058],[77.002936305000063,28.457450075000054],[77.00559522500005,28.457387046000065],[77.008472608000034,28.457344583000065],[77.010486118000074,28.457352558000022]]]},"properties":{"FID":70,"OBJECTID":71,"Id":0,"Area":1694627.4003600001,"Name":"9","Density":"375","Code":100,"val":"100/375","Text_":"100/375","ClassText":"100 Residential (Group Housing/Plotted)","Class":100,"CodeText":" ","Shape_Leng":0.054787573463999997,"Shape_Area":0.000156100526691}},{"type":"Feature","id":71,"geometry":{"type":"Polygon","coordinates":[[[77.006658818000048,28.46953830000006],[77.006663023000044,28.469539882000046],[77.009408730000075,28.470530413000056],[77.016762393000079,28.473275037000061],[77.017682839000031,28.473608105000036],[77.017463232000068,28.474090465000071],[77.017460543000084,28.474096828000032],[77.017457622000052,28.474105172000055],[77.017302486000062,28.474604885000073],[77.016968775000066,28.475298313000057],[77.016404677000082,28.476452058000074],[77.015832334000052,28.477608662000005],[77.015830065000031,28.477613500000075],[77.015343333000018,28.478710904000021],[77.014786260000037,28.47991561200007],[77.014463558000045,28.480577359000048],[77.002362867000045,28.47625581100003],[77.005542567000077,28.469100806000025],[77.006658818000048,28.46953830000006]]]},"properties":{"FID":71,"OBJECTID":72,"Id":0,"Area":1083900.3119600001,"Name":"4","Density":"375","Code":100,"val":"100/375","Text_":"100/375","ClassText":"100 Residential (Group Housing/Plotted)","Class":100,"CodeText":" ","Shape_Leng":0.0413119143471,"Shape_Area":9.9854580790799998e-05}},{"type":"Feature","id":72,"geometry":{"type":"Polygon","coordinates":[[[77.01127161800008,28.488413145000031],[77.011275469000068,28.488405518000032],[77.011277111000084,28.488399709000078],[77.012097521000058,28.486565184000025],[77.012727747000056,28.48514770100007],[77.012735529000054,28.485131275000064],[77.012738242000054,28.485125848000056],[77.012830866000058,28.484916789000067],[77.013681662000067,28.483039359000035],[77.014484045000074,28.481219375000023],[77.014625705000071,28.480928875000071],[77.015828265000039,28.48137280600001],[77.015861935000032,28.481407772000058],[77.016985927000064,28.483037106000033],[77.018013145000054,28.484593741000033],[77.018018976000064,28.484601796000035],[77.01811469300003,28.484724144000033],[77.018125028000043,28.484735913000069],[77.018130928000076,28.484741582000009],[77.018204733000061,28.484808579000056],[77.018218025000067,28.484819305000023],[77.018234201000055,28.484829434000051],[77.018793508000044,28.485133640000068],[77.019337978000067,28.485435057000068],[77.019547067000076,28.485591757000059],[77.01958396100008,28.486467409000053],[77.019623954000053,28.487437039000039],[77.019589485000054,28.48899615900006],[77.019517430000064,28.489285006000031],[77.019515739000042,28.489292879000057],[77.019513927000062,28.48930954800004],[77.019441669000059,28.491191964000041],[77.019441602000029,28.491198826000076],[77.019442644000037,28.491212463000068],[77.019719841000025,28.493280686000048],[77.019721574000073,28.493290511000041],[77.019726791000039,28.49330796900006],[77.019966250000039,28.493936026000029],[77.020137420000083,28.494356308000075],[77.020147617000077,28.494375718000072],[77.020431740000049,28.494820342000015],[77.020433781000065,28.494823441000047],[77.020438174000049,28.494829533000033],[77.022112259000039,28.497020221000071],[77.02211472700003,28.497023354000078],[77.022673785000052,28.49771218000005],[77.022682788000054,28.497722232000047],[77.023074272000031,28.498117686000054],[77.023091450000038,28.498132510000062],[77.023854321000044,28.498694763000064],[77.023860187000082,28.498698823000037],[77.024858943000083,28.499355217000062],[77.028281789000062,28.501841176000024],[77.028285272000062,28.501843615000048],[77.028752698000062,28.502161197000074],[77.024714101000015,28.504710699000036],[77.016776469000035,28.495342669000021],[77.01129606800005,28.488956082000072],[77.011534363000052,28.488832971000082],[77.01127161800008,28.488413145000031]]]},"properties":{"FID":72,"OBJECTID":73,"Id":0,"Area":1288434.35378,"Name":"3","Density":"375","Code":100,"val":"100/375","Text_":"100/375","ClassText":"100 Residential (Group Housing/Plotted)","Class":100,"CodeText":" ","Shape_Leng":0.062081231317600002,"Shape_Area":0.00011871477411099999}},{"type":"Feature","id":73,"geometry":{"type":"MultiPolygon","coordinates":[[[[77.027030474000071,28.507437179000064],[77.027027893000081,28.507434142000076],[77.024897777000035,28.504927430000063],[77.028707255000029,28.502522568000074],[77.027030474000071,28.507437179000064]]],[[[77.035951879000038,28.503720893000036],[77.03607628900005,28.503742781000032],[77.036162947000022,28.503817791000056],[77.036428355000055,28.504143228000025],[77.038367678000043,28.506441802000037],[77.040239249000095,28.508625809000016],[77.041158322000072,28.509700629000072],[77.041164904000084,28.509707802000037],[77.041170473000079,28.509713169000062],[77.041564298000097,28.510072683000033],[77.041500745000064,28.510094053000035],[77.041493106000075,28.51009684000007],[77.040291314000058,28.51056947000006],[77.040274779000072,28.510577069000085],[77.040257586000067,28.510587662000027],[77.033673642000039,28.515266481000019],[77.027576056000044,28.508079192000029],[77.027258822000078,28.507705889000075],[77.029052423000053,28.50244884400006],[77.029271848000064,28.502660704000046],[77.029282592000072,28.502670100000028],[77.029495551000068,28.502838818000047],[77.02950136100003,28.502843195000025],[77.029524301000023,28.502856789000077],[77.029773864000049,28.502975701000018],[77.029795339000032,28.502984127000058],[77.030433357000049,28.503184199000032],[77.030938776000085,28.503353703000073],[77.030943199000035,28.503355118000059],[77.030949761000045,28.503356973000042],[77.031358289000082,28.503463554000056],[77.03137793500008,28.503467459000031],[77.03189418200003,28.503538094000074],[77.031899604000046,28.503538749000022],[77.032634056000063,28.503615622000037],[77.032638439000053,28.503616025000042],[77.033370362000085,28.503673831000075],[77.033388053000067,28.503674315000069],[77.034294697000064,28.503645563000067],[77.035951879000038,28.503720893000036]]]]},"properties":{"FID":73,"OBJECTID":74,"Id":0,"Area":1172860.5094600001,"Name":"2","Density":"375","Code":100,"val":"100/375","Text_":"100/375","ClassText":"100 Residential (Group Housing/Plotted)","Class":100,"CodeText":" ","Shape_Leng":0.0536198125527,"Shape_Area":0.000108081144951}},{"type":"Feature","id":74,"geometry":{"type":"Polygon","coordinates":[[[77.055707134000059,28.513894781000033],[77.054388428000038,28.514365365000064],[77.052400368000065,28.514992285000066],[77.051537022000034,28.515250043000034],[77.050086718000045,28.515731527000071],[77.048725696000076,28.516113167000068],[77.047803699000042,28.516294691000056],[77.04619682200007,28.516657023000047],[77.046193992000042,28.516647519000056],[77.045684724000068,28.515302046000048],[77.045250747000068,28.514162479000049],[77.045248588000049,28.514157177000076],[77.045243604000063,28.514146969000016],[77.044991397000047,28.513683778000026],[77.044984682000063,28.513672781000007],[77.044974442000068,28.513659555000046],[77.042756341000029,28.511130459000068],[77.042067773000028,28.510192988000014],[77.042633202000047,28.510002844000034],[77.045563798000046,28.508984374000086],[77.049194400000033,28.507726142000021],[77.050835763000066,28.507139589000069],[77.050857164000035,28.507130163000049],[77.050864998000065,28.507125716000072],[77.051686258000061,28.506627831000053],[77.054395406000083,28.504952003000021],[77.057066027000062,28.503342106000041],[77.057072651000055,28.503337881000057],[77.05730133500002,28.503183619000023],[77.058539474000057,28.504735070000031],[77.060892034000062,28.507603269000064],[77.060896827000079,28.507608807000054],[77.062354986000059,28.509206323000058],[77.062358602000074,28.509210139000061],[77.062368631000083,28.509219408000025],[77.062663193000049,28.509467052000044],[77.062672371000076,28.509474172000061],[77.062687106000055,28.509483500000037],[77.06428283300005,28.510372194000073],[77.066375035000078,28.511539042000038],[77.066382521000037,28.511542958000064],[77.066406917000052,28.511552558000048],[77.066432830000053,28.51155827000002],[77.066459469000051,28.511559922000057],[77.066486031000068,28.511557461000045],[77.06651170400005,28.511550964000033],[77.066535710000039,28.511540627000038],[77.066557321000047,28.511526766000028],[77.066575805000056,28.511509879000069],[77.06663119600006,28.51144957800004],[77.066631211000072,28.511449562000056],[77.067525108000055,28.511916920000033],[77.067500916000029,28.512752145000036],[77.067425726000081,28.512610882000047],[77.066937134000057,28.512613184000035],[77.066168278000077,28.512617911000056],[77.066155539000079,28.512619791000077],[77.065702126000076,28.51262481000003],[77.065595441000085,28.512559584000027],[77.065487636000057,28.512575548000029],[77.064247776000059,28.512754355000023],[77.064104331000067,28.512744598000033],[77.063459598000065,28.512670833000062],[77.06293897900008,28.512585631000025],[77.062341771000035,28.512453840000024],[77.061448780000049,28.51226207500002],[77.061300025000037,28.512257170000037],[77.06107346500005,28.512282095000035],[77.060961693000067,28.512372127000042],[77.060836643000073,28.512474297000036],[77.060034078000058,28.512605207000028],[77.059552867000036,28.51260056700005],[77.059546954000041,28.512555192000033],[77.059539555000072,28.512380378000046],[77.057772815000078,28.512917473000073],[77.05751833100004,28.512861642000075],[77.055707134000059,28.513894781000033]]]},"properties":{"FID":74,"OBJECTID":75,"Id":0,"Area":1665085.4087,"Name":"23","Density":"375","Code":100,"val":"100/375","Text_":"100/375","ClassText":"100 Residential (Group Housing/Plotted)","Class":100,"CodeText":" ","Shape_Leng":0.061817057076599999,"Shape_Area":0.00015344216922300001}},{"type":"Feature","id":75,"geometry":{"type":"Polygon","coordinates":[[[77.107065125000091,28.468126260000069],[77.105893207000065,28.468954829000033],[77.104612960000054,28.469877305000061],[77.104600579000078,28.469886552000041],[77.104572793000045,28.469909940000043],[77.103927420000048,28.470500550000054],[77.103911843000049,28.470515541000047],[77.103892221000095,28.470536810000045],[77.103199221000054,28.471342070000038],[77.103192016000037,28.471350676000046],[77.102423378000083,28.472294450000049],[77.101732875000039,28.472944086000034],[77.100372453000034,28.474081491000039],[77.098645366000085,28.475399076000024],[77.096294772000078,28.477139159000032],[77.096028247000049,28.477243189000031],[77.096013259000074,28.477249326000045],[77.095967070000029,28.477272129000028],[77.094162976000078,28.478287429000037],[77.094205377000051,28.476823357000054],[77.094226891000062,28.475447130000067],[77.094252484000037,28.474008977000032],[77.094305272000042,28.47228922600004],[77.094329611000035,28.470936373000029],[77.094366992000062,28.47001801600004],[77.094652665000069,28.468527092000024],[77.094653619000027,28.468521797000047],[77.094656917000066,28.468477190000044],[77.094655267000064,28.468453467000067],[77.094610411000062,28.468078347000088],[77.095573525000063,28.463336107000039],[77.095880949000048,28.463411946000051],[77.09589816600004,28.463415262000066],[77.095903044000067,28.463415873000024],[77.09888365400009,28.463746621000045],[77.098889080000063,28.463747137000031],[77.100752232000033,28.463894494000037],[77.102881387000082,28.464067045000025],[77.105157437000059,28.464258545000057],[77.105166884000099,28.464259278000039],[77.10518404400004,28.464260386000038],[77.105643986000075,28.464299331000056],[77.105647115000068,28.464384391000056],[77.105648212000062,28.464414235000035],[77.105650946000083,28.464435670000068],[77.105658856000048,28.464459571000081],[77.107177299000043,28.467760583000018],[77.107187906000036,28.467779331000028],[77.107203599000059,28.467798413000018],[77.107222803000084,28.467814798000067],[77.10724493500004,28.467827988000057],[77.107248860000084,28.467829845000036],[77.107390012000053,28.467894306000048],[77.107391944000085,28.467895187000057],[77.107065151000029,28.468126241000036],[77.107065125000091,28.468126260000069]]]},"properties":{"FID":75,"OBJECTID":76,"Id":0,"Area":1266668.5096499999,"Name":"26 A","Density":"250","Code":100,"val":"100/250","Text_":"100/250","ClassText":"100 Residential (Group Housing/Plotted)","Class":100,"CodeText":" ","Shape_Leng":0.046179659991200002,"Shape_Area":0.000116677124216}},{"type":"Feature","id":76,"geometry":{"type":"Polygon","coordinates":[[[77.105813179000052,28.46057651600006],[77.105660580000063,28.46058449100008],[77.105507712000076,28.46059372100007],[77.105633971000032,28.464026959000023],[77.105348678000041,28.464002938000085],[77.105043780000074,28.463977264000043],[77.102909900000043,28.463797562000028],[77.100779870000068,28.463624940000038],[77.098919103000071,28.463477770000054],[77.095952418000067,28.463148568000062],[77.095637724000099,28.463070937000047],[77.096330055000067,28.460701658000058],[77.098549328000047,28.45284619300002],[77.099741512000037,28.449726241000064],[77.100431746000083,28.449836095000023],[77.101777749000064,28.450053898000078],[77.101996665000058,28.450090986000067],[77.102001543000029,28.450091740000055],[77.102011877000038,28.450092869000063],[77.102442054000051,28.450126807000064],[77.102447550000079,28.450127153000029],[77.103174032000084,28.450161230000042],[77.104563756000047,28.45023998400006],[77.106413640000085,28.450333133000075],[77.108168083000066,28.450425286000044],[77.108897911000042,28.450466473000041],[77.108902866000037,28.450466680000016],[77.109289362000098,28.450477401000047],[77.109295987000053,28.450477459000059],[77.109338949000076,28.450477004000046],[77.106186739000066,28.462392685000058],[77.106119744000068,28.460571302000059],[77.106119647000071,28.46057035300003],[77.105813179000052,28.46057651600006]]]},"properties":{"FID":76,"OBJECTID":77,"Id":0,"Area":1467564.7361999999,"Name":"42","Density":"625","Code":100,"val":"100/625","Text_":"100/625","ClassText":"100 Residential (Group Housing/Plotted)","Class":100,"CodeText":" ","Shape_Leng":0.051852107907399997,"Shape_Area":0.00013516575087300001}},{"type":"Feature","id":77,"geometry":{"type":"Polygon","coordinates":[[[77.115823186000057,28.431125661000056],[77.115812263000066,28.43112497200007],[77.113947485000054,28.431148384000043],[77.110931149000066,28.431185156000016],[77.109114364000035,28.431222876000046],[77.107319897000096,28.431243519000081],[77.105679277000036,28.431253782000059],[77.105593790000071,28.42798112600007],[77.105554043000041,28.42492715100008],[77.105502846000036,28.420992393000052],[77.105495173000065,28.420322702000071],[77.105491637000057,28.420014094000063],[77.105728169000031,28.420125927000065],[77.10619089300009,28.420416095000054],[77.107260020000084,28.421089440000067],[77.10784273400003,28.421455404000024],[77.107869223000066,28.421470851000024],[77.108323159000065,28.421714953000041],[77.108375833000082,28.42173929900002],[77.108418256000064,28.421753735000028],[77.108996729000069,28.421922032000037],[77.109243026000058,28.422009144000064],[77.109341164000057,28.422059668000028],[77.109369541000021,28.422085073000051],[77.109468888000038,28.42223718300005],[77.109569834000055,28.422389533000057],[77.109573672000067,28.422395218000069],[77.109737739000082,28.422633806000089],[77.109756153000021,28.422658509000019],[77.109773619000066,28.42267879900006],[77.110621009000056,28.423601535000035],[77.110628200000065,28.423609172000056],[77.112004107000075,28.42503461300004],[77.112019997000061,28.425050227000035],[77.113026185000095,28.425979568000059],[77.113736270000061,28.426632570000031],[77.113743992000082,28.42663950400005],[77.114252479000072,28.427085214000048],[77.114266933000067,28.427097345000043],[77.115017689000069,28.427700614000052],[77.115994108000052,28.428495434000059],[77.115971427000034,28.428844453000064],[77.115823186000057,28.431125661000056]]]},"properties":{"FID":77,"OBJECTID":78,"Id":0,"Area":816936.81614200003,"Name":"55","Density":"250","Code":100,"val":"100/250","Text_":"100/250","ClassText":"100 Residential (Group Housing/Plotted)","Class":100,"CodeText":" ","Shape_Leng":0.037689691280500003,"Shape_Area":7.5220442204900005e-05}},{"type":"Feature","id":78,"geometry":{"type":"MultiPolygon","coordinates":[[[[77.095408683000073,28.417708501000039],[77.09737605800008,28.417708431000051],[77.097558143000086,28.417743560000066],[77.098850974000072,28.418111097000061],[77.100070078000044,28.418459872000021],[77.10007640300006,28.418461636000057],[77.102046698000038,28.418997628000056],[77.10342869200008,28.419412068000032],[77.104846803000044,28.419820015000017],[77.104877183000042,28.419829058000058],[77.104880464000075,28.420115624000054],[77.104890570000066,28.420998244000032],[77.104941749000034,28.424933377000066],[77.104981530000046,28.427990622000028],[77.105013748000033,28.429224340000072],[77.104689407000066,28.428788314000023],[77.104679502000067,28.42877676400008],[77.104663354000081,28.428763098000047],[77.103612714000064,28.428036126000048],[77.103606658000047,28.428032195000068],[77.102914532000057,28.427611121000037],[77.102908679000052,28.427607773000041],[77.102533492000077,28.427406321000035],[77.10252928500006,28.427404161000023],[77.102524836000043,28.427402085000036],[77.10215074000007,28.427236157000028],[77.102025897000033,28.426980898000064],[77.102018461000071,28.426968102000039],[77.102006650000078,28.42695358800006],[77.101727048000043,28.426663919000077],[77.101711322000085,28.426650432000034],[77.101693625000053,28.426639878000064],[77.101674107000065,28.426632199000032],[77.101240777000044,28.426500438000065],[77.100223812000081,28.426206708000045],[77.099502705000077,28.425927185000031],[77.098735136000059,28.42560258300005],[77.098020126000051,28.424975668000059],[77.097631239000066,28.424528087000056],[77.097374485000046,28.424109575000038],[77.097180656000035,28.423765329000052],[77.097104268000066,28.423399571000065],[77.097183320000056,28.423238421000065],[77.097186756000056,28.42323059700005],[77.097191922000036,28.42321228500003],[77.097193412000081,28.423193459000061],[77.097191181000085,28.42317469000006],[77.097187833000064,28.423162992000091],[77.097084395000081,28.422870982000049],[77.097081858000095,28.422864539000042],[77.097072501000071,28.42284757700002],[77.097059113000057,28.422831472000038],[77.096784246000098,28.422563320000041],[77.096315665000091,28.421981218000049],[77.09615787000007,28.421649359000064],[77.095994823000069,28.421306450000028],[77.095986903000053,28.421292646000037],[77.095977805000075,28.421281046000033],[77.095518410000068,28.420769991000039],[77.095514961000049,28.420766324000052],[77.095502064000073,28.420755022000044],[77.094986465000034,28.420365728000029],[77.09498400700005,28.420363920000057],[77.094966311000064,28.420353365000032],[77.094946811000042,28.42034569000003],[77.094937652000056,28.42034325100007],[77.094239637000044,28.420183352000027],[77.093125991000093,28.419771807000075],[77.093121966000083,28.419770394000071],[77.091800743000078,28.419329961000074],[77.091436680000072,28.41909159600004],[77.091435701000066,28.419006069000037],[77.09142468500005,28.418044658000035],[77.091421634000085,28.417778414000036],[77.09142114000008,28.417773968000059],[77.09262409500009,28.417741811000045],[77.095408683000073,28.417708501000039]]],[[[77.102386252000031,28.43130311900007],[77.099463979000063,28.431329137000027],[77.09714727000005,28.43137201300005],[77.096651080000072,28.431363072000082],[77.096406516000059,28.431357543000043],[77.096172289000037,28.431334771000024],[77.095854428000052,28.431251040000063],[77.094296912000061,28.430782407000034],[77.093025280000063,28.430413213000058],[77.091921270000057,28.430037580000029],[77.091616124000041,28.429933157000058],[77.091581003000044,28.428600708000019],[77.091540247000069,28.426665775000064],[77.091497792000041,28.424060266000016],[77.091473671000074,28.422319840000046],[77.091439789000049,28.419363078000064],[77.09166868300008,28.419512941000043],[77.091682186000057,28.419520625000086],[77.091698358000031,28.419527241000029],[77.093033558000059,28.419972334000075],[77.094153228000039,28.420386104000027],[77.094160584000065,28.420388580000058],[77.094169739000051,28.420391019000068],[77.094848880000015,28.420546597000047],[77.095334020000053,28.420912894000022],[77.095775565000054,28.421404091000049],[77.095932080000068,28.421733265000057],[77.09609512400003,28.422076172000061],[77.096103044000088,28.422089976000052],[77.096108242000085,28.422096993000014],[77.09658887700003,28.422694068000059],[77.096597071000062,28.422703159000026],[77.096858704000041,28.422958403000049],[77.096940474000064,28.423189245000049],[77.096864703000051,28.423343698000053],[77.09686126400004,28.423351525000033],[77.096856099000036,28.423369834000038],[77.096854611000083,28.423388660000043],[77.096856627000093,28.423406430000046],[77.096943026000076,28.423820102000022],[77.096949015000064,28.423838742000047],[77.096953714000065,28.423848188000079],[77.097156167000037,28.424207758000026],[77.097158152000077,28.424211130000057],[77.097420559000057,28.424638858000037],[77.097423235000065,28.424643001000032],[77.097431089000054,28.424653191000058],[77.097830897000051,28.425113343000078],[77.097835591000035,28.425118420000054],[77.097841778000031,28.425124262000043],[77.098577361000082,28.425769215000052],[77.098586530000034,28.425776483000053],[77.098604227000067,28.425787037000063],[77.09861075300006,28.425790011000068],[77.099398804000046,28.426123274000066],[77.099402473000055,28.426124763000072],[77.100130910000075,28.426407127000061],[77.100141140000062,28.426410616000062],[77.101162879000071,28.42670572400004],[77.101562797000042,28.426827333000052],[77.10180837300004,28.42708175700005],[77.101943592000055,28.427358232000074],[77.10195102800003,28.427371028000039],[77.101963577000049,28.42738629500008],[77.101978934000044,28.427399404000017],[77.101996633000056,28.427409957000073],[77.102001083000061,28.427412032000063],[77.10241054800008,28.42759364900008],[77.102778539000042,28.427791236000076],[77.103464710000083,28.428208687000041],[77.104495777000068,28.428922112000077],[77.10491674900004,28.429488042000063],[77.10492665200006,28.429499590000034],[77.104942009000084,28.429512698000043],[77.104959709000056,28.429523252000013],[77.104979212000046,28.429530926000048],[77.104999927000051,28.429535491000017],[77.105021222000047,28.429536807000023],[77.105021908000097,28.42953674500006],[77.105066895000064,28.431259524000037],[77.104988404000053,28.431260502000043],[77.102386252000031,28.43130311900007]]]]},"properties":{"FID":78,"OBJECTID":79,"Id":0,"Area":1821939.5353099999,"Name":"56","Density":"250","Code":100,"val":"100/250","Text_":"100/250","ClassText":"100 Residential (Group Housing/Plotted)","Class":100,"CodeText":" ","Shape_Leng":0.086263297372000003,"Shape_Area":0.00016775555758099999}},{"type":"Feature","id":79,"geometry":{"type":"Polygon","coordinates":[[[77.102415116000046,28.482144843000064],[77.102927499000018,28.48217801900007],[77.103272264000054,28.482200342000038],[77.104119182000019,28.482250694000058],[77.103877726000064,28.48248690400003],[77.101830370000073,28.483893738000063],[77.100040777000061,28.485220162000065],[77.097821182000075,28.486667798000035],[77.09544070100003,28.488729063000054],[77.093308923000052,28.490251671000063],[77.092599730000074,28.491561357000023],[77.092775427000063,28.492688434000058],[77.097384457000032,28.500287698000076],[77.097983291000048,28.501882080000026],[77.094913063000035,28.503288434000066],[77.093448980000048,28.501502487000039],[77.093417283000065,28.501465471000074],[77.090242573000069,28.497901371000065],[77.092564605000064,28.496299862000054],[77.092587465000051,28.496282428000033],[77.092618602000073,28.496251894000061],[77.092831263000036,28.496008459000056],[77.092859435000037,28.495969176000074],[77.092878950000056,28.495927932000022],[77.092885963000072,28.495905584000067],[77.093011624000042,28.495426160000068],[77.093016177000024,28.495404992000022],[77.093019477000041,28.495360385000019],[77.093014419000042,28.495315907000069],[77.093001143000038,28.495272772000074],[77.092993656000047,28.495256256000051],[77.092487414000061,28.494238067000023],[77.091136257000073,28.491489859000065],[77.091123563000053,28.491467041000067],[77.090156259000082,28.489916496000028],[77.090584166000056,28.489437136000056],[77.091155177000076,28.48905201000002],[77.092096106000042,28.488417386000037],[77.092557313000057,28.48812751600007],[77.093458102000056,28.487561362000068],[77.09392279900004,28.487269297000068],[77.094424167000057,28.486956265000046],[77.094449107000059,28.486938916000042],[77.094877624000048,28.486607621000072],[77.094887270000086,28.486599837000021],[77.094904921000079,28.486583684000035],[77.095148736000056,28.486341181000054],[77.095164697000016,28.486323924000025],[77.09519162800008,28.486286080000063],[77.095198976000063,28.48627267400007],[77.095352467000055,28.485971882000044],[77.095364630000063,28.48594404100005],[77.095376194000039,28.485900524000041],[77.095378599000071,28.485881810000024],[77.09541617800005,28.485458656000052],[77.095417071000043,28.48543276100002],[77.09541620400006,28.485416608000037],[77.095244259000083,28.483452819000025],[77.095118405000051,28.481963223000033],[77.09637884700004,28.482107298000066],[77.097332240000071,28.482214842000069],[77.097355271000083,28.48221589200006],[77.098738985000068,28.482179248000072],[77.098760680000055,28.482177301000029],[77.099278624000078,28.482097580000065],[77.099858213000061,28.482008370000067],[77.100506022000047,28.481954258000044],[77.101354057000037,28.482075637000037],[77.101367081000049,28.482076978000055],[77.102415116000046,28.482144843000064]]]},"properties":{"FID":79,"OBJECTID":80,"Id":0,"Area":847887.024553,"Name":"25 A","Density":"250","Code":100,"val":"100/250","Text_":"100/250","ClassText":"100 Residential (Group Housing/Plotted)","Class":100,"CodeText":" ","Shape_Leng":0.066916360861599994,"Shape_Area":7.8118480868100005e-05}},{"type":"Feature","id":80,"geometry":{"type":"MultiPolygon","coordinates":[[[[76.960274638000044,28.47062443400004],[76.959215538000095,28.471230246000054],[76.959207548000052,28.47123555000007],[76.959199171000066,28.47124315000006],[76.958669592000035,28.471812229000076],[76.957913321000035,28.472103544000056],[76.95702966500005,28.472425075000043],[76.955712948000041,28.472276987000047],[76.95946165600003,28.470053551000035],[76.959544577000031,28.470004369000041],[76.960274638000044,28.47062443400004]]],[[[76.962098515000022,28.472856605000054],[76.962245435000057,28.473060045000064],[76.962232805000042,28.473065648000045],[76.962154929000064,28.473108301000021],[76.962081696000027,28.473156949000035],[76.962013691000024,28.473211204000048],[76.961951464000038,28.473270627000034],[76.961895515000037,28.473334739000048],[76.961846296000033,28.473403025000042],[76.961804203000042,28.473474933000034],[76.961787389000051,28.47351038000005],[76.961769048000065,28.473549696000077],[76.960161406000054,28.477005470000041],[76.960150714000065,28.477029428000034],[76.960148239000034,28.477035213000082],[76.960141688000078,28.477050970000043],[76.960114800000056,28.477128365000048],[76.960112895000066,28.477134985000088],[76.960107706000045,28.477153293000075],[76.960090684000079,28.477225886000035],[76.960079777000033,28.477307372000038],[76.960078172000067,28.477327287000037],[76.960075735000032,28.477406029000061],[76.960137782000061,28.480765428000037],[76.959408220000057,28.481071218000061],[76.957236099000056,28.481888393000066],[76.949379560000068,28.476080195000065],[76.954556118000085,28.472963084000074],[76.955537105000076,28.472381279000047],[76.955590065000081,28.472390364000038],[76.955592424000031,28.472390733000054],[76.955594662000067,28.472391017000064],[76.957030372000091,28.472552489000066],[76.957040561000028,28.47255298500005],[76.957052953000073,28.47255184800002],[76.957064935000062,28.472548825000043],[76.957066614000041,28.472548237000058],[76.95796910200005,28.472219846000034],[76.958742457000085,28.471921959000042],[76.958750636000048,28.471918238000054],[76.958760726000037,28.471911776000059],[76.958769103000066,28.471904177000049],[76.959302536000052,28.471330954000038],[76.960366412000042,28.47072241000005],[76.960370669000042,28.470719583000051],[76.960599049000052,28.470985563000045],[76.961758897000038,28.472386332000028],[76.962098515000022,28.472856605000054]]],[[[76.941835925000078,28.502141883000032],[76.941813660000037,28.50216882300003],[76.941794254000058,28.502194140000032],[76.941784770000083,28.502206977000068],[76.941754930000073,28.502249939000013],[76.941712812000034,28.50232184300004],[76.941707542000074,28.502332095000043],[76.941698827000039,28.502349325000065],[76.941669446000034,28.502414023000028],[76.941642538000067,28.502491415000058],[76.941640666000083,28.502497910000049],[76.941635471000041,28.502516214000018],[76.941618399000049,28.502588931000044],[76.941607471000054,28.50267048600006],[76.941605860000038,28.502690473000015],[76.941603420000035,28.502769075000053],[76.941608737000081,28.502847569000043],[76.94161107900004,28.502867501000015],[76.941624987000068,28.502948699000044],[76.941643740000075,28.503017856000039],[76.941649301000041,28.503035297000054],[76.941652382000029,28.503044765000023],[76.94167590000005,28.503107062000019],[76.942419955000048,28.504862511000059],[76.942426168000068,28.504876798000051],[76.942442951000032,28.504910634000048],[76.94106486000004,28.505440218000043],[76.938648313000044,28.506907253000062],[76.934122197000079,28.510085136000047],[76.932284999000061,28.510130381000057],[76.929047132000036,28.51044380400003],[76.92829288300004,28.510496207000074],[76.924511474000042,28.508360799000052],[76.921321681000052,28.507030714000042],[76.921303407000039,28.506022464000068],[76.921888604000046,28.503951331000053],[76.922796695000045,28.502517406000042],[76.923084669000048,28.502049105000012],[76.922004701000048,28.50211213700004],[76.898012408000042,28.488726501000027],[76.899908266000068,28.487877594000047],[76.903985798000079,28.486142092000033],[76.909407614000031,28.483782237000064],[76.914759725000053,28.481467397000063],[76.91714216700008,28.480418889000077],[76.917161617000033,28.480410328000048],[76.917183974000054,28.48039979900005],[76.917235184000049,28.480369889000038],[76.917255586000067,28.480355325000058],[76.917744685000073,28.479985347000017],[76.919401188000052,28.479246162000031],[76.919770993000043,28.479131412000068],[76.920645584000056,28.479105000000057],[76.923556974000064,28.479081951000062],[76.923609747000057,28.484466205000039],[76.934134161000031,28.484336717000065],[76.934012449000065,28.478935402000037],[76.937726294000072,28.478877852000025],[76.93963885800008,28.478846197000045],[76.944399978000035,28.478767280000049],[76.944444742000016,28.478764601000037],[76.944488751000051,28.478758126000049],[76.944833419000091,28.478692075000026],[76.944849765000072,28.47868866400005],[76.952638876000037,28.48369220600005],[76.95262275400006,28.483706594000083],[76.952607898000053,28.483720155000068],[76.952561781000043,28.483765185000028],[76.952505821000045,28.483829294000028],[76.952498166000069,28.483839068000066],[76.952486708000038,28.483853899000056],[76.952445133000069,28.48391241000007],[76.952441849000081,28.483917490000071],[76.946314078000057,28.493464720000066],[76.943838600000063,28.497038598000067],[76.94382646400004,28.497056579000052],[76.94382205900007,28.497063276000059],[76.943779945000074,28.49713518100004],[76.943774219000034,28.497146336000064],[76.943765426000084,28.497163775000033],[76.943736503000082,28.497227570000064],[76.943731778000028,28.497239527000044],[76.942782166000029,28.499698163000065],[76.942759984000077,28.499763598000065],[76.94275761800003,28.499771843000083],[76.942752583000086,28.499789732000067],[76.942736005000029,28.499860700000049],[76.942725080000059,28.499942252000036],[76.942723469000043,28.49996223900007],[76.94272103000003,28.500040843000079],[76.942726347000075,28.500119335000086],[76.942728690000081,28.500139267000058],[76.942742596000073,28.500220466000027],[76.942762320000043,28.500292637000033],[76.942768182000066,28.500310784000074],[76.942770296000049,28.500317242000037],[76.942800025000068,28.500393824000078],[76.942831759000057,28.500457648000047],[76.942841100000066,28.500474621000031],[76.942846743000075,28.500484717000063],[76.942891472000056,28.500555379000051],[76.942932647000077,28.500609595000064],[76.942945184000052,28.500624876000071],[76.942955728000072,28.500637497000071],[76.943014022000057,28.500699968000045],[76.943047881000041,28.500730944000047],[76.941835925000078,28.502141883000032]],[[76.921166061000065,28.483531960000054],[76.921572448000063,28.483634993000049],[76.921652612000059,28.484136301000024],[76.921976115000049,28.484093525000038],[76.922085386000049,28.482965048000043],[76.922777340000039,28.482974362000046],[76.922810532000099,28.48241997500001],[76.921901415000036,28.482356430000038],[76.921873232000053,28.48199391800005],[76.921092757000054,28.481871246000029],[76.921166061000065,28.483531960000054]]]]},"properties":{"FID":80,"OBJECTID":81,"Id":0,"Area":11087785.853700001,"Name":" ","Density":" ","Code":800,"val":" ","Text_":"800","ClassText":"800 Aggriculture Zone","Class":800,"CodeText":" ","Shape_Leng":0.20588098660599999,"Shape_Area":0.00102168922034}},{"type":"Feature","id":81,"geometry":{"type":"Polygon","coordinates":[[[76.979935020000084,28.510546813000072],[76.976314897000066,28.506444726000044],[76.965405775000079,28.513000017000014],[76.965117641000049,28.512887330000066],[76.963627071000076,28.511801073000068],[76.959158369000079,28.508694952000035],[76.956026168000051,28.506412898000065],[76.972903315000053,28.493214762000033],[76.972903342000052,28.493214788000039],[76.972895798000081,28.493220688000051],[76.976731452000081,28.499303244000032],[76.976735168000062,28.499309007000083],[76.976759848000043,28.499341841000039],[76.983384109000056,28.507128312000074],[76.983391048000044,28.507136222000039],[76.983429046000083,28.507172458000074],[76.98344798400008,28.507187065000032],[76.984369799000035,28.507852226000065],[76.979935020000084,28.510546813000072]]]},"properties":{"FID":81,"OBJECTID":82,"Id":0,"Area":2797728.82755,"Name":"107","Density":" ","Code":500,"val":"500","Text_":"510,520,530","ClassText":"500 Public Utilities","Class":500,"CodeText":"510,520,530","Shape_Leng":0.074978908899300006,"Shape_Area":0.00025783028099299999}},{"type":"Feature","id":82,"geometry":{"type":"Polygon","coordinates":[[[76.972256777000041,28.516586829000058],[76.972411049000073,28.516398243000026],[76.973027089000098,28.515882362000067],[76.973642124000023,28.515431017000019],[76.974263587000053,28.514984584000036],[76.975212705000047,28.514319678000049],[76.976310003000037,28.513674150000039],[76.976324424000055,28.513665052000079],[76.976965138000082,28.51323552600007],[76.976991224000074,28.513215917000018],[76.977666648000081,28.512647092000066],[76.978501411000082,28.512074859000052],[76.98481223000006,28.508240445000062],[76.984849798000084,28.508213522000055],[76.984858520000046,28.508204870000039],[76.992583078000052,28.513778073000026],[76.99589882500004,28.516861764000048],[76.99447225800003,28.517967878000029],[76.988562726000055,28.514196319000064],[76.978644186000054,28.52134063200003],[76.97610307900004,28.518706306000063],[76.975099334000049,28.518224303000064],[76.973850314000074,28.517344753000025],[76.972825325000017,28.51688214100005],[76.972256777000041,28.516586829000058]]]},"properties":{"FID":82,"OBJECTID":83,"Id":0,"Area":1362517.38968,"Name":"108","Density":"250","Code":100,"val":"100/250","Text_":"100/250","ClassText":"100 Residential (Group Housing/Plotted)","Class":100,"CodeText":" ","Shape_Leng":0.058325340599199998,"Shape_Area":0.000125572379683}},{"type":"Feature","id":83,"geometry":{"type":"Polygon","coordinates":[[[77.009450961000084,28.535661835000038],[77.004635602000064,28.538382031000022],[77.003940498000077,28.537302863000026],[77.003218943000022,28.535747317000066],[77.002749338000072,28.534932949000055],[77.002081170000068,28.533911406000069],[77.001684752000074,28.533535254000078],[77.001564008000059,28.532868536000024],[77.001455143000058,28.53168594500006],[77.001403038000035,28.531067918000065],[77.004009777000078,28.529493371000061],[77.005074061000073,28.53087422100003],[77.005091493000066,28.530895072000082],[77.005127094000045,28.530929297000057],[77.007855661000065,28.533215202000065],[77.009450961000084,28.535661835000038]]]},"properties":{"FID":83,"OBJECTID":84,"Id":0,"Area":411244.73920399998,"Name":"115","Density":" ","Code":200,"val":"200","Text_":"200","ClassText":"200 Commercial","Class":200,"CodeText":" ","Shape_Leng":0.025067219977599999,"Shape_Area":3.7907313853299999e-05}},{"type":"Feature","id":84,"geometry":{"type":"MultiPolygon","coordinates":[[[[77.016296510000075,28.532979006000058],[77.012459870000043,28.537641658000037],[77.010261234000041,28.535548449000032],[77.008491832000061,28.532834831000052],[77.008475757000042,28.532812277000058],[77.008440836000034,28.532773694000063],[77.00842349100003,28.532758198000057],[77.005684303000052,28.530463403000049],[77.004648911000061,28.529120052000046],[77.008569384000054,28.526906584000077],[77.009416099000077,28.526873830000063],[77.010271560000035,28.526044206000034],[77.016296510000075,28.532979006000058]]],[[[77.018137584000044,28.53509786100004],[77.019284408000033,28.536417661000034],[77.01761196800004,28.537513522000033],[77.017574037000045,28.537644115000031],[77.017185728000072,28.538980993000042],[77.013795619000064,28.541552505000023],[77.013198269000043,28.54242540600006],[77.013170427000048,28.542204420000061],[77.012815018000083,28.53938348500002],[77.013260027000058,28.538777062000058],[77.01328733500003,28.538732550000081],[77.013306438000029,28.538686128000048],[77.013317680000057,28.538637741000056],[77.01332082600004,28.538588426000054],[77.013315806000037,28.538539232000069],[77.013302730000078,28.538491206000067],[77.013281873000039,28.538445375000045],[77.013253684000063,28.538402714000032],[77.013218699000049,28.538364073000025],[77.012880557000088,28.538042160000028],[77.01288366700004,28.538039946000023],[77.012918799000033,28.538004790000066],[77.016685678000044,28.533426902000031],[77.018137584000044,28.53509786100004]]]]},"properties":{"FID":84,"OBJECTID":85,"Id":0,"Area":963565.72407200001,"Name":"114","Density":" ","Code":200,"val":"200","Text_":"200","ClassText":"200 Commercial","Class":200,"CodeText":" ","Shape_Leng":0.0569373977157,"Shape_Area":8.8818080104899997e-05}},{"type":"Feature","id":85,"geometry":{"type":"Polygon","coordinates":[[[77.032600028000047,28.530888112000071],[77.03253275000003,28.530924467000037],[77.029762064000067,28.531646344000016],[77.027445146000048,28.532582531000067],[77.024727402000053,28.532966883000022],[77.022354201000041,28.534406091000044],[77.019776476000061,28.536095228000082],[77.019773744000076,28.53609157600005],[77.018732858000078,28.534893701000044],[77.020286197000075,28.529827680000029],[77.020297752000033,28.529830281000041],[77.021881025000084,28.530066029000057],[77.021902908000058,28.530067438000053],[77.021924163000037,28.530065476000054],[77.021944708000035,28.53006028500004],[77.021963920000076,28.530052022000056],[77.021981215000039,28.53004093700002],[77.021996068000078,28.530027370000017],[77.022008030000038,28.530011731000048],[77.022016733000029,28.529994495000039],[77.022019314000033,28.529987022000054],[77.024685063000049,28.521137421000049],[77.026614964000018,28.523466631000073],[77.032600028000047,28.530888112000071]]]},"properties":{"FID":85,"OBJECTID":86,"Id":0,"Area":912093.91965399997,"Name":"113","Density":"250","Code":100,"val":"100/250","Text_":"100/250","ClassText":"100 Residential (Group Housing/Plotted)","Class":100,"CodeText":" ","Shape_Leng":0.044517882269100001,"Shape_Area":8.4069998575400006e-05}},{"type":"Feature","id":86,"geometry":{"type":"Polygon","coordinates":[[[77.005105732000061,28.504561394000067],[76.995063798000047,28.515102600000027],[76.993121898000084,28.513296574000034],[76.993086454000036,28.513267522000024],[76.985536392000029,28.507820243000026],[76.986171307000077,28.507464288000044],[76.986178924000058,28.507459876000034],[76.986218342000029,28.507431839000049],[76.986251372000083,28.507399184000064],[76.986497144000069,28.50711254800007],[76.986524433000056,28.507074358000068],[76.98654399100009,28.507033128000053],[76.986555722000048,28.506988889000063],[76.986633436000048,28.506513344000041],[76.986636538000084,28.506470192000055],[76.986636288000071,28.506462882000051],[76.986624376000066,28.50622154000007],[76.986688190000052,28.506008228000034],[76.986777694000068,28.505894499000068],[76.987552889000085,28.505421426000051],[76.987591396000084,28.505393582000067],[76.988520557000072,28.504591857000033],[76.988551334000093,28.50456092000007],[76.988578307000068,28.50452309600006],[76.988584339000056,28.504512268000049],[76.988717955000084,28.504258191000083],[76.988731482000048,28.504227788000048],[76.988743091000075,28.504184277000043],[76.988746435000053,28.504139671000083],[76.988745221000059,28.504119689000046],[76.988693306000073,28.503614380000037],[76.989354280000043,28.502922392000066],[76.990849387000083,28.501680411000052],[76.990876878000051,28.501654188000025],[76.99201776600006,28.500410387000034],[76.994886073000032,28.500324594000052],[76.994906074000085,28.500323415000022],[76.994955842000067,28.500315325000024],[76.995003427000029,28.500300111000058],[76.995047526000064,28.500278182000041],[76.995086936000064,28.500250142000027],[76.995120588000077,28.500216753000071],[76.995147558000042,28.500178928000018],[76.995167113000036,28.500137698000053],[76.99517871900008,28.500094185000027],[76.995182095000061,28.50005563600007],[76.995192236000037,28.498500881000027],[76.99519497600005,28.498501051000062],[76.995216225000036,28.49849909400006],[76.995236767000051,28.498493907000054],[76.995255975000077,28.498485648000038],[76.995267783000031,28.498478532000039],[76.997416760000078,28.497014503000063],[77.005105732000061,28.504561394000067]]]},"properties":{"FID":86,"OBJECTID":87,"Id":0,"Area":1934537.17356,"Name":"106","Density":"250","Code":100,"val":"100/250","Text_":"100/250","ClassText":"100 Residential (Group Housing/Plotted)","Class":100,"CodeText":" ","Shape_Leng":0.055225015731999998,"Shape_Area":0.00017827335064200001}},{"type":"Feature","id":87,"geometry":{"type":"Polygon","coordinates":[[[76.994318815000042,28.496172530000024],[76.994315475000064,28.496217137000038],[76.994320491000039,28.496261621000027],[76.994323116000032,28.496272885000039],[76.994499931000078,28.496957082000055],[76.994585077000053,28.497636251000074],[76.99457100100004,28.499792366000065],[76.991857339000035,28.499873531000055],[76.991837338000039,28.49987470700005],[76.991787567000074,28.499882796000065],[76.991739984000048,28.499898011000024],[76.99169588500007,28.499919937000065],[76.991656471000056,28.499947976000037],[76.991629643000067,28.499973643000022],[76.990413809000074,28.501299148000044],[76.988920928000084,28.502539276000046],[76.988897314000027,28.502561353000026],[76.988142396000057,28.503351688000059],[76.98813169400006,28.503363552000046],[76.988104720000081,28.503401376000042],[76.988085162000047,28.503442606000082],[76.988073552000074,28.503486117000076],[76.988070209000057,28.503530724000026],[76.988071422000075,28.503550703000023],[76.988127456000029,28.50409613000004],[76.98805219500008,28.504239241000043],[76.987183188000074,28.504989073000029],[76.986383643000082,28.50547700200007],[76.986346576000088,28.50550361900002],[76.986312921000049,28.505537006000047],[76.986306211000056,28.505545200000022],[76.986154149000072,28.505738426000047],[76.986133885000072,28.505768055000036],[76.986114325000088,28.505809284000062],[76.986109499000065,28.505823767000042],[76.986019967000061,28.506123037000062],[76.986013183000068,28.506152067000073],[76.98600983800003,28.506196674000023],[76.986010088000057,28.506203984000013],[76.986022778000049,28.506461112000061],[76.98596057900005,28.50684171800004],[76.985796221000044,28.507033401000065],[76.98514037700005,28.507401090000027],[76.985132757000031,28.507405501000047],[76.985093342000098,28.507433538000043],[76.985059685000067,28.507466925000056],[76.985055285000044,28.507473096000059],[76.983968590000075,28.506688967000059],[76.977387904000068,28.498953763000021],[76.973523963000048,28.492826393000023],[76.97183040300007,28.490140505000053],[76.98332201700002,28.482357230000048],[76.993979387000081,28.492581620000063],[76.992491529000063,28.493940450000032],[76.994318815000042,28.496172530000024]]]},"properties":{"FID":87,"OBJECTID":88,"Id":0,"Area":3367753.6424400001,"Name":"103","Density":"250","Code":100,"val":"100/250","Text_":"100/250","ClassText":"100 Residential (Group Housing/Plotted)","Class":100,"CodeText":" ","Shape_Leng":0.072558380283800003,"Shape_Area":0.00031032500430399999}},{"type":"Feature","id":88,"geometry":{"type":"Polygon","coordinates":[[[76.978388251000084,28.46236117500008],[76.978132201000051,28.462508302000057],[76.97811179200005,28.462520492000067],[76.978091195000033,28.462533785000055],[76.976326708000045,28.463717394000067],[76.97631982200005,28.463722074000028],[76.974946435000035,28.464667647000052],[76.973322393000032,28.465754172000061],[76.97331587900004,28.465758585000049],[76.972606402000054,28.466245083000057],[76.970812051000053,28.464264949000025],[76.966221947000051,28.456766821000038],[76.966198555000062,28.456730542000059],[76.966148115000067,28.456662904000041],[76.964563418000068,28.454723728000033],[76.971675166000082,28.458642839000042],[76.978388251000084,28.46236117500008]]]},"properties":{"FID":88,"OBJECTID":89,"Id":0,"Area":539899.7084,"Name":" ","Density":" ","Code":500,"val":"510/520/530","Text_":"510,520,530","ClassText":"500 Public Utilities","Class":500,"CodeText":" ","Shape_Leng":0.036855948995300002,"Shape_Area":4.9734505656999998e-05}},{"type":"Feature","id":89,"geometry":{"type":"Polygon","coordinates":[[[77.041627204000079,28.526003557000024],[77.036372251000046,28.528849526000055],[77.034427122000068,28.52990072800003],[77.034406481000076,28.529867118000016],[77.03436044700004,28.529805029000041],[77.028358362000063,28.522362579000053],[77.028351526000037,28.522354204000067],[77.02677858900006,28.520455856000059],[77.033139180000035,28.515990584000058],[77.041627204000079,28.526003557000024]]]},"properties":{"FID":89,"OBJECTID":90,"Id":0,"Area":1079554.11182,"Name":"111","Density":"250","Code":100,"val":"100/250","Text_":"100/250","ClassText":"100 Residential (Group Housing/Plotted)","Class":100,"CodeText":" ","Shape_Leng":0.0412391488131,"Shape_Area":9.9498632715500003e-05}},{"type":"Feature","id":90,"geometry":{"type":"Polygon","coordinates":[[[77.032955340000058,28.515773899000063],[77.032919595000067,28.515798994000086],[77.026597464000076,28.520237252000069],[77.024150574000032,28.517283952000067],[77.027043602000063,28.508805645000042],[77.032955340000058,28.515773899000063]]]},"properties":{"FID":90,"OBJECTID":91,"Id":0,"Area":542421.17244500003,"Name":"110 A","Density":"250","Code":100,"val":"100/250","Text_":"100/250","ClassText":"100 Residential (Group Housing/Plotted)","Class":100,"CodeText":" ","Shape_Leng":0.029699838713099998,"Shape_Area":4.9989470479800001e-05}},{"type":"Feature","id":91,"geometry":{"type":"Polygon","coordinates":[[[77.026587005000081,28.508267919000055],[77.026574277000051,28.508305226000061],[77.023697191000053,28.516736713000046],[77.015689659000017,28.507070268000049],[77.015633985000093,28.50700861200005],[77.015599845000054,28.506975490000052],[77.009351722000076,28.501193813000047],[77.016241240000056,28.496066051000067],[77.024155961000076,28.505407065000043],[77.026587005000081,28.508267919000055]]]},"properties":{"FID":91,"OBJECTID":92,"Id":0,"Area":1569010.02422,"Name":"110","Density":"250","Code":100,"val":"100/250","Text_":"100/250","ClassText":"100 Residential (Group Housing/Plotted)","Class":100,"CodeText":" ","Shape_Leng":0.054729817760999999,"Shape_Area":0.000144586199203}},{"type":"Feature","id":92,"geometry":{"type":"Polygon","coordinates":[[[77.015872119000051,28.495632929000063],[77.008927779000032,28.500801482000043],[77.001884360000076,28.494282655000053],[77.000280650000036,28.492654261000038],[77.000368633000065,28.49260674900005],[77.000389148000068,28.492593485000043],[77.000407713000072,28.492576528000033],[77.000412404000045,28.492571147000032],[77.000768200000039,28.492141172000046],[77.001581729000065,28.491129266000023],[77.002443459000077,28.490098578000065],[77.003125074000081,28.489481571000049],[77.003748419000033,28.489059375000071],[77.003756505000055,28.489053493000025],[77.004598835000081,28.488387382000042],[77.00547808500005,28.487748805000027],[77.006444360000032,28.487233290000059],[77.007503873000076,28.486650537000063],[77.007523631000083,28.486637616000053],[77.007908371000042,28.486339410000021],[77.007917147000057,28.486332044000058],[77.007923604000041,28.486326182000024],[77.010441592000063,28.489303706000051],[77.010481441000096,28.489350825000027],[77.015872119000051,28.495632929000063]]]},"properties":{"FID":92,"OBJECTID":93,"Id":0,"Area":1251599.79097,"Name":"105","Density":"250","Code":100,"val":"100/250","Text_":"100/250","ClassText":"100 Residential (Group Housing/Plotted)","Class":100,"CodeText":" ","Shape_Leng":0.042812840264700003,"Shape_Area":0.000115320278032}},{"type":"Feature","id":93,"geometry":{"type":"Polygon","coordinates":[[[76.958166248000055,28.455842250000053],[76.956041008000057,28.459495379000035],[76.95335024600007,28.463877272000055],[76.953343450000034,28.463889483000045],[76.947263948000057,28.459255222000024],[76.945656649000043,28.456860320000033],[76.946816887000068,28.448911097000053],[76.958166248000055,28.455842250000053]]]},"properties":{"FID":93,"OBJECTID":94,"Id":0,"Area":1094493.66135,"Name":"99 A","Density":"250","Code":100,"val":"100/250","Text_":"100/250","ClassText":"100 Residential (Group Housing/Plotted)","Class":100,"CodeText":" ","Shape_Leng":0.0412429754798,"Shape_Area":0.000100821096586}},{"type":"Feature","id":94,"geometry":{"type":"Polygon","coordinates":[[[77.078514625000082,28.384398656000027],[77.084906414000045,28.387535554000056],[77.085231412000041,28.387694286000052],[77.082583958000043,28.393388990000062],[77.080035895000023,28.399002149000069],[77.079996626000082,28.398992791000055],[77.078717201000075,28.398710328000046],[77.078710916000048,28.398709038000046],[77.07796677400006,28.398564210000078],[77.077483349000033,28.398450016000027],[77.077068717000031,28.398342491000047],[77.076800372000037,28.398258680000016],[77.075578690000043,28.397674143000071],[77.075571518000061,28.397670818000051],[77.073708452000062,28.396834936000044],[77.073694682000053,28.396829135000075],[77.072404075000065,28.396319879000025],[77.078514625000082,28.384398656000027]]]},"properties":{"FID":94,"OBJECTID":95,"Id":0,"Area":1101986.7153,"Name":"64","Density":" ","Code":700,"val":"710","Text_":"700","ClassText":"700 Open Spaces","Class":700,"CodeText":" ","Shape_Leng":0.041450179759999997,"Shape_Area":0.00010143829046899999}},{"type":"Feature","id":95,"geometry":{"type":"Polygon","coordinates":[[[77.092627064000055,28.398018662000016],[77.092631249000078,28.398181284000032],[77.092493249000029,28.399249559000051],[77.092236952000064,28.401032946000036],[77.092236258000071,28.401038193000037],[77.092138082000076,28.401847338000042],[77.091771607000069,28.40173999700005],[77.091761970000036,28.401737328000017],[77.090076326000016,28.401297584000069],[77.089058358000045,28.401033796000029],[77.089043760000052,28.401030357000014],[77.087628091000056,28.400729684000048],[77.086633655000071,28.40052063600006],[77.085317628000041,28.400235610000035],[77.084591227000018,28.400074920000062],[77.083339361000071,28.399801266000058],[77.082415394000066,28.399575273000035],[77.08134291600004,28.399314498000017],[77.080631007000079,28.399144369000055],[77.083139972000083,28.393617256000027],[77.092627064000055,28.398018662000016]]]},"properties":{"FID":95,"OBJECTID":96,"Id":0,"Area":588421.015992,"Name":"63","Density":"250","Code":100,"val":"100/250","Text_":"100/250","ClassText":"100 Residential (Group Housing/Plotted)","Class":100,"CodeText":" ","Shape_Leng":0.032212935088000001,"Shape_Area":5.4167205044700001e-05}},{"type":"Feature","id":96,"geometry":{"type":"Polygon","coordinates":[[[77.102544010000031,28.399927979000029],[77.102540824000073,28.399958469000065],[77.102218038000046,28.403047227000055],[77.101871543000073,28.403013564000045],[77.100917737000032,28.402913844000061],[77.09957948300007,28.402769888000023],[77.098793710000052,28.402683991000053],[77.097890648000032,28.402592919000014],[77.096710141000074,28.402460627000028],[77.095903445000033,28.402381941000041],[77.094787221000047,28.402278047000038],[77.093351333000058,28.402083938000022],[77.093336690000072,28.40208227700003],[77.09273203500004,28.40202675200004],[77.092844653000043,28.401098531000045],[77.093101018000084,28.399314497000038],[77.093241851000073,28.398224342000045],[77.093242104000069,28.398219582000028],[77.102544010000031,28.399927979000029]]]},"properties":{"FID":96,"OBJECTID":97,"Id":0,"Area":360562.62529200001,"Name":"60","Density":"250","Code":100,"val":"100/250","Text_":"100/250","ClassText":"100 Residential (Group Housing/Plotted)","Class":100,"CodeText":" ","Shape_Leng":0.025976646886400001,"Shape_Area":3.3192098686000002e-05}},{"type":"Feature","id":97,"geometry":{"type":"MultiPolygon","coordinates":[[[[77.093544313000066,28.391599271000068],[77.093515084000046,28.393133173000024],[77.093515052000043,28.393140191000043],[77.093520973000068,28.393716281000021],[77.093538175000049,28.394728505000046],[77.093534571000077,28.395199516000048],[77.093490620000068,28.395445286000037],[77.093265372000076,28.39590955300001],[77.092977190000056,28.396417760000073],[77.09296411300005,28.396444267000032],[77.092729329000051,28.396999378000025],[77.092724837000034,28.397010768000026],[77.092713279000066,28.397054286000078],[77.092712152000047,28.397061674000039],[77.092622436000042,28.39771721600005],[77.092620284000077,28.397755164000053],[77.092627065000045,28.398018663000073],[77.083139974000062,28.39361725700007],[77.083151103000048,28.393592737000059],[77.085829358000069,28.387831720000065],[77.093544313000066,28.391599271000068]]],[[[77.095552837000071,28.392580004000017],[77.102708251000081,28.396084313000067],[77.102934339000058,28.396192862000081],[77.102544012000067,28.399927979000029],[77.09324210300008,28.398219582000028],[77.093243767000047,28.398188195000049],[77.093232824000026,28.39776297700007],[77.093315512000061,28.397158762000061],[77.093531769000037,28.396647449000049],[77.093816685000021,28.396144988000046],[77.093824360000042,28.39613038300007],[77.094068266000079,28.395627653000076],[77.094078160000024,28.39560436000005],[77.094089303000032,28.395563217000074],[77.09414302600004,28.395262776000035],[77.094146568000042,28.395223517000034],[77.094150347000038,28.394729254000023],[77.094150321000029,28.394723354000064],[77.094133086000056,28.39370952600007],[77.094127220000075,28.393138796000059],[77.094150904000045,28.39189546700003],[77.095552837000071,28.392580004000017]]]]},"properties":{"FID":97,"OBJECTID":98,"Id":0,"Area":1166861.5882999999,"Name":"63 A","Density":"250","Code":100,"val":"100/250","Text_":"100/250","ClassText":"100 Residential (Group Housing/Plotted)","Class":100,"CodeText":" ","Shape_Leng":0.061542104536400001,"Shape_Area":0.000107409142633}},{"type":"Feature","id":98,"geometry":{"type":"Polygon","coordinates":[[[77.040597050000031,28.470837575000076],[77.039659685000061,28.469778967000018],[77.043809682000074,28.468398050000072],[77.044418196000038,28.468778619000034],[77.045487318000085,28.469457059000039],[77.045496314000047,28.469462354000029],[77.046277236000037,28.469887512000064],[77.046282132000044,28.469890067000044],[77.047251195000058,28.470374752000058],[77.047256431000051,28.470377228000061],[77.048061378000057,28.47074035200006],[77.049389271000052,28.47132001000006],[77.049398287000031,28.471323631000075],[77.050122288000068,28.471589726000033],[77.052406312000073,28.472423659000064],[77.054748956000083,28.473342650000067],[77.054780606000065,28.473354920000073],[77.054593580000088,28.473577839000026],[77.054363021000029,28.473852639000025],[77.052091051000048,28.47661299400005],[77.050724851000041,28.478272182000062],[77.04972269700005,28.47946975100006],[77.049697781000077,28.479501883000065],[77.04968903200006,28.479514460000068],[77.049402703000055,28.479938972000074],[77.049376886000061,28.47998144100006],[77.049352707000082,28.480032346000019],[77.049213381000072,28.480373467000039],[77.04921046000004,28.480380783000044],[77.049191040000053,28.480442020000041],[77.049171888000046,28.480520159000029],[77.042363674000057,28.472832619000023],[77.042466262000062,28.472750788000035],[77.042530709000062,28.472505341000044],[77.042263760000083,28.47211207600003],[77.042138048000083,28.471869486000049],[77.041750972000031,28.471523862000012],[77.041203321000054,28.470920892000031],[77.040751216000046,28.470790160000032],[77.040597050000031,28.470837575000076]]]},"properties":{"FID":98,"OBJECTID":99,"Id":0,"Area":838993.468444,"Name":"14","Density":"375","Code":100,"val":"100/375","Text_":"100/375","ClassText":"100 Residential (Group Housing/Plotted)","Class":100,"CodeText":" ","Shape_Leng":0.040359571159800003,"Shape_Area":7.7288725830099999e-05}},{"type":"Feature","id":99,"geometry":{"type":"MultiPolygon","coordinates":[[[[77.034196761000047,28.472374012000049],[77.033613649000088,28.472582848000052],[77.032991552000055,28.472830900000073],[77.032175881000057,28.473129594000053],[77.031262964000064,28.473429735000025],[77.030803477000063,28.473703997000023],[77.029740562000015,28.474073219000051],[77.029530042000033,28.474081565000059],[77.029515656000058,28.474051018000068],[77.03174080000008,28.472518921000081],[77.031886044000032,28.472416273000082],[77.034029628000042,28.470938825000061],[77.034196761000047,28.472374012000049]]],[[[77.034715886000086,28.47839653900007],[77.033161326000084,28.478492379000038],[77.033142840000039,28.47849452400003],[77.03313905400006,28.478495215000052],[77.032393014000036,28.478640336000055],[77.031473794000078,28.476641080000032],[77.031465013000073,28.476625084000037],[77.030685279000068,28.475414340000039],[77.030683488000079,28.475411633000078],[77.030678417000047,28.475404657000059],[77.029748009000059,28.474208065000024],[77.029769703000056,28.474206081000027],[77.029795985000078,28.474199382000048],[77.030859515000017,28.473829948000056],[77.030882288000043,28.473820039000024],[77.030889210000055,28.473816142000032],[77.031333529000051,28.473550935000052],[77.032229991000065,28.47325620000003],[77.032234517000077,28.473254618000045],[77.033050191000029,28.472955923000036],[77.033054549000042,28.472954256000033],[77.033673911000065,28.472707295000074],[77.034213086000079,28.472514195000024],[77.034314952000059,28.473388907000071],[77.034935857000036,28.47839581300008],[77.034725085000048,28.478396221000018],[77.034715886000086,28.47839653900007]]]]},"properties":{"FID":99,"OBJECTID":100,"Id":0,"Area":245198.925043,"Name":"12 A","Density":" ","Code":800,"val":" ","Text_":"800","ClassText":"800 Aggriculture Zone","Class":810,"CodeText":" ","Shape_Leng":0.030409813585999999,"Shape_Area":2.2588807845399999e-05}},{"type":"Feature","id":100,"geometry":{"type":"Polygon","coordinates":[[[77.017984210000066,28.473895077000051],[77.017991515000048,28.473904029000032],[77.01799982600005,28.473914211000075],[77.019600903000082,28.475887783000076],[77.023435733000042,28.48151454900005],[77.022869183000068,28.481766767000057],[77.022858610000071,28.481771947000031],[77.022658941000032,28.481880326000063],[77.022638702000052,28.481893445000019],[77.022632754000085,28.481898256000068],[77.022124360000078,28.482331750000064],[77.02211404500008,28.482341455000043],[77.021305365000032,28.483181595000069],[77.020781064000062,28.483750224000069],[77.020770055000071,28.483763830000047],[77.020641645000069,28.483945279000061],[77.020638856000062,28.48394937800003],[77.019990594000021,28.484941721000034],[77.019839980000043,28.485095793000017],[77.019836927000043,28.485099018000025],[77.019828393000083,28.485109268000034],[77.019665455000052,28.485325552000056],[77.019527740000058,28.485222343000032],[77.019525128000055,28.485220428000044],[77.019509987000049,28.485210866000052],[77.01895507100005,28.484903670000048],[77.018411000000071,28.484607749000077],[77.018359406000059,28.484560915000035],[77.018274332000033,28.484452170000043],[77.017248982000069,28.482898380000044],[77.016117229000017,28.481257784000029],[77.016103101000056,28.48124052400005],[77.016037328000039,28.481172220000072],[77.016017635000082,28.48115530900003],[77.015995511000071,28.481142104000064],[77.015980209000077,28.481135553000058],[77.014746928000065,28.480680282000041],[77.015068733000078,28.480020356000058],[77.015627739000081,28.47881147400005],[77.016114197000036,28.477714699000035],[77.016685619000043,28.476559948000038],[77.017250328000031,28.475404945000037],[77.017588414000045,28.474702425000032],[77.017592251000039,28.474693611000067],[77.017595172000043,28.474685268000023],[77.017750704000036,28.474184271000066],[77.017918936000072,28.47381474600007],[77.017984210000066,28.473895077000051]]]},"properties":{"FID":100,"OBJECTID":101,"Id":0,"Area":521319.77922099998,"Name":"5","Density":"375","Code":100,"val":"521319.779221057","Text_":"100/375","ClassText":"100 Residential (Group Housing/Plotted)","Class":100,"CodeText":" ","Shape_Leng":0.029503752563700001,"Shape_Area":4.8029235836999998e-05}},{"type":"Feature","id":101,"geometry":{"type":"Polygon","coordinates":[[[77.079483806000042,28.501011717000047],[77.079507810000052,28.501001378000066],[77.07953008500003,28.500986996000051],[77.085294694000083,28.496455892000032],[77.087910917000045,28.49922286300005],[77.090180429000029,28.501770840000059],[77.089411896000058,28.502332248000066],[77.08775685300003,28.503541217000073],[77.085675269000035,28.505061698000073],[77.084159907000071,28.506168540000026],[77.082308921000049,28.507520471000085],[77.079902081000043,28.509278307000042],[77.079584644000079,28.509510152000072],[77.07736764100008,28.511181275000077],[77.075923536000047,28.51135901400005],[77.075915468000062,28.511360203000038],[77.07590168400003,28.511363157000055],[77.074939664000055,28.511611597000066],[77.074854346000052,28.511429242000069],[77.074679958000061,28.510978076000072],[77.074673019000031,28.51096133500004],[77.074593299000071,28.510781346000041],[77.074585253000066,28.510764332000065],[77.074578453000058,28.510751435000024],[77.074286756000049,28.510222622000068],[77.074265491000062,28.510188362000061],[77.073547462000079,28.509153088000048],[77.073544522000077,28.509148918000047],[77.072621194000078,28.507856476000022],[77.071762651000029,28.50668250700005],[77.071742834000077,28.506657520000036],[77.070413428000052,28.505108657000047],[77.070408785000041,28.505103339000065],[77.069170940000049,28.503709608000054],[77.072298161000049,28.501472696000071],[77.074511942000072,28.500888515000039],[77.076232050000058,28.50077207400005],[77.076256064000077,28.500773908000042],[77.075957687000084,28.50094307400008],[77.075829684000041,28.501504374000039],[77.075595210000074,28.502149154000033],[77.075399842000081,28.502424991000051],[77.07293411800002,28.502694558000023],[77.072151787000067,28.502965701000054],[77.071775668000043,28.50347621100007],[77.071929016000055,28.504210570000041],[77.072234093000077,28.504806188000035],[77.072174759000063,28.505721143000063],[77.071709991000034,28.506437644000076],[77.071837242000072,28.506626698000037],[77.072422886000084,28.506563195000066],[77.074070664000033,28.506319767000029],[77.076178234000039,28.506093168000056],[77.077076887000032,28.506437546000022],[77.078650096000047,28.50672385100005],[77.079591563000065,28.506494572000076],[77.082253351000077,28.505785316000075],[77.083800755000084,28.504758866000021],[77.084008932000089,28.504349809000079],[77.084146644000057,28.503106231000061],[77.083835762000035,28.502350284000048],[77.08334693300003,28.502098721000038],[77.083004060000064,28.501940267000055],[77.082430141000032,28.501812641000068],[77.08207102700004,28.501613508000052],[77.081604915000085,28.501470582000014],[77.08089097800007,28.501290524000069],[77.079883705000043,28.501114951000019],[77.079483806000042,28.501011717000047]]]},"properties":{"FID":101,"OBJECTID":102,"Id":0,"Area":1031808.78377,"Name":"19","Density":" ","Code":300,"val":"320/330/340","Text_":"320,330,340","ClassText":"300 Industrial","Class":300,"CodeText":" ","Shape_Leng":0.079618449402600003,"Shape_Area":9.5076201996499994e-05}},{"type":"Feature","id":102,"geometry":{"type":"Polygon","coordinates":[[[77.079909194000024,28.518122612000067],[77.079732832000047,28.51817253900003],[77.074698537000074,28.518828253000024],[77.07433608000008,28.519050955000058],[77.072484356000075,28.520188677000071],[77.07243941500009,28.519410611000065],[77.071144081000043,28.517120881000039],[77.071020009000037,28.517095849000036],[77.069652806000079,28.515600662000054],[77.068366645000083,28.513928155000023],[77.067686663000075,28.513101112000069],[77.067500917000089,28.512752145000036],[77.067525108000055,28.51191692100009],[77.066631206000068,28.511449571000071],[77.068411624000078,28.509511337000042],[77.069155611000056,28.508688302000053],[77.069902696000057,28.508039557000071],[77.071090278000042,28.507259516000019],[77.071846337000053,28.508293338000041],[77.072765547000074,28.509580047000036],[77.073470070000056,28.510595861000063],[77.073743960000058,28.511092399000063],[77.073813253000083,28.511248846000058],[77.073989044000029,28.511703657000055],[77.073992496000059,28.511712265000021],[77.07399923800007,28.511727543000063],[77.074280635000036,28.512328994000029],[77.074298839000051,28.512363276000038],[77.074301770000034,28.512368105000064],[77.074513551000038,28.51271159900006],[77.074597750000052,28.512849160000016],[77.074627685000053,28.512891592000077],[77.074640192000061,28.512906379000057],[77.074843984000054,28.51313624900007],[77.074853189000081,28.513146296000055],[77.075278150000045,28.513595409000057],[77.075282867000055,28.513600316000058],[77.075552031000029,28.513875779000053],[77.07556517900008,28.513888666000071],[77.07599579500004,28.514291278000037],[77.076612395000055,28.514913242000041],[77.077156931000047,28.515459336000045],[77.077166357000053,28.515468502000022],[77.077179095000076,28.515480049000079],[77.077745610000079,28.515973570000028],[77.078025878000062,28.516217776000087],[77.078051144000085,28.516238208000061],[77.078516191000048,28.516587043000065],[77.078814954000052,28.516898398000013],[77.078818952000049,28.516902505000072],[77.079376409000076,28.517467980000056],[77.079724223000085,28.517875948000036],[77.079909194000024,28.518122612000067]]]},"properties":{"FID":102,"OBJECTID":103,"Id":0,"Area":779556.511574,"Name":"21","Density":"375","Code":100,"val":"100/375","Text_":"100/375","ClassText":"100 Residential (Group Housing/Plotted)","Class":100,"CodeText":" ","Shape_Leng":0.039116906604200002,"Shape_Area":7.1839195027600001e-05}},{"type":"Feature","id":103,"geometry":{"type":"Polygon","coordinates":[[[77.099157533000039,28.368678255000074],[77.098124164000069,28.368952402000044],[77.10338358100006,28.38926020000001],[77.103437559000042,28.389259367000079],[77.103980171000046,28.389394234000058],[77.104909123000084,28.389952869000073],[77.105235827000072,28.390091068000061],[77.105844691000073,28.390845640000066],[77.10689201200006,28.391927670000026],[77.107018858000075,28.392880688000034],[77.107026413000085,28.393262562000068],[77.106335055000045,28.393798496000041],[77.105638026000065,28.394048018000021],[77.107016177000048,28.395524295000033],[77.074877319000038,28.379135274000085],[77.058078916000056,28.371161179000065],[77.062433187000053,28.357281558000079],[77.062440301000038,28.357256590000073],[77.06307113500003,28.354796870000023],[77.063082789000077,28.354732717000051],[77.063084569000068,28.354694425000044],[77.096335815000046,28.355528041000063],[77.096630861000037,28.357357082000068],[77.098790191000035,28.361754986000062],[77.099157533000039,28.368678255000074]]]},"properties":{"FID":103,"OBJECTID":104,"Id":0,"Area":11697771.745300001,"Name":" ","Density":" ","Code":800,"val":" ","Text_":"800","ClassText":"800 Aggriculture Zone","Class":800,"CodeText":" ","Shape_Leng":0.15038583267700001,"Shape_Area":0.0010765377600900001}},{"type":"Feature","id":104,"geometry":{"type":"Polygon","coordinates":[[[76.92976974700008,28.402926877000024],[76.928781503000039,28.405180848000036],[76.927537989000029,28.407990662000021],[76.919523737000077,28.404970739000071],[76.91081930200005,28.401707750000067],[76.909139587000084,28.401067892000082],[76.916977780000082,28.395838684000058],[76.92976974700008,28.402926877000024]]]},"properties":{"FID":104,"OBJECTID":105,"Id":0,"Area":1254982.71942,"Name":"91","Density":"250","Code":100,"val":"100/250","Text_":"100/250","ClassText":"100 Residential (Group Housing/Plotted)","Class":100,"CodeText":" ","Shape_Leng":0.049238470169299997,"Shape_Area":0.000115549909877}},{"type":"Feature","id":105,"geometry":{"type":"Polygon","coordinates":[[[76.926937123000073,28.385730758000086],[76.928920838000067,28.390785200000021],[76.931682975000044,28.398500916000039],[76.931685448000053,28.39850715000005],[76.931730421000054,28.398609635000067],[76.931270300000051,28.399548548000038],[76.92503703400007,28.395606371000031],[76.923277514000063,28.394493466000032],[76.920970623000073,28.393034280000045],[76.92044276200005,28.392755943000054],[76.920465323000045,28.392728330000068],[76.926692050000042,28.38510628300002],[76.926937123000073,28.385730758000086]]]},"properties":{"FID":105,"OBJECTID":106,"Id":0,"Area":744415.61465500004,"Name":"87","Density":" ","Code":600,"val":" ","Text_":"600","ClassText":"600 Public and Semi Public Use","Class":600,"CodeText":" ","Shape_Leng":0.038121450477699999,"Shape_Area":6.8533847394100001e-05}},{"type":"Feature","id":106,"geometry":{"type":"MultiPolygon","coordinates":[[[[76.891049787000043,28.423972955000071],[76.891038392000041,28.423973576000041],[76.890964368000084,28.423981736000027],[76.890891778000082,28.423996923000061],[76.89082146800007,28.424018958000026],[76.890778811000075,28.424036203000064],[76.886738684000093,28.42581889400002],[76.886056653000082,28.426124901000026],[76.88605657800008,28.426124934000025],[76.876854801000036,28.423916910000052],[76.876855173000081,28.423916470000044],[76.884179384000035,28.415301568000078],[76.884232609000037,28.415328035000069],[76.890198027000068,28.418293981000037],[76.900940239000079,28.423635447000038],[76.900405540000065,28.42421040000005],[76.900230331000046,28.42426239100006],[76.899558536000029,28.424256142000047],[76.89847835900008,28.42415388400007],[76.896777902000053,28.423992887000058],[76.896750917000077,28.423990806000063],[76.894107819000055,28.423833104000046],[76.894087885000019,28.423832170000026],[76.894024692000087,28.423832587000042],[76.891049787000043,28.423972955000071]]],[[[76.907839828000093,28.42708582800002],[76.898467382000035,28.429089112000039],[76.88805024800007,28.426601581000046],[76.891266130000076,28.425182576000051],[76.894056567000064,28.425050910000031],[76.89664463400004,28.425205326000032],[76.898331638000059,28.425365049000039],[76.899444794000033,28.425470428000043],[76.899491711000053,28.425473440000072],[76.899510898000074,28.425473855000067],[76.900332092000042,28.425481493000053],[76.900387496000064,28.425480039000039],[76.900461520000079,28.425471873000042],[76.90053411100007,28.425456681000071],[76.900558569000054,28.425449868000044],[76.901031410000016,28.425309559000016],[76.901077259000033,28.425294331000025],[76.901144458000033,28.425265700000065],[76.901207764000048,28.425230812000056],[76.901266429000032,28.425190078000064],[76.901319769000054,28.425143978000047],[76.901344360000053,28.425118955000073],[76.902160013000071,28.424241879000078],[76.902227167000035,28.42427526400008],[76.907839828000093,28.42708582800002]]]]},"properties":{"FID":106,"OBJECTID":107,"Id":0,"Area":1331100.10032,"Name":"H7","Density":" ","Code":1000,"val":" ","Text_":"H7","ClassText":"Hubs","Class":1100,"CodeText":" ","Shape_Leng":0.096640487856900006,"Shape_Area":0.00017239752439400001}},{"type":"Feature","id":107,"geometry":{"type":"Polygon","coordinates":[[[77.057067478000093,28.50300081500005],[77.056889952000063,28.503120568000035],[77.054221072000075,28.504729419000057],[77.051511709000067,28.506405378000061],[77.050705377000043,28.506894211000024],[77.04908095100005,28.507474713000075],[77.048865636000073,28.507549333000039],[77.047172690000068,28.503681118000038],[77.04704042700007,28.503378903000051],[77.057067478000093,28.50300081500005]]]},"properties":{"FID":107,"OBJECTID":108,"Id":0,"Area":246783.26155900001,"Name":"23A","Density":" ","Code":200,"val":" ","Text_":"200","ClassText":"200 Commercial","Class":200,"CodeText":" ","Shape_Leng":0.023998640031199999,"Shape_Area":2.27410971256e-05}},{"type":"Feature","id":108,"geometry":{"type":"Polygon","coordinates":[[[77.070915184000071,28.507037233000052],[77.069711397000049,28.507827918000029],[77.069702326000083,28.507834364000075],[77.069695409000076,28.507840011000042],[77.068934231000071,28.508500990000066],[77.068922254000029,28.508512685000021],[77.068173001000048,28.509341542000076],[77.066423583000073,28.511246020000037],[77.064446341000064,28.510143289000034],[77.06286341100008,28.50926172100003],[77.062587200000053,28.509029505000047],[77.061137856000087,28.507441648000057],[77.05878881600006,28.504577763000043],[77.057545030000085,28.503019232000039],[77.057709906000071,28.502908010000063],[77.05805803800007,28.50275439800004],[77.06120425000006,28.502793532000055],[77.066845724000061,28.50286064800002],[77.067267093000055,28.502859480000041],[77.067371961000049,28.502974029000029],[77.06835598400005,28.504107471000047],[77.069683257000065,28.505601925000061],[77.070915184000071,28.507037233000052]]]},"properties":{"FID":108,"OBJECTID":109,"Id":0,"Area":700219.44246799999,"Name":"22","Density":"375","Code":100,"val":"100/375","Text_":"100/375","ClassText":"100 Residential (Group Housing/Plotted)","Class":100,"CodeText":" ","Shape_Leng":0.033808683267799997,"Shape_Area":6.4523868122000005e-05}},{"type":"Feature","id":109,"geometry":{"type":"Polygon","coordinates":[[[76.953448470000055,28.373622231000059],[76.954899582000053,28.372477325000034],[76.952348891000057,28.368808366000049],[76.952319579000061,28.36868671600007],[76.952255105000049,28.36841916100007],[76.951858114000046,28.36677162400003],[76.952363656000045,28.366076760000052],[76.95234302800003,28.364950115000049],[76.952685688000031,28.362267353000043],[76.952702976000083,28.362132004000042],[76.952720108000051,28.361997868000064],[76.952758529000064,28.361697049000043],[76.954254173000052,28.359650943000069],[76.957164684000077,28.357049695000054],[76.958405734000053,28.355810955000042],[76.958346956000071,28.361217475000036],[76.959503999000063,28.361200846000031],[76.959670451000079,28.364157332000055],[76.95844568900003,28.365664786000018],[76.957963485000064,28.368804218000033],[76.958246530000054,28.373632608000037],[76.958019552000053,28.375922276000033],[76.953448470000055,28.373622231000059]]]},"properties":{"FID":109,"OBJECTID":110,"Id":0,"Area":988907.06150099996,"Name":"80","Density":" ","Code":700,"val":"700","Text_":"700","ClassText":"700 Open Spaces","Class":700,"CodeText":" ","Shape_Leng":0.048767406140400003,"Shape_Area":9.1016735854799997e-05}},{"type":"Feature","id":110,"geometry":{"type":"Polygon","coordinates":[[[76.995426854000087,28.426287807000051],[76.995422869000038,28.426289677000053],[76.988419374000031,28.43005379900006],[76.978189039000029,28.418459231000035],[76.984313133000057,28.413966776000048],[76.989430062000054,28.411658703000054],[76.989458487000036,28.411645882000069],[76.989592954000045,28.41227850100007],[76.989598259000047,28.412295465000049],[76.990658601000064,28.414854549000044],[76.990659944000072,28.414857586000032],[76.991079740000032,28.415764348000039],[76.991088577000085,28.415779777000072],[76.991865665000034,28.416883762000055],[76.992933409000045,28.418989953000043],[76.994413472000076,28.42214713200007],[76.99497611200006,28.423896269000068],[76.995275247000052,28.425173896000036],[76.995426854000087,28.426287807000051]]]},"properties":{"FID":110,"OBJECTID":111,"Id":0,"Area":1859688.5178100001,"Name":"36","Density":" ","Code":300,"val":"320/330/340","Text_":"300","ClassText":"300 Industrial","Class":300,"CodeText":" ","Shape_Leng":0.052584746489499998,"Shape_Area":0.00017124080295100001}},{"type":"Feature","id":111,"geometry":{"type":"Polygon","coordinates":[[[76.978662569000051,28.396713057000049],[76.970121735000077,28.40353496300002],[76.970108735000053,28.403547080000052],[76.970097875000093,28.403561283000055],[76.962421561000042,28.399646120000053],[76.962410996000074,28.399641142000057],[76.962377854000067,28.399625990000054],[76.961556773000055,28.399316131000031],[76.96537737900006,28.394220158000056],[76.96756315600004,28.391920836000043],[76.96758537900007,28.391898135000055],[76.967596233000052,28.391887048000061],[76.970840659000032,28.388475956000022],[76.978662569000051,28.396713057000049]]]},"properties":{"FID":111,"OBJECTID":112,"Id":0,"Area":1418016.13105,"Name":"83","Density":"250","Code":100,"val":"100/250","Text_":"100/250","ClassText":"100 Residential (Group Housing/Plotted)","Class":100,"CodeText":" ","Shape_Leng":0.046165104994199999,"Shape_Area":0.00013054636718700001}},{"type":"Feature","id":112,"geometry":{"type":"Polygon","coordinates":[[[76.981591437000077,28.397183591000044],[76.978324286000031,28.399687541000048],[76.975014719000058,28.402027618000034],[76.974981771000046,28.402051885000059],[76.974913903000072,28.402108712000029],[76.974891322000076,28.402129992000027],[76.972275782000054,28.404671943000036],[76.970315293000056,28.403672161000024],[76.978914358000068,28.396803739000067],[76.978927354000064,28.396791619000059],[76.978939308000065,28.396775985000033],[76.978948009000078,28.396758751000046],[76.978953193000038,28.396740443000045],[76.978954705000035,28.396721618000068],[76.978952494000055,28.396702847000032],[76.978946632000017,28.39668470000003],[76.978937296000069,28.396667729000058],[76.978926043000058,28.396653767000036],[76.971013787000075,28.388321559000083],[76.970999353000082,28.388309101000061],[76.971975550000082,28.387282699000025],[76.972565159000055,28.387872154000039],[76.981591437000077,28.397183591000044]]]},"properties":{"FID":112,"OBJECTID":113,"Id":0,"Area":435796.73807700002,"Name":"83","Density":" ","Code":200,"val":" ","Text_":"200","ClassText":"200 Commercial","Class":200,"CodeText":" ","Shape_Leng":0.0520813854287,"Shape_Area":4.0121807158500002e-05}},{"type":"Feature","id":113,"geometry":{"type":"MultiPolygon","coordinates":[[[[76.979298688000029,28.463397812000032],[76.987139394000053,28.467750422000048],[76.983317727000042,28.472084762000058],[76.982901255000058,28.472557257000059],[76.982265616000063,28.473278144000066],[76.980565012000042,28.474177113000042],[76.977065899000081,28.471165864000056],[76.973468095000044,28.46719595800004],[76.974157760000082,28.466723041000012],[76.975782244000072,28.465636211000053],[76.975789811000084,28.465631076000079],[76.977163437000058,28.464685333000041],[76.978904582000055,28.463517374000038],[76.979203961000053,28.463345350000061],[76.979298688000029,28.463397812000032]]],[[[76.981081223000047,28.474621330000055],[76.98074669100005,28.474333454000028],[76.981848718000037,28.473750938000016],[76.981081223000047,28.474621330000055]]]]},"properties":{"FID":113,"OBJECTID":114,"Id":0,"Area":847300.91489699995,"Name":"101","Density":" ","Code":500,"val":"510/520/530","Text_":"510,520,530","ClassText":"500 Public Utilities","Class":500,"CodeText":" ","Shape_Leng":0.038101056878900003,"Shape_Area":7.8056269238300003e-05}},{"type":"Feature","id":114,"geometry":{"type":"MultiPolygon","coordinates":[[[[76.99458866100008,28.471400809000034],[76.993759303000047,28.472421860000054],[76.989401242000042,28.469583470000032],[76.98938804200003,28.469575977000023],[76.989368538000065,28.469568283000061],[76.989347820000035,28.469563703000048],[76.989326515000073,28.469562369000073],[76.989305272000081,28.469564325000071],[76.989284739000084,28.469569510000031],[76.989265637000074,28.469577714000028],[76.984568850000073,28.472060587000044],[76.988243070000053,28.467893242000045],[76.988546740000061,28.468086902000039],[76.988573363000057,28.468102662000039],[76.99458866100008,28.471400809000034]]],[[[76.999263704000043,28.475968734000045],[77.007738842000037,28.486105813000044],[77.007701780000048,28.486139472000048],[77.007331322000084,28.486426609000027],[77.006284218000076,28.48700254300007],[77.005310209000072,28.487522175000041],[77.005292117000067,28.48753348200006],[77.004401795000035,28.488180097000061],[77.004397784000062,28.488183123000052],[77.00355739500003,28.48884769700004],[77.002929937000033,28.489272678000081],[77.00292272800003,28.489277876000063],[77.002913510000042,28.489285558000056],[77.002216861000079,28.489916171000047],[77.002207516000055,28.489925447000072],[77.002203273000077,28.489930290000075],[77.001333612000053,28.490970483000066],[77.000519637000082,28.49198292900007],[77.000182970000097,28.492389778000074],[77.000076232000069,28.492447418000037],[77.000054622000036,28.492425483000044],[76.99052494700004,28.482751406000041],[76.990464122000049,28.482694571000021],[76.981778612000085,28.475221444000045],[76.981801258000075,28.475199355000022],[76.984151934000067,28.472533436000052],[76.989321481000047,28.469800525000036],[76.993616399000075,28.472597791000055],[76.992953920000048,28.473413367000024],[76.995424706000051,28.47488625700003],[76.996027352000056,28.474167907000037],[76.99617328800008,28.473993951000072],[76.996835292000057,28.47320483000005],[76.997285928000053,28.473635120000043],[76.999263704000043,28.475968734000045]]]]},"properties":{"FID":114,"OBJECTID":115,"Id":0,"Area":2863779.4020199999,"Name":"104","Density":"250","Code":100,"val":"100/250","Text_":"100/250","ClassText":"100 Residential (Group Housing/Plotted)","Class":100,"CodeText":" ","Shape_Leng":0.097563877159100004,"Shape_Area":0.00026384392592999998}},{"type":"Feature","id":115,"geometry":{"type":"MultiPolygon","coordinates":[[[[76.962244361000046,28.470890704000045],[76.966213425000049,28.470788175000042],[76.968466097000032,28.470729987000027],[76.962244361000046,28.470890704000045]]],[[[76.962234335000062,28.471814528000035],[76.962223422000079,28.471801349000032],[76.961705145000053,28.47117542300003],[76.962064853000072,28.471166141000023],[76.962234335000062,28.471814528000035]]],[[[76.973506092000036,28.473599340000078],[76.97348555700006,28.473604522000063],[76.973466348000045,28.473612778000078],[76.973452758000064,28.473621130000023],[76.970282915000041,28.475864041000062],[76.965840624000066,28.478393047000051],[76.963223940000034,28.473164255000018],[76.96321774200004,28.473152482000039],[76.963196524000068,28.473119072000024],[76.962756415000058,28.472509658000028],[76.962744086000043,28.472492589000069],[76.962617140000077,28.472316807000023],[76.962314675000073,28.471159692000075],[76.96847505700002,28.47100054700007],[76.968503481000084,28.470999292000048],[76.968577529000072,28.470991089000048],[76.968632989000071,28.47098012500004],[76.969048469000029,28.470881923000029],[76.969065620000038,28.470877659000056],[76.969135939000054,28.47085558100002],[76.969203149000066,28.470826916000071],[76.969266454000035,28.470791996000056],[76.969325115000061,28.470751233000033],[76.969337867000036,28.470741088000072],[76.971980396000049,28.468585522000065],[76.975433593000048,28.472395910000042],[76.975460586000054,28.472424527000037],[76.975522396000031,28.472482383000056],[76.978661089000056,28.475183508000047],[76.978209943000081,28.475421965000056],[76.976634804000071,28.473685874000065],[76.976631756000074,28.473682646000047],[76.976616407000051,28.473669523000069],[76.97659871300003,28.473658953000026],[76.976579210000082,28.473651260000047],[76.976558490000059,28.473646675000047],[76.976541409000049,28.473645343000044],[76.973531560000083,28.473597389000076],[76.973527336000075,28.473597386000051],[76.973506092000036,28.473599340000078]]],[[[76.979907116000049,28.476255766000055],[76.969252817000054,28.485384772000035],[76.966850161000082,28.480410193000054],[76.965940955000065,28.478593522000057],[76.970420943000079,28.476043055000044],[76.970431164000047,28.47603655600005],[76.973571393000043,28.473814599000022],[76.976479543000025,28.473860934000065],[76.978085560000082,28.475631062000041],[76.978088606000028,28.475634289000016],[76.978103956000041,28.475647412000058],[76.978121653000073,28.475657982000037],[76.978141156000049,28.47566567500008],[76.978161873000033,28.475670259000022],[76.97818318000003,28.475671595000044],[76.978204425000058,28.475669640000024],[76.978224962000084,28.475664456000043],[76.97824406400008,28.475656254000047],[76.978842736000047,28.475339825000049],[76.979907116000049,28.476255766000055]]]]},"properties":{"FID":115,"OBJECTID":116,"Id":0,"Area":1543263.63598,"Name":"102","Density":"250","Code":100,"val":"100/250","Text_":"100/250","ClassText":"100 Residential (Group Housing/Plotted)","Class":100,"CodeText":" ","Shape_Leng":0.095483821238099995,"Shape_Area":0.00014217975131400001}},{"type":"Feature","id":116,"geometry":{"type":"Polygon","coordinates":[[[77.024499009000067,28.520912862000035],[77.021811086000071,28.529836028000034],[77.020350324000049,28.529618524000057],[77.020783711000036,28.528205005000068],[77.02078371900005,28.528204976000037],[77.021249612000076,28.52668539400003],[77.021482416000083,28.525926049000073],[77.022702686000073,28.521945704000068],[77.023418944000085,28.519609254000038],[77.024499009000067,28.520912862000035]]]},"properties":{"FID":116,"OBJECTID":117,"Id":0,"Area":154229.108297,"Name":"112","Density":" ","Code":200,"val":"200","Text_":"200","ClassText":"200 Commercial","Class":200,"CodeText":" ","Shape_Leng":0.0229580843562,"Shape_Area":1.42146970084e-05}},{"type":"Feature","id":117,"geometry":{"type":"Polygon","coordinates":[[[77.007410647000029,28.502141495000043],[77.005265074000079,28.504394113000046],[76.99752296500003,28.496795058000028],[76.997509072000071,28.496783399000034],[76.997491371000081,28.496772832000033],[76.997471862000054,28.496765142000065],[76.997451138000031,28.496760563000056],[76.99742982800008,28.496759230000059],[76.99740857900008,28.496761188000068],[76.997388041000093,28.496766374000057],[76.997368833000039,28.496774633000022],[76.997357023000063,28.496781749000032],[76.995193837000045,28.498255465000049],[76.995197956000084,28.497623647000058],[76.995197918000031,28.497617588000022],[76.995196099000054,28.497592292000036],[76.995107065000084,28.496882121000048],[76.995103868000058,28.496862933000035],[76.995101241000043,28.496851670000076],[76.99496158500007,28.496311275000032],[76.995068808000042,28.496229631000059],[76.995541582000044,28.495866204000038],[76.99632546600003,28.495282328000023],[76.998205271000074,28.493891710000067],[76.998369427000057,28.493771903000042],[76.998486441000068,28.493719688000052],[77.000282774000098,28.495542981000021],[77.000315907000072,28.495575092000017],[77.007410647000029,28.502141495000043]]]},"properties":{"FID":117,"OBJECTID":118,"Id":0,"Area":439751.73569,"Name":"106","Density":" ","Code":200,"val":"200","Text_":"200","ClassText":"200 Commercial","Class":200,"CodeText":" ","Shape_Leng":0.035375303959099998,"Shape_Area":4.0521619430699998e-05}},{"type":"Feature","id":118,"geometry":{"type":"Polygon","coordinates":[[[76.895036728000036,28.320738158000033],[76.902352608000058,28.326785415000064],[76.902392707000047,28.326817278000075],[76.902475112000033,28.326875508000054],[76.902562315000068,28.326927982000029],[76.902653800000053,28.326974399000051],[76.902749033000092,28.327014480000056],[76.902770428000053,28.32702242300007],[76.908694590000039,28.329169745000051],[76.906990773000075,28.333511303000016],[76.894793557000071,28.333037693000048],[76.894786515000078,28.333037604000022],[76.894743118000065,28.333036758000045],[76.888251087000071,28.332783435000067],[76.888663382000061,28.331986175000043],[76.889847149000047,28.330352522000048],[76.889856941000062,28.330338481000062],[76.889924754000035,28.330237847000031],[76.889934646000015,28.330222610000064],[76.891955492000079,28.326989390000055],[76.891966157000056,28.326971546000035],[76.892034756000058,28.326851421000072],[76.892039671000077,28.326842617000064],[76.892044669000029,28.326833225000009],[76.894294571000046,28.322498667000037],[76.89430412400003,28.322479277000067],[76.894363370000065,28.322352270000067],[76.894371845000066,28.322333072000042],[76.895036728000036,28.320738158000033]]]},"properties":{"FID":118,"OBJECTID":119,"Id":0,"Area":1504042.5658199999,"Name":"P7","Density":" ","Code":600,"val":" ","Text_":"610,620,630,640","ClassText":"600 Public and Semi Public Use","Class":600,"CodeText":" ","Shape_Leng":0.053552037250600003,"Shape_Area":0.00013838843938500001}},{"type":"Feature","id":119,"geometry":{"type":"Polygon","coordinates":[[[76.91814645400008,28.334727863000062],[76.918112862000044,28.334761478000068],[76.917921733000071,28.336139434000064],[76.919192773000077,28.337191207000032],[76.920679675000031,28.338239927000068],[76.921102542000099,28.340144063000011],[76.921130724000093,28.341709942000012],[76.919815863000053,28.34302732400004],[76.917902086000083,28.344658732000017],[76.91523996200003,28.345498390000049],[76.909527512000068,28.347786111000065],[76.909511965000036,28.347060769000052],[76.909507013000052,28.347017126000019],[76.909493833000056,28.346973965000068],[76.909472805000064,28.346933313000068],[76.909444498000084,28.34689627900007],[76.909409690000075,28.346863870000039],[76.909369324000068,28.346836973000034],[76.90932450600009,28.34681632000007],[76.909276458000079,28.346802474000068],[76.909226487000069,28.346795817000039],[76.909201848000066,28.346795236000048],[76.90783311000007,28.346811862000038],[76.907555104000039,28.335572574000025],[76.909522604000088,28.335523046000031],[76.91113985800007,28.336506524000068],[76.911149890000047,28.33651237100003],[76.91119470600006,28.336533025000048],[76.911242750000042,28.336546868000024],[76.911292716000048,28.336553527000024],[76.911332772000037,28.336553576000032],[76.914007035000054,28.336401463000072],[76.914017501000046,28.336400707000049],[76.914067203000045,28.336392650000036],[76.914114728000072,28.336377465000052],[76.914158778000058,28.336355566000055],[76.914198156000069,28.336327551000053],[76.914231783000048,28.33629418500005],[76.914258748000066,28.336256373000019],[76.914278306000085,28.336215152000083],[76.914289932000017,28.336171646000022],[76.914292295000052,28.336153733000057],[76.914660652000066,28.332228881000045],[76.914705719000054,28.331748705000056],[76.916918341000041,28.333214105000014],[76.917241431000022,28.333511920000028],[76.91814645400008,28.334727863000062]]]},"properties":{"FID":119,"OBJECTID":120,"Id":0,"Area":1452523.9762500001,"Name":"P2","Density":" ","Code":600,"val":" ","Text_":"610,620,630,640","ClassText":"600 Public and Semi Public Use","Class":600,"CodeText":" ","Shape_Leng":0.051719773671000002,"Shape_Area":0.00013366054880200001}},{"type":"Feature","id":120,"geometry":{"type":"Polygon","coordinates":[[[76.914127689000068,28.331365868000034],[76.913771686000075,28.335158887000031],[76.913704360000054,28.335876187000046],[76.911399182000068,28.336007304000066],[76.910308030000067,28.335343757000029],[76.909786945000064,28.335026878000065],[76.909776911000051,28.335021028000025],[76.909732098000063,28.335000376000028],[76.909684055000071,28.334986530000037],[76.909634089000065,28.334979870000048],[76.909604949000084,28.334979374000064],[76.907541718000076,28.335031315000037],[76.907512094000083,28.333833347000052],[76.907608091000029,28.33358873100007],[76.909261621000041,28.329375257000041],[76.90939540800008,28.329423746000032],[76.910535491000076,28.329895917000044],[76.910576950000063,28.32991235500003],[76.913738190000046,28.331107894000073],[76.914127689000068,28.331365868000034]]]},"properties":{"FID":120,"OBJECTID":121,"Id":0,"Area":337590.44649300002,"Name":"P1","Density":" ","Code":600,"val":" ","Text_":"610,620,630,640","ClassText":"600 Public and Semi Public Use","Class":600,"CodeText":" ","Shape_Leng":0.022235638405000001,"Shape_Area":3.1062939576299998e-05}},{"type":"Feature","id":121,"geometry":{"type":"Polygon","coordinates":[[[76.999668773000053,28.425485249000076],[76.996729155000068,28.427059745000061],[76.996620796000059,28.427117781000035],[76.995807065000065,28.42633749100003],[76.99578555500004,28.426318800000054],[76.995745138000075,28.426291931000037],[76.995700271000032,28.42627131000005],[76.99567014700007,28.426262659000031],[76.995517824000032,28.425143490000039],[76.995516313000053,28.425135168000054],[76.99521506800005,28.423848518000057],[76.995212939000055,28.423840846000072],[76.994647129000043,28.422081865000049],[76.994643705000044,28.422072767000024],[76.994642468000038,28.422070024000039],[76.993159008000077,28.418905613000057],[76.993157628000048,28.418902783000068],[76.992085772000038,28.416788494000048],[76.992078520000049,28.416776335000051],[76.991302506000068,28.415673881000036],[76.990887480000083,28.414777429000019],[76.98983172800007,28.412229418000035],[76.989685890000032,28.411543302000037],[76.989714313000036,28.41153048100005],[76.991405171000068,28.410767724000035],[76.992618751000066,28.41299231000005],[76.994555917000071,28.416588523000026],[76.99456334100006,28.416602087000051],[76.999125253000031,28.42480679800007],[76.999137322000081,28.424827983000057],[76.999189279000063,28.424909204000073],[76.999248117000022,28.42498667000006],[76.999257405000037,28.424997808000047],[76.999668773000053,28.425485249000076]]]},"properties":{"FID":121,"OBJECTID":122,"Id":0,"Area":478511.12244900002,"Name":"36","Density":" ","Code":300,"val":"320/330/340","Text_":"300","ClassText":"300 Industrial","Class":300,"CodeText":" ","Shape_Leng":0.039527331342800003,"Shape_Area":4.4061860913499998e-05}},{"type":"Feature","id":122,"geometry":{"type":"Polygon","coordinates":[[[76.929268897000043,28.478196596000032],[76.925540372000057,28.478254141000033],[76.920631590000085,28.47829303300005],[76.920620003000067,28.47829325400004],[76.919669355000053,28.478321962000045],[76.91966235600006,28.478322220000052],[76.919601385000078,28.478328511000029],[76.919541907000053,28.478341925000031],[76.919532787000037,28.478344660000058],[76.919068457000023,28.478488740000039],[76.919020654000064,28.478506306000039],[76.919013561000043,28.478509404000079],[76.918686724000054,28.478655252000063],[76.920036064000044,28.476903697000061],[76.921391391000043,28.475127728000079],[76.922276493000084,28.47398128500004],[76.922517314000061,28.473673066000064],[76.922741849000033,28.473489587000081],[76.922917978000044,28.473351174000058],[76.923346546000062,28.473125809000063],[76.923465366000087,28.47309215000007],[76.923954129000052,28.472981378000036],[76.924561220000044,28.472850390000065],[76.924794467000083,28.472803167000034],[76.925621504000048,28.472804171000057],[76.927408059000072,28.472831225000053],[76.927417793000075,28.472831312000032],[76.927432723000052,28.47283135200006],[76.927524886000072,28.474324294000038],[76.927009274000056,28.474499686000062],[76.927119385000083,28.47484957600004],[76.927861420000042,28.474762653000024],[76.928216908000081,28.475292428000049],[76.929790478000029,28.475285382000028],[76.929773259000058,28.474338239000073],[76.930100912000057,28.474287747000062],[76.930057544000078,28.472830549000026],[76.930416424000043,28.472831773000046],[76.931068507000091,28.472829521000047],[76.931765922000068,28.472859262000039],[76.933114222000043,28.472911533000058],[76.934512703000053,28.472984413000052],[76.934528897000064,28.47298508600004],[76.935582384000043,28.47301553800002],[76.93560761100008,28.473015860000025],[76.936049834000073,28.473014329000019],[76.937507406000066,28.473012676000039],[76.939080879000073,28.473002212000036],[76.94189110800005,28.47297166300006],[76.942788992000033,28.472957863000037],[76.941628330000086,28.473316497000031],[76.931313580000065,28.476672302000047],[76.930666625000072,28.476757894000052],[76.930277620000084,28.476763418000083],[76.930009948000063,28.476308804000041],[76.929363693000099,28.476432580000047],[76.929192884000031,28.476549609000067],[76.928809432000023,28.476860659000074],[76.928771066000081,28.477128610000072],[76.928860288000052,28.477280149000009],[76.929167709000069,28.477543193000027],[76.929343379000045,28.477693505000033],[76.929308488000061,28.478152412000039],[76.929268897000043,28.478196596000032]]]},"properties":{"FID":122,"OBJECTID":123,"Id":0,"Area":723925.33362699999,"Name":" ","Density":" ","Code":800,"val":" ","Text_":"800","ClassText":"800 Aggriculture Zone","Class":800,"CodeText":" ","Shape_Leng":0.059476980451399999,"Shape_Area":6.6696828073900004e-05}},{"type":"Feature","id":123,"geometry":{"type":"MultiPolygon","coordinates":[[[[76.965179377000098,28.478744987000038],[76.965165779000074,28.47875083000002],[76.965161834000071,28.478753011000027],[76.964519708000068,28.479123067000039],[76.964506361000062,28.479131963000036],[76.964504318000081,28.479133563000062],[76.962855147000084,28.480455406000022],[76.962843150000083,28.480466490000026],[76.962428150000036,28.480908698000064],[76.962366618000033,28.477581109000024],[76.963440844000047,28.475271002000046],[76.965179377000098,28.478744987000038]]],[[[76.97285482400008,28.493155703000067],[76.972858543000044,28.493161466000053],[76.972890153000051,28.493202206000035],[76.972903315000053,28.493214762000033],[76.96094299400005,28.502568421000031],[76.956026168000051,28.506412898000065],[76.954076906000068,28.505177284000055],[76.952099217000068,28.504632706000052],[76.944633714000076,28.504474569000024],[76.944629377000069,28.50441067700006],[76.944627292000064,28.504392965000083],[76.944613390000029,28.504311825000052],[76.94459463500003,28.504242668000067],[76.944589074000078,28.504225228000042],[76.944585989000061,28.504215757000075],[76.94456247200003,28.504153463000016],[76.944039603000078,28.502919922000054],[76.945817873000067,28.500849603000059],[76.945840135000083,28.500822663000058],[76.945859491000078,28.500797413000029],[76.945868974000064,28.50078457800003],[76.945898863000082,28.500741547000075],[76.945940976000017,28.500669642000044],[76.945946254000035,28.500659379000066],[76.94595496700002,28.500642147000061],[76.945984336000038,28.500577460000034],[76.946011241000065,28.500500068000054],[76.946013121000078,28.500493547000062],[76.946018316000064,28.500475240000068],[76.946035378000033,28.500402551000025],[76.94604629800007,28.500321048000032],[76.946047906000047,28.500301113000035],[76.946050351000068,28.500222405000034],[76.946045019000053,28.500143807000015],[76.946042681000051,28.500123931000068],[76.946028775000059,28.500042785000062],[76.946009055000047,28.499970620000056],[76.946003398000073,28.49995311400005],[76.94794937100005,28.498772329000076],[76.948355372000037,28.497333979000071],[76.950112742000044,28.495900118000058],[76.95211938500006,28.494796911000009],[76.955038442000046,28.493346296000009],[76.958628892000036,28.491671069000059],[76.96125048100005,28.491681012000068],[76.961231945000065,28.490678513000027],[76.963259129000036,28.490696993000036],[76.964389875000052,28.490465775000061],[76.964376173000062,28.48972583800002],[76.966049902000066,28.489630009000049],[76.967183286000079,28.489541982000048],[76.967804234000084,28.489509118000054],[76.96839329200003,28.489214083000029],[76.968767983000077,28.489017653000079],[76.970230913000066,28.488994218000066],[76.97285482400008,28.493155703000067]]]]},"properties":{"FID":123,"OBJECTID":124,"Id":0,"Area":2789619.9395900001,"Name":" ","Density":" ","Code":800,"val":" ","Text_":"810","ClassText":"800 Aggriculture Zone","Class":800,"CodeText":" ","Shape_Leng":0.0859574817726,"Shape_Area":0.00025705906895799997}},{"type":"Feature","id":124,"geometry":{"type":"Polygon","coordinates":[[[76.928168877000076,28.382903956000064],[76.928358752000065,28.383065868000088],[76.928204508000064,28.383254701000048],[76.928177710000057,28.383287508000024],[76.926867785000084,28.38489114500004],[76.925962359000039,28.382502485000021],[76.926591748000064,28.381935084000073],[76.926834539000069,28.381766105000047],[76.928168877000076,28.382903956000064]]]},"properties":{"FID":124,"OBJECTID":125,"Id":0,"Area":40744.850179599998,"Name":"87","Density":" ","Code":700,"val":"320/330/340","Text_":"700","ClassText":"700 Open Spaces","Class":700,"CodeText":" ","Shape_Leng":0.0080576771055800005,"Shape_Area":3.7507510742700001e-06}},{"type":"Feature","id":125,"geometry":{"type":"MultiPolygon","coordinates":[[[[77.011369531000057,28.424444601000058],[77.011768883000073,28.424122616000037],[77.012106202000027,28.423850645000073],[77.012270555000043,28.423718131000044],[77.015384159000064,28.42702168600005],[77.015305063000085,28.427087423000053],[77.01529382800004,28.427098109000038],[77.015290801000049,28.427101548000042],[77.014573836000054,28.427950783000032],[77.013913961000057,28.428667497000049],[77.012919684000053,28.429125506000041],[77.011781804000066,28.429404324000075],[77.009204059000083,28.429594530000035],[77.009190965000073,28.429596129000061],[77.009177327000032,28.429599191000072],[77.007155764000061,28.430164152000032],[77.007069008000045,28.430190111000062],[77.00595600600009,28.428861764000036],[77.006746379000035,28.428257644000038],[77.006751875000063,28.428253340000023],[77.007686958000079,28.427503208000068],[77.008955601000096,28.426462860000058],[77.008965656000029,28.426454120000074],[77.00973670500008,28.425751755000075],[77.011369531000057,28.424444601000058]]],[[[77.017095150000046,28.431032604000052],[77.016908748000048,28.431155941000039],[77.015337335000069,28.432196502000068],[77.014088461000028,28.433027117000048],[77.012763272000029,28.433913132000043],[77.011618111000061,28.434670291000035],[77.011085654000055,28.434983540000065],[77.007222152000054,28.43037288000005],[77.007231850000039,28.430369978000051],[77.009238096000033,28.429809310000046],[77.011813643000039,28.429619264000053],[77.01182673700005,28.429617665000016],[77.011836170000052,28.429615705000064],[77.01299755000008,28.429331130000019],[77.013008644000067,28.429327900000029],[77.013021433000063,28.429322810000031],[77.014049587000045,28.428849193000069],[77.014055993000056,28.428846023000059],[77.014073273000065,28.428834940000055],[77.014087980000056,28.428821523000064],[77.014765519000036,28.428085618000065],[77.014768615000037,28.428082106000037],[77.014819137000075,28.428022266000021],[77.017095150000046,28.431032604000052]]]]},"properties":{"FID":125,"OBJECTID":126,"Id":0,"Area":689933.64787700004,"Name":"34","Density":" ","Code":300,"val":"320/330/340","Text_":"320,330,340","ClassText":"300 Industrial","Class":300,"CodeText":" ","Shape_Leng":0.0488601034214,"Shape_Area":6.3533916485800001e-05}},{"type":"Feature","id":126,"geometry":{"type":"Polygon","coordinates":[[[77.034924377000038,28.409201844000041],[77.034905187000049,28.409210107000035],[77.034887910000052,28.409221193000064],[77.034873074000075,28.409234761000032],[77.034861396000053,28.409249977000059],[77.03427408500005,28.410175766000048],[77.034266158000037,28.410190987000085],[77.033976942000038,28.410882909000076],[77.033976041000074,28.410885136000047],[77.033970865000072,28.410903444000034],[77.033969497000044,28.410915066000026],[77.033938082000077,28.411473852000029],[77.033661850000044,28.41221137500002],[77.033378092000078,28.412545427000065],[77.033368938000081,28.412557901000071],[77.03336024500004,28.412575137000029],[77.033355069000024,28.412593445000031],[77.033353659000056,28.412605911000064],[77.033322871000053,28.413255772000067],[77.033322781000038,28.413262132000053],[77.033324304000061,28.413277423000064],[77.033516514000041,28.414338603000029],[77.033529266000073,28.414542140000037],[77.024521372000052,28.414532614000045],[77.024717144000078,28.414365076000024],[77.024735473000078,28.414347963000065],[77.026546610000082,28.412502130000053],[77.027693499000065,28.412034463000051],[77.029889802000056,28.411138834000031],[77.029933320000055,28.411117115000017],[77.029972691000069,28.411089066000041],[77.03000630300005,28.411055672000035],[77.030033239000034,28.411017840000053],[77.030052766000054,28.410976603000044],[77.030064350000032,28.410933090000068],[77.030067666000036,28.410898066000073],[77.030223420000084,28.403471385000035],[77.030270726000083,28.401215860000036],[77.030858948000045,28.401166229000072],[77.031747346000031,28.401191678000028],[77.033942023000066,28.401365680000012],[77.036753021000038,28.40159533100007],[77.036426341000038,28.402289296000045],[77.035299642000041,28.404368947000027],[77.034511068000029,28.407188438000052],[77.034924377000038,28.409201844000041]]]},"properties":{"FID":126,"OBJECTID":127,"Id":0,"Area":783618.563494,"Name":"72","Density":" ","Code":700,"val":"710/720/740/760","Text_":"710,720,740,760","ClassText":"700 Open Spaces","Class":700,"CodeText":" ","Shape_Leng":0.045888293735000002,"Shape_Area":7.2145126328199998e-05}},{"type":"Feature","id":127,"geometry":{"type":"Polygon","coordinates":[[[77.04908821600003,28.389972973000052],[77.048942689000057,28.390183849000042],[77.048441585000035,28.390815873000054],[77.048438147000084,28.390820254000051],[77.047995982000032,28.391391321000071],[77.047968083000058,28.391425723000051],[77.047954959000037,28.391442755000075],[77.047774555000046,28.391674022000068],[77.047376255000074,28.392183044000031],[77.047349547000067,28.39221622500002],[77.047335513000064,28.392234656000031],[77.04705135100005,28.39259596800002],[77.047046778000038,28.392601875000025],[77.046622772000035,28.393157371000015],[77.046613072000071,28.39317048600002],[77.04659261200004,28.393201236000031],[77.046349115000055,28.393596449000022],[77.046335032000059,28.393620740000067],[77.046309630000053,28.393674709000038],[77.046156789000079,28.394056344000038],[77.046143920000077,28.394093005000052],[77.045973670000066,28.394647075000016],[77.04596715200006,28.394670308000048],[77.045530447000019,28.396388402000056],[77.045153925000079,28.397861737000017],[77.044767400000069,28.399365441000036],[77.044708511000067,28.399591667000038],[77.044436116000043,28.400628923000063],[77.040806065000083,28.400566487000031],[77.040797909000048,28.400566385000037],[77.040771277000033,28.400566588000061],[77.040402619000091,28.400575066000044],[77.039448852000078,28.400505813000041],[77.037279566000052,28.400279404000059],[77.037262401000078,28.400277827000018],[77.034080761000041,28.400017899000034],[77.031862298000078,28.399842010000047],[77.031818725000051,28.399839658000076],[77.030859674000055,28.399812184000034],[77.030841691000035,28.399811856000053],[77.030762584000058,28.399814859000038],[77.03019607800006,28.399862658000064],[77.02999598500007,28.388162136000059],[77.036724133000078,28.388000931000079],[77.03868704000007,28.388749779000069],[77.038736646000075,28.388764147000071],[77.038786641000058,28.388770758000081],[77.038836514000081,28.388770061000049],[77.039819413000032,28.388685132000035],[77.041189810000049,28.388566708000042],[77.04210062500006,28.388487994000052],[77.04332134100008,28.388451437000068],[77.043738125000075,28.388473116000053],[77.046520907000058,28.388617838000084],[77.048921655000072,28.388742646000022],[77.048949109000034,28.38874298200005],[77.049128800000062,28.388738050000022],[77.04908821600003,28.389972973000052]]]},"properties":{"FID":127,"OBJECTID":128,"Id":0,"Area":2127179.7462300002,"Name":"69","Density":"250","Code":100,"val":"100/250","Text_":"100/250","ClassText":"100 Residential (Group Housing/Plotted)","Class":100,"CodeText":" ","Shape_Leng":0.058347365509100003,"Shape_Area":0.00019581644846800001}},{"type":"Feature","id":128,"geometry":{"type":"MultiPolygon","coordinates":[[[[77.040051447000053,28.402514624000037],[77.039139221000084,28.402625306000058],[77.039132564000056,28.402626281000039],[77.039112045000081,28.402631472000049],[77.039092856000082,28.402639736000026],[77.039078435000093,28.40264869700006],[77.038101681000057,28.403353693000032],[77.037748891000049,28.403608324000057],[77.037746037000034,28.403610447000055],[77.037731203000092,28.403624016000027],[77.037719257000049,28.403639657000046],[77.037710566000058,28.403656893000054],[77.03770664700005,28.403669286000024],[77.037426665000055,28.404812742000043],[77.037425411000072,28.404818656000021],[77.037423923000048,28.404833240000066],[77.037412356000075,28.405292381000031],[77.036807027000066,28.40587930200007],[77.036802385000058,28.405884074000031],[77.036790439000086,28.405899716000079],[77.036781747000077,28.405916952000023],[77.036776572000079,28.405935259000032],[77.036775060000082,28.405951283000039],[77.036770020000063,28.406447185000051],[77.036760815000036,28.407353155000063],[77.036601168000075,28.408050401000022],[77.036158790000073,28.408640459000022],[77.035723166000082,28.409002689000022],[77.034935036000036,28.40919871900007],[77.034924377000038,28.409201844000041],[77.034511068000029,28.407188438000052],[77.035299642000041,28.404368947000027],[77.036426341000038,28.402289296000045],[77.036753021000038,28.40159533100007],[77.037111952000032,28.401624649000031],[77.039282944000036,28.401851240000042],[77.039310013000033,28.40185363400008],[77.040318562000039,28.401926864000067],[77.040335066000068,28.401927902000065],[77.040401083000063,28.401928904000027],[77.040456863000031,28.401927622000073],[77.040051447000053,28.402514624000037]]],[[[77.044079981000039,28.40197640600006],[77.043660633000059,28.403521570000059],[77.043658986000068,28.403527806000053],[77.043222938000042,28.405222569000049],[77.042826410000032,28.406649523000052],[77.042606571000064,28.407385162000029],[77.041653412000073,28.410650414000031],[77.04100749900006,28.412865542000073],[77.040318356000057,28.415209496000035],[77.039785069000061,28.417006499000017],[77.039706135000074,28.417272486000055],[77.039666492000038,28.417406068000041],[77.039057430000071,28.419459833000079],[77.038294220000068,28.422069962000009],[77.037658242000091,28.424251837000039],[77.036961206000058,28.426615094000045],[77.036563019000084,28.427960209000048],[77.036559063000084,28.427974341000031],[77.036553148000053,28.427996773000064],[77.036482050000075,28.428249627000071],[77.034945557000071,28.427895317000029],[77.031340347000082,28.427045090000021],[77.028319525000029,28.426287854000051],[77.02828831500004,28.426280568000031],[77.031734535000069,28.421910423000039],[77.031751110000073,28.421905968000036],[77.031770302000041,28.421897704000063],[77.031787578000035,28.421886619000063],[77.031802416000062,28.421873051000031],[77.031814365000074,28.421857412000062],[77.03181577600003,28.421855100000069],[77.032066937000067,28.421431149000053],[77.032074220000084,28.42141622400003],[77.032075972000015,28.421411364000051],[77.032851184000052,28.419072677000027],[77.033427953000057,28.417653048000034],[77.033429578000039,28.417648677000045],[77.033879914000053,28.416343145000042],[77.033883723000031,28.416328561000046],[77.033885224000088,28.416309735000027],[77.033885055000027,28.416305576000063],[77.033760705000077,28.414321032000032],[77.033759351000072,28.414309899000042],[77.033568090000074,28.413253944000068],[77.033596768000052,28.412648571000034],[77.033869719000052,28.41232724100006],[77.03387887100007,28.412314766000058],[77.033887807000042,28.412296895000043],[77.034175806000064,28.411527958000089],[77.034180497000094,28.411510920000076],[77.03418186500005,28.41149929800002],[77.034213176000051,28.410942400000067],[77.034492542000066,28.410274042000015],[77.035050185000046,28.409395021000019],[77.035818367000047,28.409203950000059],[77.035829027000034,28.409200824000035],[77.035848217000094,28.409192561000051],[77.035865491000038,28.409181475000022],[77.035869098000049,28.409178596000054],[77.036336908000067,28.408789601000013],[77.03634813900004,28.408778912000063],[77.036355083000046,28.408770551000028],[77.036753431000079,28.408239223000074],[77.036818506000046,28.408152417000053],[77.036823509000044,28.408145138000062],[77.036832200000049,28.408127902000039],[77.036836458000039,28.408114081000061],[77.036877355000058,28.407935466000016],[77.037003171000038,28.407385966000056],[77.03700408900005,28.407381477000051],[77.037005601000033,28.407365456000033],[77.03701490900005,28.406449129000059],[77.03701952800003,28.405994623000016],[77.037624228000098,28.405408308000066],[77.037628870000049,28.405403534000072],[77.037640816000092,28.405387894000061],[77.037649507000083,28.405370658000034],[77.037654682000039,28.405352348000065],[77.037656170000034,28.405337765000063],[77.037668499000063,28.404848430000076],[77.037936933000083,28.403752118000057],[77.03920662400003,28.402835694000025],[77.040142308000043,28.402722165000053],[77.040148964000082,28.402721191000079],[77.040169483000057,28.402715998000069],[77.040188672000056,28.402707735000035],[77.040205945000082,28.40269664900006],[77.040220779000038,28.402683080000035],[77.040230160000092,28.402671330000032],[77.040730704000055,28.401921326000025],[77.040793674000057,28.401919877000061],[77.044079981000039,28.40197640600006]]]]},"properties":{"FID":128,"OBJECTID":129,"Id":0,"Area":1987626.3537399999,"Name":"48","Density":"250","Code":100,"val":"100/250","Text_":"100/250","ClassText":"100 Residential (Group Housing/Plotted)","Class":100,"CodeText":" ","Shape_Leng":0.090604340136399994,"Shape_Area":0.00018301160191100001}},{"type":"Feature","id":129,"geometry":{"type":"MultiPolygon","coordinates":[[[[76.865528624000035,28.395025544000074],[76.865527477000057,28.395041478000053],[76.865525070000047,28.395136792000066],[76.865623036000045,28.401859594000022],[76.865623369000033,28.40187462200003],[76.865751903000046,28.405412861000059],[76.855982448000077,28.400443094000032],[76.865540640000049,28.394872638000038],[76.865528624000035,28.395025544000074]]],[[[76.880818878000071,28.412544920000069],[76.880810303000032,28.412551853000018],[76.880800459000056,28.412560503000062],[76.88078280700006,28.412576735000076],[76.880758988000082,28.412601445000064],[76.88075000300006,28.412612560000071],[76.880735041000037,28.41263209400006],[76.880722389000084,28.412650847000066],[76.876791476000037,28.410695955000055],[76.876777818000051,28.410562809000059],[76.876720117000048,28.410353492000063],[76.876706455000047,28.410191322000049],[76.876594422000039,28.409963654000013],[76.876344525000036,28.40988114400006],[76.876170726000055,28.409826236000072],[76.875946635000048,28.409982132000035],[76.875803513000051,28.410204599000053],[76.869342197000037,28.406990812000071],[76.869342051000046,28.406972407000072],[76.869341644000016,28.406954719000051],[76.869194127000071,28.401805956000022],[76.869126781000034,28.397195035000035],[76.869513034000079,28.397451574000058],[76.870841478000031,28.398398588000074],[76.872015481000062,28.399451785000046],[76.872070461000078,28.399496044000053],[76.874110466000047,28.400956571000048],[76.874162858000034,28.400990589000063],[76.876003790000084,28.40207153100005],[76.878321397000036,28.403526687000067],[76.878342581000084,28.403539470000055],[76.878357648000076,28.403547956000065],[76.879496298000049,28.40417117600002],[76.879545732000054,28.404195800000018],[76.879576815000064,28.404208970000056],[76.880871186000036,28.404722578000072],[76.881700600000045,28.405101981000026],[76.881917369000078,28.405225474000062],[76.882625302000065,28.405729831000031],[76.884219012000074,28.406912806000026],[76.884224238000073,28.40691664500002],[76.884252140000058,28.406935903000026],[76.885602869000081,28.407819728000039],[76.885635041000057,28.407839550000059],[76.885643917000039,28.407844609000055],[76.886350262000065,28.408240367000072],[76.880818878000071,28.412544920000069]]]]},"properties":{"FID":129,"OBJECTID":130,"Id":0,"Area":1851719.89191,"Name":"97","Density":" ","Code":400,"val":"400","Text_":"400","ClassText":"400 Transport and Communication","Class":400,"CodeText":" ","Shape_Leng":0.083411047262599999,"Shape_Area":0.00017050102917699999}},{"type":"Feature","id":130,"geometry":{"type":"Polygon","coordinates":[[[76.887976516000037,28.333314364000049],[76.894478317000065,28.333567303000045],[76.895056764000046,28.346730176000051],[76.884618359000058,28.346605064000077],[76.884858975000043,28.34526878600008],[76.884861544000046,28.345253030000034],[76.885123580000084,28.343459849000045],[76.885125555000059,28.343444664000046],[76.885336552000069,28.341582864000035],[76.885592907000031,28.339796216000018],[76.885989039000037,28.33798793300009],[76.886929752000071,28.335338383000071],[76.887873293000027,28.33351395100004],[76.887976516000037,28.333314364000049]]]},"properties":{"FID":130,"OBJECTID":131,"Id":0,"Area":1286427.8950700001,"Name":"P5","Density":" ","Code":600,"val":" ","Text_":"610,620,630,640","ClassText":"600 Public and Semi Public Use","Class":600,"CodeText":" ","Shape_Leng":0.043942819102500003,"Shape_Area":0.000118378960818}},{"type":"Feature","id":131,"geometry":{"type":"Polygon","coordinates":[[[76.942952365000053,28.336668460000059],[76.941262041000073,28.336757541000054],[76.940165962000037,28.334934942000082],[76.937742484000054,28.335757004000065],[76.937564244000043,28.335655968000022],[76.936762730000055,28.335201624000032],[76.936749743000064,28.335194352000038],[76.936658238000078,28.335147960000025],[76.936562987000059,28.335107904000033],[76.936464549000036,28.335074414000072],[76.936455174000073,28.335071617000033],[76.935598731000084,28.334819174000071],[76.935507062000042,28.334795247000041],[76.935404000000062,28.334775445000037],[76.93529952800003,28.334762683000065],[76.935279450000053,28.334761050000051],[76.934334755000066,28.334690454000047],[76.934249563000051,28.334686435000034],[76.934144113000059,28.334687931000062],[76.934062700000084,28.334693997000027],[76.932805959000063,28.334820959000066],[76.932782365000037,28.334823528000072],[76.932754557000052,28.334827023000063],[76.930838306000055,28.335085599000017],[76.930795062000072,28.335092060000083],[76.925222191000046,28.336005468000042],[76.924347865000072,28.335969871000035],[76.923245162000057,28.335725845000059],[76.922699059000081,28.335531104000033],[76.922110538000098,28.335193886000063],[76.921462928000039,28.334651337000007],[76.920921001000082,28.33402611800005],[76.919471631000079,28.332078884000051],[76.919435174000057,28.332032298000062],[76.919369914000072,28.331958996000022],[76.919315042000036,28.331905312000043],[76.918826656000078,28.33145513900007],[76.918810119000071,28.331440157000028],[76.918732980000073,28.331376527000025],[76.91865843100004,28.331323481000027],[76.91525596200006,28.329070044000041],[76.915248095000038,28.329064872000064],[76.916032023000071,28.328542329000065],[76.916743187000066,28.328475036000043],[76.918297058000064,28.328453193000009],[76.921202313000038,28.327953881000038],[76.923981148000053,28.327628202000021],[76.925599742000017,28.327605363000028],[76.927854395000068,28.326943186000051],[76.928936124000089,28.326597830000015],[76.928925004000064,28.326729336000028],[76.931564801000036,28.329461610000056],[76.934076577000042,28.330808989000037],[76.93584547200004,28.331929946000049],[76.937007780000059,28.331741536000035],[76.938103260000048,28.331439462000041],[76.939461877000042,28.33136284700004],[76.939721900000052,28.331416453000024],[76.940767199000049,28.331917305000044],[76.942149308000069,28.333518746000028],[76.943554736000053,28.336659240000078],[76.94298553200008,28.336667350000024],[76.942952365000053,28.336668460000059]]]},"properties":{"FID":131,"OBJECTID":132,"Id":0,"Area":1550030.2955499999,"Name":" ","Density":" ","Code":800,"val":" ","Text_":"850","ClassText":"800 Aggriculture Zone","Class":850,"CodeText":" ","Shape_Leng":0.065974876804899996,"Shape_Area":0.00014262005928699999}},{"type":"Feature","id":132,"geometry":{"type":"Polygon","coordinates":[[[77.090067163000072,28.480895115000063],[77.091090968000074,28.481071320000066],[77.09449277700007,28.481859496000027],[77.094495696000081,28.481864545000054],[77.094633374000068,28.483494179000047],[77.094803503000051,28.48543733300005],[77.094771967000057,28.485792417000027],[77.09465963100007,28.486012556000031],[77.09445966100003,28.486211449000049],[77.094057583000051,28.486522302000026],[77.093568344000062,28.486827760000036],[77.091736730000036,28.487978935000054],[77.09172841500002,28.487984350000033],[77.090181657000073,28.489027582000062],[77.090156172000036,28.489046807000079],[77.090127002000017,28.489075111000023],[77.089549299000055,28.489722276000066],[77.089544852000074,28.489727381000005],[77.089517919000045,28.489765223000056],[77.08949840300005,28.489806466000054],[77.089486839000074,28.489849984000042],[77.089483538000067,28.489894591000045],[77.089488594000045,28.489939070000034],[77.089501865000045,28.489982205000043],[77.089506660000055,28.489991543000031],[77.089521542000071,28.490020525000027],[77.090580000000045,28.491717200000025],[77.091925854000067,28.494454644000022],[77.092391717000069,28.495391634000043],[77.092304095000031,28.495725920000034],[77.09215710400008,28.49589416800006],[77.089856591000057,28.497480825000014],[77.086919178000073,28.49437418500003],[77.086908746000063,28.49436328400002],[77.086851608000075,28.494304343000078],[77.082653863000075,28.489973945000024],[77.072629491000043,28.479491586000044],[77.072093558000063,28.478882396000067],[77.072053399000083,28.478838858000064],[77.071981792000031,28.478770283000074],[77.071965449000061,28.478756024000059],[77.071311304000062,28.478194847000061],[77.07182382700006,28.478293458000042],[77.07292228600005,28.478493334000063],[77.074349162000019,28.478753300000058],[77.079531423000049,28.479666058000074],[77.079534795000029,28.479666618000067],[77.083929191000053,28.480350398000038],[77.086036825000065,28.480654517000055],[77.086039535000054,28.480654880000028],[77.087025930000038,28.480779133000055],[77.087037752000072,28.480780210000031],[77.087732524000046,28.480819554000046],[77.087744980000068,28.480819810000057],[77.087750287000048,28.480819647000025],[77.088768247000075,28.480772789000056],[77.089264994000075,28.480765155000025],[77.090067163000072,28.480895115000063]]]},"properties":{"FID":132,"OBJECTID":133,"Id":0,"Area":2049277.9903200001,"Name":"25","Density":"250","Code":100,"val":"100/250","Text_":"100/250","ClassText":"100 Residential (Group Housing/Plotted)","Class":100,"CodeText":" ","Shape_Leng":0.070597020131100002,"Shape_Area":0.000188794935098}},{"type":"Feature","id":133,"geometry":{"type":"Polygon","coordinates":[[[77.084670028000062,28.515681977000042],[77.086683267000069,28.514460173000021],[77.088547321000078,28.513309386000056],[77.090304260000039,28.512241744000047],[77.090317145000014,28.512232990000012],[77.090471999000044,28.512115718000064],[77.090477724000039,28.512111124000054],[77.091634531000068,28.511134772000045],[77.091751914000042,28.511074087000058],[77.091577653000058,28.511715158000065],[77.091570544000035,28.511742711000071],[77.091552246000049,28.511834603000072],[77.091541960000029,28.511927463000056],[77.091539613000066,28.511987537000046],[77.091532108000081,28.512661609000073],[77.091532251000046,28.512694816000067],[77.091538135000064,28.512787975000027],[77.091547608000042,28.512856078000027],[77.091712212000076,28.513815462000021],[77.091716682000069,28.513839842000031],[77.091738599000053,28.513931116000037],[77.09176836000006,28.514020638000034],[77.091775206000079,28.514038205000077],[77.09192657100003,28.51441713700007],[77.091928090000067,28.514420598000072],[77.089695199000062,28.515036991000034],[77.08744332100008,28.515660248000071],[77.085619351000048,28.516307753000032],[77.085219141000024,28.516449823000073],[77.084670028000062,28.515681977000042]]]},"properties":{"FID":133,"OBJECTID":134,"Id":0,"Area":146843.63567700001,"Name":" ","Density":" ","Code":900,"val":" ","Text_":"900","ClassText":"900 Special Zone","Class":900,"CodeText":" ","Shape_Leng":0.019848238705799999,"Shape_Area":1.3532037054599999e-05}},{"type":"Feature","id":134,"geometry":{"type":"MultiPolygon","coordinates":[[[[77.091233196000076,28.502952721000032],[77.093166465000081,28.505311043000059],[77.093509490000017,28.505841965000059],[77.093610034000037,28.506116974000069],[77.093718671000033,28.506698270000065],[77.093650843000034,28.507446679000065],[77.093489802000079,28.507861250000069],[77.093191887000046,28.508405809000074],[77.092327745000034,28.509888173000022],[77.092307461000075,28.509924436000052],[77.092302820000043,28.509933182000037],[77.091911689000085,28.510677882000039],[77.091463515000044,28.510909578000053],[77.091441152000073,28.510923840000032],[77.091435818000036,28.510928132000053],[77.090269011000032,28.51191292400005],[77.090123884000036,28.512022828000045],[77.088372664000076,28.513086999000045],[77.086508840000079,28.514237641000076],[77.084315243000063,28.51556889600004],[77.082531333000077,28.516592146000047],[77.081641607000066,28.516935709000052],[77.080761780000046,28.517273837000062],[77.080754501000058,28.517276837000047],[77.080470667000043,28.517401931000055],[77.080466969000057,28.517397311000025],[77.08010097500005,28.516968021000036],[77.080089525000062,28.516955142000015],[77.080080438000024,28.516945633000024],[77.079514237000069,28.516371292000027],[77.079193123000039,28.516036649000053],[77.079156244000032,28.516002461000028],[77.079140009000071,28.515989689000023],[77.078659299000037,28.515629108000034],[77.078391186000033,28.515395492000032],[77.077836133000062,28.514911960000063],[77.077303176000044,28.514377484000068],[77.076681673000067,28.513750580000075],[77.076669989000038,28.513739230000052],[77.076241199000037,28.513338332000039],[77.075981207000041,28.513072257000029],[77.07556320100008,28.512630495000042],[77.07538792500003,28.51243279300007],[77.075321296000084,28.512323945000041],[77.075120833000085,28.511998814000041],[77.075057378000054,28.511863188000049],[77.075976917000034,28.511625721000037],[77.077454223000075,28.511443893000024],[77.077462290000085,28.511442706000022],[77.077487963000067,28.511436206000045],[77.077511967000078,28.511425868000057],[77.077532530000028,28.511412801000056],[77.079781725000046,28.50971739900006],[77.080097333000083,28.509486901000059],[77.082504174000064,28.507729064000046],[77.08435516000003,28.506377128000043],[77.08587052300004,28.505270286000037],[77.087952108000081,28.503749801000023],[77.089607152000042,28.502540828000047],[77.090369951000056,28.501983608000049],[77.091233196000076,28.502952721000032]]],[[[77.085219141000024,28.516449823000073],[77.081016669000064,28.517809083000028],[77.080800239000027,28.517867330000062],[77.080784635000029,28.517829758000055],[77.080755997000054,28.517781785000064],[77.080747846000065,28.517770520000049],[77.080641735000029,28.517629023000037],[77.080887701000051,28.517520618000042],[77.081764115000055,28.517183798000062],[77.082665607000081,28.516835692000022],[77.082683132000057,28.516827701000071],[77.082687681000039,28.516825191000066],[77.084483836000061,28.515794915000079],[77.084487151000062,28.515792958000077],[77.084670028000062,28.515681977000042],[77.085219141000024,28.516449823000073]]]]},"properties":{"FID":134,"OBJECTID":135,"Id":0,"Area":1463378.3633099999,"Name":"20","Density":" ","Code":300,"val":"320/330","Text_":"320,330","ClassText":"300 Industrial","Class":300,"CodeText":" ","Shape_Leng":0.060202164680499999,"Shape_Area":0.00013484972920200001}},{"type":"Feature","id":135,"geometry":{"type":"Polygon","coordinates":[[[76.988784469000052,28.405979153000029],[76.988446676000081,28.406187334000034],[76.988122950000047,28.405045266000055],[76.988097763000027,28.404763233000036],[76.988784469000052,28.405979153000029]]]},"properties":{"FID":135,"OBJECTID":136,"Id":0,"Area":3346.5344705699999,"Name":"36 A","Density":" ","Code":700,"val":" ","Text_":"700","ClassText":"700 Open Spaces","Class":700,"CodeText":" ","Shape_Leng":0.00326344307624,"Shape_Area":3.0811227728299998e-07}},{"type":"Feature","id":136,"geometry":{"type":"Polygon","coordinates":[[[76.960088822000031,28.452223136000033],[76.960092197000051,28.452272841000031],[76.960105913000064,28.452354596000077],[76.960127637000099,28.45243498100006],[76.960135771000068,28.452456549000026],[76.958279230000073,28.455648038000049],[76.946904171000085,28.448701186000047],[76.946894051000058,28.44869562600007],[76.946874555000079,28.448687928000016],[76.946853842000067,28.44868333800002],[76.946850163000079,28.448683107000075],[76.947365629000046,28.445151135000053],[76.957507303000057,28.450783069000064],[76.959885670000062,28.452109393000054],[76.960088822000031,28.452223136000033]]]},"properties":{"FID":136,"OBJECTID":137,"Id":0,"Area":547221.32776899997,"Name":"99 A","Density":" ","Code":200,"val":"250/100","Text_":"200","ClassText":"200 Commercial","Class":200,"CodeText":" ","Shape_Leng":0.035443146517,"Shape_Area":5.04039615589e-05}},{"type":"Feature","id":137,"geometry":{"type":"MultiPolygon","coordinates":[[[[76.960810967000043,28.453367890000028],[76.961012126000071,28.45361407200005],[76.963169020000066,28.456253609000044],[76.961826720000033,28.458998946000055],[76.958679421000056,28.457032094000038],[76.960810949000063,28.453367869000033],[76.960810967000043,28.453367890000028]]],[[[76.964369301000033,28.457722401000069],[76.968293599000049,28.46413315400002],[76.961513043000082,28.468092836000029],[76.961420088000054,28.467737202000023],[76.960308766000082,28.46356425000004],[76.960331708000069,28.46251877700006],[76.960566705000076,28.461586740000023],[76.961650484000074,28.459903804000074],[76.961656165000079,28.459893674000053],[76.963336021000032,28.456457972000063],[76.964369301000033,28.457722401000069]]],[[[76.968972078000036,28.465241426000016],[76.96899547200006,28.465277705000059],[76.969047011000043,28.465346672000067],[76.969078161000098,28.465382790000032],[76.971116677000055,28.46763239900001],[76.968527918000063,28.469744097000049],[76.968354426000076,28.469785104000042],[76.961998287000043,28.469949290000049],[76.961586598000054,28.468374251000057],[76.968439912000051,28.464372151000074],[76.968972078000036,28.465241426000016]]],[[[76.961748468000053,28.469955740000049],[76.961191024000073,28.469970123000046],[76.960720805000051,28.469982254000055],[76.960692379000079,28.469983508000031],[76.960632868000047,28.469990098000036],[76.95989318900007,28.469361865000053],[76.959900404000052,28.469358763000045],[76.959906108000055,28.469355590000085],[76.961368400000083,28.468501664000037],[76.961748468000053,28.469955740000049]]]]},"properties":{"FID":137,"OBJECTID":138,"Id":0,"Area":1028834.03733,"Name":"99","Density":"250","Code":100,"val":"100/250","Text_":"100/250","ClassText":"100 Residential (Group Housing/Plotted)","Class":100,"CodeText":" ","Shape_Leng":0.073236219701500002,"Shape_Area":9.4776748957399993e-05}},{"type":"Feature","id":138,"geometry":{"type":"Polygon","coordinates":[[[76.961826720000033,28.458998946000055],[76.961433897000049,28.459802340000053],[76.960344339000073,28.461494242000075],[76.960335325000088,28.461511950000048],[76.960331538000048,28.461523769000046],[76.960089863000078,28.462482273000038],[76.960088460000065,28.462488759000053],[76.96008695200004,28.462503720000022],[76.960063471000069,28.463573679000032],[76.960063466000065,28.463577545000074],[76.960065673000017,28.46359631700005],[76.960066709000046,28.463600581000037],[76.961181440000075,28.467786371000035],[76.961294844000065,28.468220249000062],[76.959737235000034,28.469129762000016],[76.959721324000043,28.469140434000039],[76.95970275600007,28.469157385000074],[76.959687802000062,28.469176927000035],[76.959684091000042,28.469184269000031],[76.958982078000076,28.468588014000023],[76.954480502000081,28.464789363000079],[76.95442816700006,28.464745197000067],[76.954330757000037,28.464662993000044],[76.954191221000031,28.464545239000078],[76.954296638000073,28.464324629000039],[76.954301428000065,28.464314603000048],[76.956986922000041,28.459941219000026],[76.956990908000094,28.459934553000032],[76.958679421000056,28.457032094000038],[76.961826720000033,28.458998946000055]]]},"properties":{"FID":138,"OBJECTID":139,"Id":0,"Area":522009.61592200003,"Name":"99","Density":" ","Code":700,"val":" ","Text_":"700","ClassText":"700 Open Spaces","Class":700,"CodeText":" ","Shape_Leng":0.031361890275900001,"Shape_Area":4.8087823507400003e-05}},{"type":"Feature","id":139,"geometry":{"type":"Polygon","coordinates":[[[76.921842000000098,28.47256663800005],[76.921820790000083,28.472583305000061],[76.92181086800008,28.472591253000072],[76.921525433000056,28.472824495000062],[76.921485490000066,28.472859932000066],[76.921438092000074,28.472910869000032],[76.921426198000049,28.472925616000058],[76.921139896000057,28.47329205100004],[76.920250659000033,28.474443830000038],[76.91889470600006,28.476220592000065],[76.917385368000069,28.478179793000024],[76.917090105000057,28.478545952000047],[76.916731707000068,28.478886320000065],[76.916561036000076,28.479016817000058],[76.916369355000043,28.47912502400003],[76.91587901500003,28.479355773000055],[76.914809582000046,28.479825267000024],[76.91334672000005,28.480462827000061],[76.912075253000069,28.48102209100005],[76.910504457000059,28.481692001000049],[76.910496927000054,28.48169526200007],[76.908982767000055,28.482361182000034],[76.907035295000071,28.483201153000032],[76.907021057000065,28.483207475000022],[76.90589929600003,28.483719989000061],[76.904804675000037,28.484187472000027],[76.902870039000049,28.485030048000052],[76.899830775000055,28.486327107000083],[76.897176746000071,28.487472599000057],[76.897143058000026,28.487487138000066],[76.897113156000046,28.487500853000029],[76.897049813000081,28.487535739000069],[76.897036811000078,28.487544761000027],[76.890366092000079,28.47955548900006],[76.889476620000025,28.478490070000081],[76.889071743000045,28.477606198000032],[76.888470251000058,28.476293069000068],[76.888401237000025,28.476142404000029],[76.888327056000037,28.475535907000051],[76.888236525000082,28.474795729000054],[76.88813816000004,28.473991488000014],[76.885580897000068,28.475106396000058],[76.885223339000049,28.475291989000031],[76.883971060000079,28.475974658000041],[76.883747252000035,28.476169002000059],[76.883381089000068,28.476486956000027],[76.882348237000031,28.477383804000056],[76.877987407000035,28.471314544000052],[76.871809642000073,28.471078837000046],[76.869121660000076,28.464552177000026],[76.869466308000085,28.464572794000055],[76.869909060000055,28.464616779000032],[76.870607119000056,28.464744994000057],[76.875481782000065,28.465640617000073],[76.882144313000097,28.466965454000039],[76.885115726000038,28.467556234000039],[76.887581203000082,28.468031600000074],[76.890285628000072,28.468569977000065],[76.891771643000084,28.468859820000024],[76.891785159000051,28.468862331000008],[76.893181199000082,28.469108789000067],[76.893215449000081,28.469114043000047],[76.893232461000082,28.469116076000027],[76.894048964000035,28.469204413000057],[76.894067416000041,28.469206187000051],[76.895186754000065,28.469300326000052],[76.895791637000045,28.46936809900005],[76.89581303600005,28.469370196000053],[76.896831639000084,28.469455848000052],[76.898356110000051,28.469577911000048],[76.899389902000053,28.469684319000063],[76.899430823000046,28.469687442000062],[76.900443844000051,28.469737939000019],[76.901219726000079,28.469833981000068],[76.901250997000048,28.469837210000044],[76.902280591000064,28.469922516000043],[76.902289602000053,28.469923210000051],[76.903700384000047,28.47002360100003],[76.90508449000005,28.470195224000058],[76.905939845000034,28.47039525100007],[76.905960684000021,28.470399783000069],[76.906828934000032,28.470575945000064],[76.906874705000064,28.470583803000061],[76.907804831000078,28.470714776000086],[76.907812599000053,28.470715828000035],[76.907861798000056,28.47072066100003],[76.909091501000034,28.470802066000033],[76.909857364000047,28.470878477000046],[76.909878543000048,28.470880298000051],[76.911449773000072,28.470993769000074],[76.914072294000036,28.471213971000047],[76.916704562000064,28.471456658000076],[76.919643005000069,28.472201820000059],[76.919659370000034,28.472205778000035],[76.919706882000071,28.47221514400006],[76.921842000000098,28.47256663800005]]]},"properties":{"FID":139,"OBJECTID":140,"Id":0,"Area":5538716.3393200003,"Name":" ","Density":" ","Code":800,"val":" ","Text_":"800","ClassText":"800 Aggriculture Zone","Class":800,"CodeText":" ","Shape_Leng":0.12710461533100001,"Shape_Area":0.000510312812741}},{"type":"Feature","id":140,"geometry":{"type":"Polygon","coordinates":[[[76.91880838200008,28.432558141000069],[76.929233972000077,28.437743750000028],[76.92880923000007,28.438385587000031],[76.930201353000044,28.439007628000066],[76.930634815000076,28.438440418000024],[76.930916643000032,28.438580572000031],[76.930939362000061,28.438591143000043],[76.931717852000077,28.438929145000039],[76.932605989000081,28.439654748000056],[76.934586826000043,28.441632160000044],[76.936659373000055,28.443894744000033],[76.937238524000065,28.443657291000086],[76.937923951000073,28.443322820000052],[76.938565121000067,28.442931675000072],[76.939871147000076,28.443447874000068],[76.940916533000063,28.443891378000046],[76.941245833000039,28.44417318700005],[76.941253506000066,28.444593289000064],[76.940581332000079,28.445653410000034],[76.940081287000055,28.446672870000043],[76.943211288000043,28.447659626000071],[76.945388251000054,28.448526235000038],[76.946043208000049,28.448922657000015],[76.944880359000095,28.456889364000055],[76.944877830000053,28.456913417000074],[76.944878734000042,28.456962807000021],[76.944887767000068,28.457011553000026],[76.944904734000033,28.457058618000076],[76.944930023000055,28.457104126000051],[76.94663724000003,28.459647941000068],[76.94666733300005,28.459686440000038],[76.946705302000055,28.459722688000063],[76.946716458000083,28.459731536000053],[76.952948650000067,28.46448220000007],[76.952862085000064,28.46469764000005],[76.950076747000082,28.47162916000007],[76.950060584000084,28.471629362000034],[76.948356271000065,28.471653793000034],[76.946258275000048,28.471679072000018],[76.944072098000035,28.471719896000025],[76.941870658000084,28.471753740000047],[76.939066786000069,28.471784217000049],[76.937501486000031,28.471794628000055],[76.936046227000077,28.471796274000038],[76.935614804000082,28.471797765000069],[76.934584781000069,28.471767991000025],[76.933190183000079,28.471695313000048],[76.933179806000055,28.471694842000026],[76.931829536000066,28.471642497000055],[76.931116986000063,28.471612107000052],[76.93111000500005,28.471611841000023],[76.931081049000056,28.47161140400004],[76.930416471000058,28.471613709000053],[76.929607555000075,28.471610945000059],[76.92886082900003,28.47160486700005],[76.928845559000081,28.471604890000041],[76.927983913000062,28.471614743000032],[76.927426824000065,28.471613265000027],[76.925639751000062,28.471586201000047],[76.925628880000033,28.471586111000082],[76.924769072000046,28.471585066000038],[76.92315119400007,28.47136969700005],[76.923075844000053,28.471363481000022],[76.92303851800007,28.471363116000077],[76.922135257000036,28.471375888000068],[76.919991674000087,28.471023001000052],[76.91702652500004,28.470271065000066],[76.917010163000043,28.47026710800003],[76.916937033000082,28.470253961000036],[76.916907909000031,28.47025072100006],[76.914212263000096,28.470002189000077],[76.91420592200005,28.470001631000052],[76.911575630000073,28.469780776000057],[76.911566561000029,28.469780068000034],[76.910001457000078,28.469667039000054],[76.909233307000079,28.469590398000037],[76.909207460000061,28.469588254000023],[76.907993398000045,28.469507884000041],[76.907114670000041,28.469384148000067],[76.90628025500007,28.469214848000028],[76.905396107000058,28.46900808700007],[76.905319260000056,28.468994331000022],[76.903871792000089,28.468814842000025],[76.903831333000085,28.468810896000036],[76.902404764000025,28.468709382000043],[76.901395405000088,28.468625754000058],[76.900606788000061,28.468528134000053],[76.900549985000055,28.468523212000022],[76.899528981000074,28.468472316000028],[76.898593230000074,28.468375999000045],[76.899043068000083,28.466671981000047],[76.89580926900004,28.467146873000047],[76.895785143000069,28.464282094000055],[76.895027536000029,28.464221025000032],[76.895068958000081,28.461999982000062],[76.895663629000069,28.462015571000048],[76.895589076000078,28.457838312000035],[76.897081924000076,28.456579913000034],[76.898573537000061,28.455871473000062],[76.900067585000045,28.455300506000068],[76.901668616000052,28.454911396000053],[76.902112361000036,28.453621621000021],[76.902981615000044,28.452921834000044],[76.904984300000095,28.451793598000044],[76.906308710000076,28.450445633000076],[76.908238059000041,28.448126493000064],[76.91036649800003,28.445346113000024],[76.911480881000031,28.443863526000026],[76.911573869000051,28.443266275000045],[76.911904681000067,28.441473800000029],[76.91338937900008,28.440398568000028],[76.914056829000046,28.440022447000036],[76.914879823000035,28.439644133000051],[76.91529214500008,28.439500804000033],[76.91606080300005,28.438985724000073],[76.916408878000084,28.438155669000029],[76.916348768000034,28.437698100000031],[76.916237636000062,28.437287089000044],[76.916021981000029,28.436831710000032],[76.915958570000043,28.436190817000071],[76.916463833000066,28.435450235000076],[76.917284305000067,28.434934419000058],[76.917991982000046,28.433915927000037],[76.91880838200008,28.432558141000069]]]},"properties":{"FID":140,"OBJECTID":141,"Id":0,"Area":15214645.1316,"Name":" ","Density":" ","Code":800,"val":" ","Text_":"800","ClassText":"800 Aggriculture Zone","Class":800,"CodeText":" ","Shape_Leng":0.16836650546500001,"Shape_Area":0.0014015399122900001}},{"type":"Feature","id":141,"geometry":{"type":"Polygon","coordinates":[[[77.067976963000035,28.478729599000079],[77.067566458000044,28.479212878000055],[77.067047072000037,28.47918257800006],[77.065365942000085,28.47943732900006],[77.064529022000045,28.480863418000059],[77.063773326000032,28.482020873000067],[77.062619707000067,28.482725972000026],[77.061081526000066,28.483666090000042],[77.059327202000077,28.484609466000052],[77.057690665000052,28.484939849000064],[77.054979549000052,28.487418609000017],[77.05379034000002,28.486027689000021],[77.052906927000038,28.485013105000068],[77.050307973000031,28.482079352000024],[77.051787629000046,28.481514737000055],[77.052579652000077,28.482228569000025],[77.054901059000031,28.481544103000019],[77.056628148000073,28.483657150000052],[77.05777441400005,28.482570217000042],[77.059566752000066,28.48135889000001],[77.061284478000061,28.480759861000013],[77.063001438000072,28.480122622000057],[77.064374844000042,28.479605180000068],[77.063846541000046,28.479116611000048],[77.063702771000067,28.478393007000072],[77.063772132000054,28.477513368000071],[77.063938000000078,28.477047139000021],[77.06411789100008,28.47707066300006],[77.065469934000092,28.47728125500004],[77.06641932000008,28.477469177000046],[77.067596923000053,28.478403549000053],[77.067976963000035,28.478729599000079]]]},"properties":{"FID":141,"OBJECTID":142,"Id":0,"Area":522997.61028000002,"Name":"17","Density":" ","Code":600,"val":"650","Text_":"650","ClassText":"600 Public and Semi Public Use","Class":600,"CodeText":" ","Shape_Leng":0.047491395905199997,"Shape_Area":4.8182786776899999e-05}},{"type":"Feature","id":142,"geometry":{"type":"Polygon","coordinates":[[[76.996411866000074,28.472800513000035],[76.995281523000074,28.47414788900004],[76.993819393000095,28.473276282000025],[76.995078787000054,28.471725802000041],[76.995342826000069,28.471928481000067],[76.996137176000047,28.47253821900005],[76.996411866000074,28.472800513000035]]]},"properties":{"FID":142,"OBJECTID":143,"Id":0,"Area":34898.480766499997,"Name":"104","Density":" ","Code":500,"val":"500","Text_":"500","ClassText":"500 Public Utilities","Class":500,"CodeText":" ","Shape_Leng":0.0071724961730599999,"Shape_Area":3.2150467309200002e-06}},{"type":"Feature","id":143,"geometry":{"type":"Polygon","coordinates":[[[76.963913294000065,28.448740575000041],[76.962482017000085,28.449681385000073],[76.961706124000045,28.445923675000071],[76.961306191000062,28.442109366000057],[76.961334716000067,28.437464766000055],[76.962160767000057,28.431372703000079],[76.964339267000071,28.433070569000051],[76.964357507000059,28.433084293000032],[76.96439629200006,28.433110486000022],[76.964611361000038,28.433245340000042],[76.964369759000078,28.433753066000065],[76.964366894000079,28.433759682000073],[76.964361708000069,28.433777988000035],[76.964360499000065,28.43378719900004],[76.964042877000054,28.437650582000053],[76.963562112000034,28.44438137700007],[76.963561884000057,28.444389966000077],[76.963562184000068,28.444395969000027],[76.963897613000029,28.448516239000053],[76.963913294000065,28.448740575000041]]]},"properties":{"FID":143,"OBJECTID":144,"Id":0,"Area":428507.89804399997,"Name":"37 D","Density":" ","Code":200,"val":" ","Text_":"200","ClassText":"200 Commercial","Class":200,"CodeText":" ","Shape_Leng":0.038858517888899997,"Shape_Area":3.9465749118800001e-05}},{"type":"Feature","id":144,"geometry":{"type":"Polygon","coordinates":[[[76.991272140000035,28.410523862000044],[76.989716541000064,28.411225603000048],[76.989727396000035,28.410600209000044],[76.989768210000079,28.409743611000064],[76.989768326000046,28.409735676000025],[76.98976538800008,28.409711444000031],[76.989622196000084,28.40909526300004],[76.989621124000053,28.409091002000014],[76.989373711000042,28.408176927000056],[76.989369614000054,28.408164464000034],[76.989090030000057,28.407444703000056],[76.989152574000059,28.407401998000061],[76.989464360000056,28.407209845000068],[76.991272140000035,28.410523862000044]]]},"properties":{"FID":144,"OBJECTID":145,"Id":0,"Area":36351.168887699998,"Name":"36 A","Density":" ","Code":300,"val":" ","Text_":"300","ClassText":"300 Industrial","Class":300,"CodeText":" ","Shape_Leng":0.0098081878814400003,"Shape_Area":3.34695450274e-06}},{"type":"Feature","id":145,"geometry":{"type":"Polygon","coordinates":[[[76.964176236000085,28.420789490000061],[76.965077364000081,28.41858292400007],[76.966526586000043,28.419077292000047],[76.966597268000044,28.419097972000021],[76.967062250000083,28.419212156000075],[76.967097953000064,28.419220924000047],[76.967500483000038,28.419319770000079],[76.967548426000064,28.419329996000041],[76.968551469000033,28.419513886000054],[76.968581998000047,28.419518914000033],[76.968596276000099,28.419520880000054],[76.96884706700007,28.419553261000033],[76.969268400000033,28.419607658000061],[76.969475616000054,28.419634411000057],[76.969539646000044,28.41964026000004],[76.969565493000061,28.419641266000035],[76.969956977000038,28.419650643000072],[76.970504349000052,28.419663750000037],[76.970557307000036,28.419663396000029],[76.970635767000033,28.419656884000062],[76.970699898000078,28.419646109000038],[76.970721696000055,28.419641589000033],[76.970721837000028,28.419641561000045],[76.971167325000067,28.419549162000074],[76.971180483000069,28.419546325000056],[76.971255777000067,28.419525759000067],[76.971328281000055,28.419498458000064],[76.971397227000054,28.419464711000053],[76.971424976000037,28.419448682000048],[76.97211963500007,28.419028118000028],[76.972156544000029,28.419004317000027],[76.988279882000043,28.407997852000037],[76.988440020000041,28.408410114000034],[76.98867524800005,28.409279202000043],[76.988795398000036,28.409796224000051],[76.988758713000038,28.41056597500004],[76.988758443000052,28.410572295000069],[76.988758085000029,28.410585278000031],[76.988750833000026,28.411002845000056],[76.983857448000037,28.413210071000041],[76.983808649000096,28.413233971000061],[76.983741018000046,28.41327400200003],[76.983707120000076,28.413297562000015],[76.977341486000071,28.417967173000079],[76.976147896000043,28.418821974000021],[76.976111595000077,28.418849568000034],[76.976054270000077,28.418900650000065],[76.976012591000085,28.41894515500007],[76.974534938000033,28.420658176000071],[76.969183111000063,28.420691714000046],[76.969183003000069,28.420691713000043],[76.968347283000071,28.420696930000069],[76.967841605000032,28.420700084000035],[76.967820581000069,28.420700406000027],[76.964176236000085,28.420789490000061]]]},"properties":{"FID":145,"OBJECTID":146,"Id":0,"Area":571860.986271,"Name":"36 A","Density":"250","Code":100,"val":"250/100","Text_":"100/250","ClassText":"100 Residential (Group Housing/Plotted)","Class":100,"CodeText":" ","Shape_Leng":0.060069946704699999,"Shape_Area":5.2660843902799997e-05}},{"type":"Feature","id":146,"geometry":{"type":"Polygon","coordinates":[[[77.090635832000032,28.415304461000058],[77.09058996400006,28.415862627000006],[77.09058920700005,28.415886937000039],[77.09059213300003,28.415919859000045],[77.090697360000036,28.416582608000059],[77.090169436000053,28.416445241000069],[77.088843315000091,28.416054199000023],[77.088838600000031,28.416052824000079],[77.087322135000079,28.415618179000042],[77.086341434000076,28.415329955000058],[77.084025103000059,28.414665129000078],[77.084018395000044,28.414663232000056],[77.081047993000098,28.413837249000036],[77.081008974000028,28.413827395000052],[77.080531061000045,28.41371873500001],[77.079950986000014,28.413550991000069],[77.07793040100006,28.412834006000026],[77.074900857000046,28.411750211000019],[77.075132340000039,28.411278318000029],[77.075134734000059,28.411273299000076],[77.075483101000032,28.410522055000065],[77.075757427000042,28.409970604000026],[77.084357716000056,28.412733826000068],[77.090663403000065,28.414674153000071],[77.090672948000076,28.414676266000058],[77.09069345000006,28.414679343000039],[77.090635832000032,28.415304461000058]]]},"properties":{"FID":146,"OBJECTID":147,"Id":0,"Area":344028.30608000001,"Name":"62","Density":" ","Code":200,"val":"200","Text_":"200","ClassText":"200 Commercial","Class":200,"CodeText":" ","Shape_Leng":0.036081084520299997,"Shape_Area":3.1674255091700003e-05}},{"type":"Feature","id":147,"geometry":{"type":"Polygon","coordinates":[[[77.08118186300004,28.399836760000031],[77.082252627000059,28.400097117000026],[77.083180255000059,28.400324004000016],[77.083188397000072,28.400325891000019],[77.084443475000057,28.400600247000053],[77.085170554000058,28.400761086000056],[77.08649011600005,28.401046872000045],[77.087485800000081,28.401256184000029],[77.088893433000067,28.401555152000061],[77.089903620000044,28.401816923000066],[77.091583933000052,28.402255277000041],[77.092058288000047,28.402394219000019],[77.091974621000077,28.402853240000073],[77.091972823000063,28.402865222000052],[77.091814690000035,28.404140227000028],[77.091630105000021,28.405376298000071],[77.091546895000079,28.405957246000071],[77.091544530000078,28.405985884000064],[77.091527604000063,28.406740717000048],[77.091511668000081,28.407719297000032],[77.091506781000078,28.408434353000075],[77.091506822000042,28.408440688000034],[77.09150703300007,28.408447091000024],[77.091525896000064,28.408852715000005],[77.091548882000041,28.409197028000044],[77.091582140000071,28.409810487000069],[77.091569456000073,28.410228869000029],[77.091531780000068,28.410833760000056],[77.091433914000035,28.411299320000069],[77.091165636000085,28.412176336000059],[77.091162983000075,28.412185663000034],[77.090863968000065,28.413321911000033],[77.090859348000038,28.413343340000022],[77.090858532000098,28.413348524000082],[77.090822824000043,28.413592591000054],[77.090822054000057,28.41359833000007],[77.090716925000038,28.414461354000029],[77.084439659000054,28.412529777000032],[77.075856238000028,28.409771970000058],[77.075952896000047,28.409577667000057],[77.076530364000064,28.408549241000056],[77.076536712000063,28.408537205000073],[77.076802669000074,28.407998685000056],[77.077701611000052,28.406092734000019],[77.078602338000053,28.404107330000048],[77.079155094000043,28.40294542100003],[77.079162871000051,28.402927279000036],[77.080416342000035,28.399653821000083],[77.08118186300004,28.399836760000031]]]},"properties":{"FID":147,"OBJECTID":148,"Id":0,"Area":1719040.1529600001,"Name":"62","Density":"250","Code":100,"val":"100/250","Text_":"100/250","ClassText":"100 Residential (Group Housing/Plotted)","Class":100,"CodeText":" ","Shape_Leng":0.050862987234799997,"Shape_Area":0.000158256392374}},{"type":"Feature","id":148,"geometry":{"type":"Polygon","coordinates":[[[77.05962353300005,28.406039291000067],[77.060064970000056,28.405261650000053],[77.060067890000084,28.405256363000021],[77.060273430000052,28.404873733000041],[77.073869530000081,28.409363938000066],[77.075180749000083,28.409785295000063],[77.074921094000047,28.410307247000052],[77.074918069000034,28.410313544000068],[77.07456940700007,28.411065418000074],[77.074333503000048,28.411546319000024],[77.072225423000091,28.410780235000061],[77.070007364000048,28.409951367000069],[77.066477307000071,28.408620563000049],[77.063177911000082,28.407381380000054],[77.05962353300005,28.406039291000067]]]},"properties":{"FID":148,"OBJECTID":149,"Id":0,"Area":279076.34990799997,"Name":"65","Density":" ","Code":200,"val":"200","Text_":"200","ClassText":"200 Commercial","Class":200,"CodeText":" ","Shape_Leng":0.034691752170999998,"Shape_Area":2.56947646104e-05}},{"type":"Feature","id":149,"geometry":{"type":"Polygon","coordinates":[[[77.05220051100008,28.403245575000021],[77.053424277000033,28.402095146000072],[77.059697991000078,28.404683228000067],[77.059516288000054,28.405021468000029],[77.059059433000058,28.405826281000031],[77.056527373000051,28.404870115000051],[77.054375162000056,28.404061906000024],[77.05220051100008,28.403245575000021]]]},"properties":{"FID":149,"OBJECTID":150,"Id":0,"Area":107842.167518,"Name":"66","Density":" ","Code":200,"val":"200","Text_":"200","ClassText":"200 Commercial","Class":200,"CodeText":" ","Shape_Leng":0.017103948660999999,"Shape_Area":9.9282896391000004e-06}},{"type":"Feature","id":150,"geometry":{"type":"Polygon","coordinates":[[[77.067097383000032,28.394737212000042],[77.067726555000036,28.39500719200004],[77.068729379000047,28.39543749600006],[77.069427418000046,28.395748325000053],[77.069441729000062,28.39575429100006],[77.071465131000082,28.396542156000056],[77.073438259000056,28.397320734000054],[77.07529087100005,28.398151929000054],[77.076530141000021,28.398744880000038],[77.07655770600006,28.398756533000043],[77.076573868000082,28.398762042000044],[77.076872690000073,28.398855370000035],[77.076888490000044,28.398859881000078],[77.077314548000061,28.39897036900004],[77.077321686000062,28.398972138000026],[77.07781536400006,28.39908875500004],[77.077826462000075,28.399091174000024],[77.07857509300004,28.399236889000065],[77.079824075000033,28.399512619000053],[77.07858651600003,28.402744476000056],[77.078036049000048,28.403901607000027],[77.077134955000091,28.405887782000036],[77.076239548000046,28.407786230000042],[77.075978636000059,28.408314483000016],[77.075401336000084,28.409342595000048],[77.075395310000033,28.409353983000067],[77.075279561000059,28.409586662000034],[77.073954309000058,28.409160797000034],[77.060378882000066,28.404677417000066],[77.060569266000073,28.404322996000079],[77.061124118000066,28.403248866000062],[77.062006482000058,28.401572492000064],[77.06281154900006,28.400194075000055],[77.063559211000054,28.398894854000044],[77.064421711000065,28.397385959000076],[77.065203945000064,28.395990562000055],[77.065833351000038,28.394916927000054],[77.066147135000037,28.394365324000024],[77.067097383000032,28.394737212000042]]]},"properties":{"FID":150,"OBJECTID":151,"Id":0,"Area":1855725.8200300001,"Name":"65","Density":"250","Code":100,"val":"100/250","Text_":"100/250","ClassText":"100 Residential (Group Housing/Plotted)","Class":100,"CodeText":" ","Shape_Leng":0.053226814027899999,"Shape_Area":0.00017083347455499999}},{"type":"Feature","id":151,"geometry":{"type":"Polygon","coordinates":[[[77.04662924400003,28.397000639000058],[77.046724869000073,28.396626431000062],[77.047158746000036,28.394919387000073],[77.047319405000053,28.394396512000061],[77.047447502000068,28.394076690000066],[77.047653845000085,28.393741777000066],[77.048059334000072,28.393210531000076],[77.048328793000053,28.392865633000042],[77.048355580000091,28.39283326300005],[77.048370155000043,28.39281439900002],[77.048782138000036,28.392289074000079],[77.048949044000025,28.392074216000026],[77.048976581000048,28.392039593000042],[77.048989604000027,28.392022497000035],[77.049445874000071,28.391435117000078],[77.049956327000075,28.390791295000035],[77.049972193000031,28.39077025500006],[77.049977634000072,28.39076251800002],[77.050400512000067,28.390149729000022],[77.050412987000072,28.390130799000076],[77.050778788000059,28.389549003000063],[77.05111096900005,28.389026984000065],[77.051874270000042,28.389262297000066],[77.053639737000097,28.38987633000005],[77.055847147000065,28.39064403000004],[77.055877040000041,28.390652883000016],[77.057140546000099,28.390964087000036],[77.057858214000063,28.391169153000082],[77.058595798000056,28.391372699000037],[77.059407241000031,28.39165350900004],[77.06009689900003,28.391916326000057],[77.061800136000059,28.392624469000047],[77.063510613000062,28.393319082000051],[77.064929253000059,28.393922042000039],[77.064945652000063,28.393928489000064],[77.065581630000054,28.394154803000038],[77.065288173000056,28.394670691000041],[77.064657914000051,28.395745804000061],[77.063874208000072,28.397143772000049],[77.063013355000052,28.398649764000012],[77.062266812000075,28.399947033000043],[77.061459633000098,28.401329045000068],[77.061454088000062,28.401339037000071],[77.06056815900007,28.403022174000061],[77.060014281000065,28.404094439000062],[77.059803257000056,28.40448727200004],[77.059797913000068,28.404485507000061],[77.053447549000055,28.401865802000039],[77.053435687000047,28.401861560000039],[77.05341498000007,28.401856988000063],[77.05339368900006,28.401855664000031],[77.053372463000073,28.401857629000059],[77.053351943000052,28.401862822000055],[77.053332757000078,28.401871088000064],[77.053315483000077,28.401882176000065],[77.053306588000055,28.40188973700003],[77.051961912000081,28.403153827000043],[77.050156265000041,28.402322528000063],[77.050115399000049,28.402305057000039],[77.050100204000046,28.402299219000053],[77.048810278000076,28.40181821300007],[77.048768104000033,28.401803767000054],[77.046336857000085,28.401043317000074],[77.046069990000035,28.400961061000032],[77.046426584000073,28.40077941100003],[77.047044980000067,28.400586759000078],[77.04752458400003,28.400365628000031],[77.047804457000041,28.399643261000048],[77.047910988000069,28.398892939000067],[77.048591713000064,28.398347902000058],[77.049756425000055,28.397810856000042],[77.051593082000068,28.397172002000051],[77.053357084000083,28.396350859000059],[77.054143178000047,28.395895885000069],[77.054899611000053,28.39479959700002],[77.055216036000061,28.394183625000029],[77.054905980000058,28.394234144000048],[77.051512625000043,28.394789539000048],[77.051273722000076,28.394945937000035],[77.049304126000038,28.394960308000051],[77.048710682000035,28.395549875000029],[77.048461258000046,28.396057867000017],[77.04662924400003,28.397000639000058]]]},"properties":{"FID":151,"OBJECTID":152,"Id":0,"Area":1826206.16209,"Name":"66","Density":"250","Code":100,"val":"100/250","Text_":"100/250","ClassText":"100 Residential (Group Housing/Plotted)","Class":100,"CodeText":" ","Shape_Leng":0.073219955348800006,"Shape_Area":0.00016811168877}},{"type":"Feature","id":152,"geometry":{"type":"Polygon","coordinates":[[[77.050254309000081,28.388165555000061],[77.049509615000034,28.388185999000012],[77.052070379000043,28.382183970000014],[77.053211432000069,28.382269376000064],[77.052962247000039,28.383034992000045],[77.052957811000056,28.383049366000012],[77.052777156000062,28.383667996000035],[77.052545040000041,28.384313484000078],[77.052295017000077,28.384875892000025],[77.052066704000083,28.385313659000072],[77.051642364000031,28.385996546000055],[77.051064281000038,28.386889001000032],[77.050402836000046,28.38793214400004],[77.050254309000081,28.388165555000061]]]},"properties":{"FID":152,"OBJECTID":153,"Id":0,"Area":76166.311844199998,"Name":"68","Density":" ","Code":200,"val":"200","Text_":"200","ClassText":"200 Commercial","Class":200,"CodeText":" ","Shape_Leng":0.0150536630174,"Shape_Area":7.0109180020699996e-06}},{"type":"Feature","id":153,"geometry":{"type":"Polygon","coordinates":[[[77.049903540000059,28.388716784000039],[77.049710480000044,28.38902017000003],[77.049348982000083,28.389595103000026],[77.049345427000048,28.389600257000037],[77.049373981000045,28.388731319000041],[77.049903540000059,28.388716784000039]]]},"properties":{"FID":153,"OBJECTID":154,"Id":0,"Area":2491.49527132,"Name":"69","Density":" ","Code":200,"val":"250/100","Text_":"200","ClassText":"200 Commercial","Class":200,"CodeText":" ","Shape_Leng":0.0024441691062900002,"Shape_Area":2.2934000266900001e-07}},{"type":"Feature","id":154,"geometry":{"type":"Polygon","coordinates":[[[77.094047841000076,28.481066891000069],[77.094060605000038,28.481107651000062],[77.094075779000036,28.481138477000055],[77.094305913000099,28.481536396000024],[77.091806301000076,28.480957254000028],[77.092681317000014,28.480292555000055],[77.093715394000071,28.479553471000031],[77.094047841000076,28.481066891000069]]]},"properties":{"FID":154,"OBJECTID":155,"Id":0,"Area":23963.116947099999,"Name":" ","Density":" ","Code":900,"val":" ","Text_":"900","ClassText":"900 Special Zone","Class":900,"CodeText":" ","Shape_Leng":0.0070219750785899997,"Shape_Area":2.2075601273199999e-06}},{"type":"Feature","id":155,"geometry":{"type":"Polygon","coordinates":[[[77.124634779000075,28.428420880000029],[77.125053887000036,28.435802805000034],[77.124847977000073,28.43569594500007],[77.124831387000029,28.435687579000039],[77.124786800000024,28.435667398000074],[77.124740814000049,28.435649841000039],[77.12469457900005,28.435635245000064],[77.124333684000078,28.435532747000025],[77.124332732000084,28.435532477000041],[77.124284548000063,28.435520374000085],[77.124235570000053,28.435511083000044],[77.124186012000052,28.435504642000073],[77.124136082000064,28.435501080000041],[77.124085995000044,28.435500415000039],[77.124035967000054,28.435502643000056],[77.124026422000043,28.435503400000073],[77.123505344000094,28.435547579000055],[77.123465131000046,28.435551940000039],[77.12341586000008,28.435559923000032],[77.123388008000049,28.435565758000052],[77.122945886000082,28.435666128000022],[77.122554235000052,28.435147579000038],[77.122547218000079,28.43513845300004],[77.121302203000084,28.433546829000079],[77.120663501000081,28.432664894000016],[77.120063859000084,28.431717829000032],[77.120055917000073,28.43170558300006],[77.119315760000077,28.430591732000035],[77.118806982000095,28.429739576000017],[77.11878944700004,28.429711805000057],[77.118766869000069,28.429679999000026],[77.118522293000069,28.429355781000016],[77.118220390000033,28.428955568000045],[77.118199150000081,28.428928833000043],[77.11791660800003,28.428591396000062],[77.11786733200006,28.428538390000018],[77.117814173000056,28.428491610000034],[77.116974553000034,28.427821825000017],[77.116281930000071,28.427258022000032],[77.116099195000061,28.424802382000056],[77.116097241000034,28.42478485000003],[77.115937905000067,28.423713979000059],[77.116205629000035,28.422982715000039],[77.116828233000035,28.421938463000053],[77.117170169000076,28.421367468000032],[77.118683758000032,28.421280123000024],[77.119558552000072,28.420945632000041],[77.11991682200005,28.420710858000064],[77.120169600000054,28.420386052000019],[77.120315968000071,28.419925385000059],[77.12051690900006,28.419601385000075],[77.120668756000029,28.419415664000038],[77.121181606000036,28.419132641000036],[77.121503523000058,28.418877062000028],[77.122727110000071,28.421554601000018],[77.122283177000043,28.422370012000048],[77.122254200000043,28.42351642900007],[77.122757301000036,28.425342126000018],[77.123343965000061,28.426158068000053],[77.124038890000051,28.427201511000078],[77.124634779000075,28.428420880000029]]]},"properties":{"FID":155,"OBJECTID":156,"Id":0,"Area":912661.07267599995,"Name":" ","Density":" ","Code":1000,"val":" ","Text_":"1000","ClassText":"1000 Natural Conservation Zone Hubs)","Class":1000,"CodeText":" ","Shape_Leng":0.042517153299700003,"Shape_Area":8.4033687857299995e-05}},{"type":"Feature","id":156,"geometry":{"type":"Polygon","coordinates":[[[77.11537340200006,28.480867136000025],[77.115362616000084,28.480868370000053],[77.114506917000085,28.481003603000033],[77.114492327000036,28.481006102000023],[77.114456594000046,28.481013901000029],[77.113735843000029,28.481195785000068],[77.112878024000054,28.481144234000052],[77.112865427000031,28.481143616000033],[77.111952156000029,28.481110376000057],[77.111337046000074,28.481072731000037],[77.111324861000071,28.481072114000035],[77.111260756000036,28.481073110000057],[77.111196294000081,28.481081384000042],[77.111068333000063,28.481105492000029],[77.110930408000058,28.48078786100006],[77.110759296000083,28.480285776000066],[77.110702606000075,28.479713005000054],[77.110678117000077,28.479244363000074],[77.110725821000074,28.478851141000053],[77.110939504000044,28.478081884000051],[77.110948021000056,28.478047345000043],[77.110950616000082,28.478034676000036],[77.11117039800007,28.476899294000081],[77.111245718000077,28.476500950000055],[77.11154576000007,28.475290420000082],[77.111549935000085,28.47527240800002],[77.111553204000074,28.475256183000049],[77.111693896000077,28.474505302000065],[77.111701388000043,28.474452515000049],[77.111704062000058,28.474382888000036],[77.111698620000084,28.474313390000077],[77.111693824000028,28.474283871000051],[77.111616472000037,28.47387252500004],[77.111607768000042,28.473833408000079],[77.111586352000074,28.47376636100006],[77.11156876900003,28.473724989000058],[77.111498713000046,28.473575209000046],[77.113160164000078,28.471290904000057],[77.113781836000044,28.471908521000042],[77.114023501000077,28.473268934000028],[77.11537340200006,28.480867136000025]]]},"properties":{"FID":156,"OBJECTID":157,"Id":0,"Area":330071.87657399999,"Name":" ","Density":" ","Code":1000,"val":" ","Text_":"1000","ClassText":"1000 Natural Conservation Zone Hubs)","Class":1000,"CodeText":" ","Shape_Leng":0.024879869588900001,"Shape_Area":3.04059841395e-05}},{"type":"Feature","id":157,"geometry":{"type":"MultiPolygon","coordinates":[[[[77.104380590000062,28.481994964000023],[77.103293934000064,28.481930362000078],[77.101396142000056,28.481807476000036],[77.100535372000081,28.481684274000028],[77.100508467000054,28.481682589000059],[77.100496730000032,28.481683169000068],[77.099823401000037,28.48173941200001],[77.099811527000028,28.481740820000031],[77.098718879000046,28.48190900100008],[77.097359097000037,28.481945015000072],[77.096417896000048,28.481838847000056],[77.095078693000062,28.481685769000013],[77.095069362000075,28.481666816000025],[77.094641034000063,28.48092621000006],[77.094269861000043,28.47923655400006],[77.094265422000035,28.479216348000023],[77.094260752000082,28.479195092000058],[77.096431418000066,28.477973497000047],[77.096725633000062,28.477858659000038],[77.09676778000005,28.477839865000064],[77.096818932000062,28.477809889000067],[77.096835041000091,28.477798498000023],[77.099238140000082,28.476019539000045],[77.099243329000046,28.476015638000035],[77.100980924000041,28.474690031000019],[77.100996441000063,28.474677638000063],[77.102374295000061,28.473525651000031],[77.102383653000075,28.473517601000015],[77.10239341700003,28.473508692000063],[77.103113704000066,28.472831032000041],[77.103144308000068,28.47279908900002],[77.103151724000043,28.472790239000059],[77.103934350000031,28.471829284000027],[77.104438094000045,28.471243934000036],[77.104607273000056,28.471047344000056],[77.105214852000074,28.470491319000072],[77.106470627000093,28.469586460000077],[77.107350754000038,28.46896420000007],[77.107379644000048,28.468941586000021],[77.107380362000072,28.468943447000068],[77.107380338000041,28.468943284000026],[77.107729019000033,28.468696759000057],[77.108200089000036,28.469081511000066],[77.108433408000053,28.469346587000075],[77.108518945000071,28.469497756000067],[77.108529120000071,28.47001004100002],[77.108527923000054,28.47081345800007],[77.108529746000045,28.470861035000038],[77.108539260000057,28.470930359000082],[77.108635433000074,28.471417976000048],[77.108652848000077,28.471485579000035],[77.108678139000062,28.471551564000038],[77.108703883000032,28.47160259200006],[77.109205810000049,28.472496296000031],[77.109212900000045,28.472508605000026],[77.109217547000071,28.472516349000035],[77.109770990000072,28.473424370000032],[77.110119968000049,28.474170513000047],[77.110148896000055,28.47432436400004],[77.105107637000046,28.481283699000063],[77.104380590000062,28.481994964000023]]],[[[77.109308641000027,28.482125187000065],[77.109220672000049,28.482146074000067],[77.109007179000059,28.48219676500003],[77.108992026000067,28.482201122000046],[77.108980313000075,28.482205599000046],[77.108549788000076,28.482389332000015],[77.108099917000061,28.482481832000076],[77.107728785000063,28.482487588000016],[77.106858010000053,28.482397732000024],[77.106336965000082,28.482214104000025],[77.106330072000048,28.482211843000076],[77.106304573000045,28.482206196000046],[77.105877838000083,28.482145468000052],[77.105142429000068,28.482040814000069],[77.105675560000066,28.48158049400006],[77.109836654000063,28.475860240000024],[77.109745500000045,28.476227975000032],[77.109738238000034,28.476261239000056],[77.109660303000055,28.476673418000068],[77.109445543000049,28.477782749000035],[77.109226054000032,28.478572867000018],[77.109211214000084,28.478641542000059],[77.109208408000029,28.478661791000025],[77.109148972000071,28.479151656000049],[77.109145050000052,28.479200820000074],[77.109145423000029,28.479254981000057],[77.109173336000083,28.47978933100006],[77.109174348000067,28.479804825000031],[77.10917543300009,28.479817071000067],[77.109240352000029,28.480473080000017],[77.109248749000059,28.480529995000033],[77.109266231000049,28.480597927000069],[77.109269961000038,28.480609232000067],[77.109471973000041,28.481201998000071],[77.109490265000034,28.481249276000021],[77.109774058000085,28.481902847000068],[77.10939923200003,28.482103676000058],[77.10930868500003,28.482125176000054],[77.109308542000065,28.482124194000043],[77.109308641000027,28.482125187000065]]]]},"properties":{"FID":157,"OBJECTID":158,"Id":0,"Area":1275277.8054599999,"Name":"26","Density":"250","Code":100,"val":"100/250","Text_":"100/250","ClassText":"100 Residential (Group Housing/Plotted)","Class":100,"CodeText":" ","Shape_Leng":0.063938847599499998,"Shape_Area":0.000117477917319}},{"type":"Feature","id":158,"geometry":{"type":"MultiPolygon","coordinates":[[[[77.115127163000068,28.440791903000044],[77.115400508000036,28.440954773000044],[77.11540240800008,28.441050240000028],[77.115136187000076,28.441245373000068],[77.11500355000004,28.441366808000037],[77.114791399000069,28.442921934000019],[77.115058302000079,28.44939016100005],[77.114753336000035,28.44945157200004],[77.113648276000035,28.449669144000033],[77.112886465000031,28.449814722000035],[77.112203371000078,28.449951307000045],[77.111557249000043,28.450050912000041],[77.110800834000017,28.450126563000023],[77.110142993000068,28.450177173000036],[77.109765629000037,28.450201842000062],[77.109410754000066,28.450205574000055],[77.109665035000035,28.449244378000056],[77.114209924000079,28.441438546000033],[77.11467669700005,28.440397154000031],[77.115127163000068,28.440791903000044]]],[[[77.110505578000073,28.466059219000044],[77.110165556000069,28.46607882100005],[77.110142912000057,28.466080425000023],[77.110064918000035,28.466090582000053],[77.11003906600007,28.466095573000068],[77.109743110000068,28.466157464000045],[77.109692563000067,28.466169661000038],[77.109618568000045,28.466193702000052],[77.109598253000058,28.466201683000062],[77.109257896000045,28.466340660000071],[77.109207410000067,28.466363314000024],[77.109140546000049,28.466400220000022],[77.109133113000041,28.466404866000058],[77.108831612000074,28.466595759000032],[77.108804304000046,28.466613878000022],[77.108561795000071,28.466782373000054],[77.108548919000043,28.466791518000026],[77.108253294000065,28.467006195000078],[77.108248170000081,28.46700994900004],[77.107710227000041,28.467407559000041],[77.107680400000035,28.46739393700004],[77.106257312000068,28.464300288000057],[77.10618626500009,28.462368819000055],[77.109338475000087,28.450453139000043],[77.109773974000063,28.450448558000065],[77.109783014000072,28.450448205000033],[77.110167092000054,28.450423093000033],[77.110828892000029,28.450372183000063],[77.110832827000081,28.450371836000048],[77.111595775000069,28.450295532000041],[77.111604868000029,28.450294376000038],[77.112260738000018,28.45019325600002],[77.112266752000039,28.450192172000065],[77.11295213700005,28.45005512400007],[77.113713455000052,28.449909642000019],[77.114820171000076,28.449691746000038],[77.115068682000071,28.449641704000033],[77.115104477000045,28.450509082000057],[77.11475919400003,28.45216177400005],[77.115203154000099,28.452751725000034],[77.115049200000044,28.453159983000024],[77.116631875000053,28.456668746000044],[77.119438475000038,28.458289542000042],[77.119427340000058,28.458308080000045],[77.119293172000084,28.45851057700002],[77.116361853000058,28.456914433000062],[77.114216303000035,28.45987001200006],[77.117065402000037,28.461603493000034],[77.11692245100005,28.461800589000056],[77.11691388900006,28.461812674000043],[77.116887650000081,28.46185373600002],[77.116534896000061,28.462453695000079],[77.116523518000051,28.46247385700007],[77.11651581600006,28.462488547000078],[77.116304681000031,28.462904154000057],[77.115783859000032,28.463712232000034],[77.115081659000055,28.46475633500005],[77.115078235000055,28.46476147800006],[77.114382973000033,28.465816325000048],[77.114348358000029,28.465860336000045],[77.114307025000073,28.465906202000049],[77.114262423000056,28.465949570000063],[77.114214741000069,28.465990260000073],[77.114164118000076,28.466028153000028],[77.114110839000034,28.466063034000054],[77.11405507700006,28.466094790000064],[77.113997108000035,28.466123263000039],[77.11393718100004,28.466148331000042],[77.113875517000054,28.466169905000068],[77.113812392000057,28.46618788500006],[77.113776082000072,28.466195966000043],[77.113631290000072,28.466209611000057],[77.113209596000047,28.466205815000016],[77.112254822000068,28.466152948000044],[77.111391512000068,28.466101868000063],[77.110602343000039,28.46605905500007],[77.110561696000048,28.466057806000041],[77.110505578000073,28.466059219000044]]]]},"properties":{"FID":158,"OBJECTID":159,"Id":0,"Area":1719929.74541,"Name":" ","Density":" ","Code":1000,"val":" ","Text_":"1000","ClassText":"1000 Natural Conservation Zone Hubs)","Class":1000,"CodeText":" ","Shape_Leng":0.083532321174199994,"Shape_Area":0.00015840899694}},{"type":"Feature","id":159,"geometry":{"type":"Polygon","coordinates":[[[77.104816221000078,28.482292133000048],[77.105100930000049,28.482309056000069],[77.106239176000045,28.482471036000046],[77.106763349000062,28.482655766000054],[77.106770241000049,28.482658027000081],[77.106796146000079,28.482663732000045],[77.106802326000036,28.48266448400005],[77.107703437000069,28.482757470000024],[77.107723891000035,28.482758361000027],[77.108121521000044,28.482752195000035],[77.108148074000042,28.482749726000065],[77.108153549000065,28.482748695000062],[77.108635797000034,28.482649537000032],[77.108655986000031,28.482644064000056],[77.108667697000058,28.482639589000026],[77.109100581000078,28.482454850000064],[77.109335953000084,28.482398961000069],[77.109335994000034,28.48239895200004],[77.109499777000053,28.482360060000072],[77.109514931000035,28.482355704000035],[77.109539186000063,28.482345224000035],[77.109914940000067,28.482143896000021],[77.110054155000043,28.482363422000041],[77.110383458000058,28.483414190000076],[77.110523489000059,28.484434638000042],[77.110551499000053,28.485842610000077],[77.110406909000062,28.486906591000022],[77.110403096000084,28.486942917000075],[77.110334883000064,28.487860744000027],[77.110333677000085,28.487882127000038],[77.110333237000077,28.487904204000067],[77.110330330000082,28.489893517000045],[77.109929512000065,28.49324084300002],[77.109593552000035,28.494913271000023],[77.108394247000035,28.497601034000066],[77.099524348000045,28.50117614100002],[77.099134715000048,28.501354629000048],[77.098352497000064,28.500411170000067],[77.095954773000059,28.497239479000026],[77.095190491000039,28.495761512000058],[77.09300608500007,28.492433675000022],[77.092997042000036,28.491975426000064],[77.094306092000068,28.49038910300003],[77.095924460000035,28.489141789000019],[77.104816221000078,28.482292133000048]]]},"properties":{"FID":159,"OBJECTID":160,"Id":0,"Area":2382208.5520100002,"Name":"24","Density":"250","Code":100,"val":"100/250","Text_":"100/250","ClassText":"100 Residential (Group Housing/Plotted)","Class":100,"CodeText":" ","Shape_Leng":0.057765779590699999,"Shape_Area":0.000219478216609}},{"type":"Feature","id":160,"geometry":{"type":"Polygon","coordinates":[[[77.109960585000067,28.399257995000021],[77.112077229000079,28.401923033000045],[77.113667022000072,28.404693950000013],[77.116357055000037,28.409382119000032],[77.117131074000042,28.41164068300003],[77.117398313000081,28.413078601000038],[77.116660694000075,28.412851506000031],[77.114989131000073,28.412318747000029],[77.112726841000026,28.411627466000034],[77.112719463000076,28.411625305000019],[77.110928515000069,28.411122659000064],[77.110179505000076,28.410878662000052],[77.110172481000063,28.410876460000054],[77.108986012000059,28.410518698000029],[77.107195682000039,28.409937310000021],[77.105896058000042,28.409490437000041],[77.10588651300003,28.409487315000032],[77.104897550000032,28.409180307000042],[77.104885679000063,28.409176859000073],[77.103675724000084,28.408849617000044],[77.103120048000051,28.40869612200003],[77.103111217000048,28.408693810000038],[77.102339942000071,28.408503076000038],[77.10279719600004,28.403386240000032],[77.102798689000053,28.403369442000031],[77.10280085700002,28.403341666000053],[77.103150420000077,28.400008279000083],[77.103550393000035,28.396180661000074],[77.109960585000067,28.399257995000021]]]},"properties":{"FID":160,"OBJECTID":161,"Id":0,"Area":1490264.86463,"Name":"59","Density":"250","Code":100,"val":"100/250","Text_":"100/250","ClassText":"100 Residential (Group Housing/Plotted)","Class":100,"CodeText":" ","Shape_Leng":0.051087820453799997,"Shape_Area":0.000137190718273}},{"type":"Feature","id":161,"geometry":{"type":"MultiPolygon","coordinates":[[[[77.113951769000053,28.43141901600006],[77.115805636000061,28.431395740000021],[77.115713054000082,28.432820436000046],[77.116020258000063,28.437399524000053],[77.11501665000003,28.439638677000062],[77.115010261000066,28.439636163000042],[77.114996302000065,28.439632563000028],[77.111965681000058,28.438986991000036],[77.110788615000047,28.438711769000037],[77.10967697100007,28.43846590500004],[77.107397698000042,28.437992459000029],[77.106668979000062,28.437903185000032],[77.10615182600003,28.438006107000032],[77.10580197400003,28.438103964000046],[77.105793291000055,28.438106650000066],[77.105772807000051,28.43811518700004],[77.10456995400007,28.438716360000061],[77.103506990000085,28.439178076000072],[77.103495656000064,28.439183535000033],[77.103485717000069,28.439189291000041],[77.103313250000042,28.439297829000044],[77.103324224000062,28.439265754000058],[77.103918418000035,28.437528829000033],[77.104000135000035,28.437267845000068],[77.105654074000029,28.431524601000039],[77.107322964000048,28.431514165000046],[77.109119808000059,28.431493491000023],[77.110936967000058,28.431455768000031],[77.113951769000053,28.43141901600006]]],[[[77.107334667000032,28.438257399000065],[77.109604754000031,28.438728929000032],[77.110712318000083,28.438973891000039],[77.11188900500008,28.439249032000063],[77.111892285000067,28.439249763000074],[77.114903472000037,28.43989119600008],[77.114209924000079,28.441438546000033],[77.109665035000035,28.449244378000056],[77.109410754000066,28.450205574000055],[77.109295656000029,28.450206782000066],[77.108914950000042,28.45019622500007],[77.108186922000073,28.450155141000032],[77.106431434000058,28.450062930000055],[77.10458226300004,28.449969820000025],[77.103191946000052,28.449891034000078],[77.10246653400003,28.44985700300003],[77.102046765000068,28.449823885000065],[77.101834151000048,28.449787867000055],[77.100486459000081,28.449569792000034],[77.099834383000015,28.449466018000066],[77.103168403000026,28.439721236000022],[77.103653201000043,28.439416142000017],[77.104708949000042,28.438957560000055],[77.104716779000057,28.438953908000023],[77.105909606000068,28.43835774800004],[77.106364722000095,28.438230443000059],[77.106654172000034,28.438174594000028],[77.107334667000032,28.438257399000065]]]]},"properties":{"FID":161,"OBJECTID":162,"Id":0,"Area":2173482.0056400001,"Name":"54","Density":"250","Code":100,"val":"100/250","Text_":"100/250","ClassText":"100 Residential (Group Housing/Plotted)","Class":100,"CodeText":" ","Shape_Leng":0.082825425467699998,"Shape_Area":0.00020015150003100001}},{"type":"Feature","id":162,"geometry":{"type":"Polygon","coordinates":[[[77.022205893000034,28.521272280000055],[77.022219303000043,28.521283458000031],[77.022237009000037,28.521294021000067],[77.022256524000056,28.521301707000077],[77.022264582000048,28.521303487000065],[77.018572174000042,28.533346649000052],[77.018263450000063,28.534353481000046],[77.010755825000047,28.525712333000051],[77.011998303000041,28.525256203000023],[77.014335432000067,28.524481435000038],[77.015266324000038,28.52367975300006],[77.01635071700008,28.522422165000005],[77.016920262000042,28.52110059000006],[77.013525353000048,28.518306002000035],[77.016412679000055,28.515656473000025],[77.022205893000034,28.521272280000055]]]},"properties":{"FID":162,"OBJECTID":163,"Id":0,"Area":1051054.6481900001,"Name":"112","Density":"250","Code":100,"val":"100/250","Text_":"100/250","ClassText":"100 Residential (Group Housing/Plotted)","Class":100,"CodeText":" ","Shape_Leng":0.049662105332699998,"Shape_Area":9.6872220654599996e-05}},{"type":"Feature","id":163,"geometry":{"type":"Polygon","coordinates":[[[77.008182802000064,28.515070344000033],[77.00203606000008,28.517357583000024],[77.000125504000039,28.51781548100006],[76.99831856600008,28.518822393000054],[76.997354046000069,28.517249397000061],[76.997333120000064,28.517219165000029],[76.997296584000082,28.51717904700007],[76.995487168000054,28.515496335000023],[76.995487423000043,28.515496154000061],[76.99551062300003,28.515474371000021],[77.005519673000038,28.504967644000025],[77.01600153000004,28.515253153000049],[77.013080357000035,28.517933728000063],[77.013077159000034,28.517937043000074],[77.009313684000062,28.514838744000023],[77.008182802000064,28.515070344000033]]]},"properties":{"FID":163,"OBJECTID":164,"Id":0,"Area":1440792.46964,"Name":"109","Density":"250","Code":100,"val":"100/250","Text_":"100/250","ClassText":"100 Residential (Group Housing/Plotted)","Class":100,"CodeText":" ","Shape_Leng":0.0542258786819,"Shape_Area":0.0001327863639}},{"type":"Feature","id":164,"geometry":{"type":"Polygon","coordinates":[[[76.979935020000084,28.510546813000072],[76.978146830000057,28.511633244000045],[76.978132613000071,28.511642424000048],[76.977278582000054,28.512227863000088],[76.977255114000073,28.512245700000051],[76.976580885000033,28.512813515000055],[76.975961426000083,28.513228793000049],[76.974861407000049,28.513875919000039],[76.974841817000083,28.513888558000076],[76.973879794000084,28.514562514000033],[76.973252925000054,28.515012827000071],[76.972627693000064,28.515471645000037],[76.972612684000055,28.51548341300002],[76.971968385000082,28.516022959000061],[76.971932774000052,28.516058604000072],[76.971726137000076,28.516311205000068],[76.969542711000031,28.514790561000041],[76.968492954000055,28.514156371000052],[76.966860218000079,28.513568817000078],[76.965405775000079,28.513000017000014],[76.976314897000066,28.506444726000044],[76.979935020000084,28.510546813000072]]]},"properties":{"FID":164,"OBJECTID":165,"Id":0,"Area":686156.59077699995,"Name":"107","Density":"250","Code":100,"val":"100/250","Text_":"100/250","ClassText":"100 Residential (Group Housing/Plotted)","Class":100,"CodeText":" ","Shape_Leng":0.035441550056100002,"Shape_Area":6.3238178443799999e-05}},{"type":"Feature","id":165,"geometry":{"type":"Polygon","coordinates":[[[77.009450961000084,28.535661835000038],[77.009619386000068,28.53592013300004],[77.009651575000063,28.535961705000034],[77.009669953000085,28.535980547000065],[77.012454032000051,28.538631118000055],[77.012097574000052,28.53911685700006],[77.012081888000068,28.53914024100003],[77.012058999000033,28.53918531000004],[77.012043786000049,28.539232840000061],[77.012036570000078,28.539281822000071],[77.012037508000049,28.539331209000068],[77.012038312000072,28.539338260000076],[77.012491892000085,28.542938569000057],[77.012500162000052,28.542980257000071],[77.012517173000049,28.54302731100006],[77.012541762000069,28.543071676000064],[77.012573405000083,28.543112406000027],[77.012611427000081,28.543148635000016],[77.012646477000047,28.543173524000043],[77.012016499000083,28.543830267000043],[77.010957501000064,28.54348295700003],[77.010265171000071,28.543474113000045],[77.009455294000091,28.542970408000034],[77.009113177000074,28.542039577000025],[77.008598439000082,28.541130401000029],[77.008376768000062,28.540847184000022],[77.00790141400006,28.540873316000052],[77.007529831000056,28.540668712000066],[77.00706632400005,28.540178968000085],[77.006324253000059,28.539827041000017],[77.005429378000017,28.539400967000056],[77.004720440000099,28.538513742000077],[77.004635602000064,28.538382031000022],[77.009450961000084,28.535661835000038]]]},"properties":{"FID":165,"OBJECTID":166,"Id":0,"Area":368576.28917599999,"Name":"115","Density":" ","Code":600,"val":"610/620/630/640","Text_":"610,620,630,640","ClassText":"600 Public and Semi Public Use","Class":600,"CodeText":" ","Shape_Leng":0.0252642255137,"Shape_Area":3.3976107932099999e-05}},{"type":"Feature","id":166,"geometry":{"type":"Polygon","coordinates":[[[76.98332201700002,28.482357230000048],[76.985378793000038,28.480963955000053],[76.988936326000029,28.484024737000031],[76.998071404000029,28.493298412000055],[76.998062578000031,28.493302350000068],[76.998028891000047,28.493319848000052],[76.998005578000061,28.493335276000039],[76.997813433000033,28.493475511000035],[76.995931268000049,28.494867867000039],[76.995142949000069,28.495455066000034],[76.994667657000036,28.495820411000075],[76.994421794000061,28.496007613000067],[76.994410594000044,28.496016574000066],[76.994376943000077,28.496049963000072],[76.994349974000059,28.496087787000068],[76.99433042000004,28.496129019000016],[76.994318815000042,28.496172530000024],[76.992491529000063,28.493940450000032],[76.993979387000081,28.492581620000063],[76.98332201700002,28.482357230000048]]]},"properties":{"FID":166,"OBJECTID":167,"Id":0,"Area":554067.463552,"Name":"103","Density":" ","Code":600,"val":"250/100","Text_":"610,620,630,640","ClassText":"600 Public and Semi Public Use","Class":600,"CodeText":" ","Shape_Leng":0.044608034040699997,"Shape_Area":5.1050677340099998e-05}},{"type":"Feature","id":167,"geometry":{"type":"Polygon","coordinates":[[[76.984935196000038,28.480582283000039],[76.977748122000037,28.485450571000051],[76.974500082000077,28.481643123000019],[76.980346222000037,28.476633626000019],[76.984935196000038,28.480582283000039]]]},"properties":{"FID":167,"OBJECTID":168,"Id":0,"Area":484347.80892799998,"Name":"102 A","Density":" ","Code":700,"val":"250/100","Text_":"710","ClassText":"700 Open Spaces","Class":700,"CodeText":" ","Shape_Leng":0.027438153155099999,"Shape_Area":4.4624828901399998e-05}},{"type":"Feature","id":168,"geometry":{"type":"Polygon","coordinates":[[[76.977553605000097,28.485582319000063],[76.971529023000073,28.489662511000059],[76.970631479000076,28.488238976000048],[76.969510433000039,28.485918122000033],[76.974322779000033,28.481795041000041],[76.977553605000097,28.485582319000063]]]},"properties":{"FID":168,"OBJECTID":169,"Id":0,"Area":340945.85978300002,"Name":"102 A","Density":"250","Code":100,"val":"100/250","Text_":"100/250","ClassText":"100 Residential (Group Housing/Plotted)","Class":100,"CodeText":" ","Shape_Leng":0.022851715016400001,"Shape_Area":3.1414241567099997e-05}},{"type":"Feature","id":169,"geometry":{"type":"Polygon","coordinates":[[[76.957188255000062,28.439238273000051],[76.957187237000085,28.439251892000062],[76.957607568000057,28.449879751000019],[76.94748035300006,28.444255800000064],[76.94800993900003,28.438418105000036],[76.957188255000062,28.439238273000051]]]},"properties":{"FID":169,"OBJECTID":170,"Id":0,"Area":865378.62497899996,"Name":"88 B","Density":"250","Code":100,"val":"100/250","Text_":"100/250","ClassText":"100 Residential (Group Housing/Plotted)","Class":100,"CodeText":" ","Shape_Leng":0.0373103909963,"Shape_Area":7.97041775611e-05}},{"type":"Feature","id":170,"geometry":{"type":"Polygon","coordinates":[[[76.959179090000063,28.439416090000059],[76.959162267000067,28.442145455000059],[76.959162393000057,28.44216604700005],[76.959166824000079,28.442238017000072],[76.959575880000045,28.44614007400002],[76.959577051000053,28.446150602000039],[76.959588717000031,28.44622272500003],[76.960357943000076,28.449948512000041],[76.960187033000068,28.451317283000034],[76.957997062000061,28.450096019000071],[76.957858220000048,28.450018927000034],[76.957432684000082,28.439260106000063],[76.959179090000063,28.439416090000059]]]},"properties":{"FID":170,"OBJECTID":171,"Id":0,"Area":236487.75519299999,"Name":"88 B","Density":" ","Code":200,"val":"250/100","Text_":"200","ClassText":"200 Commercial","Class":200,"CodeText":" ","Shape_Leng":0.027199854484399998,"Shape_Area":2.17816684204e-05}},{"type":"Feature","id":171,"geometry":{"type":"Polygon","coordinates":[[[77.013999975000047,28.508239016000065],[77.018165219000082,28.513267548000041],[77.016171964000065,28.515096749000062],[77.005679013000076,28.504800357000068],[77.007836314000031,28.50253542300004],[77.013999975000047,28.508239016000065]]]},"properties":{"FID":171,"OBJECTID":172,"Id":0,"Area":507324.21747099998,"Name":"109","Density":" ","Code":200,"val":"200","Text_":"200","ClassText":"200 Commercial","Class":200,"CodeText":" ","Shape_Leng":0.035461531181100001,"Shape_Area":4.6750536732000002e-05}},{"type":"Feature","id":172,"geometry":{"type":"Polygon","coordinates":[[[77.022955461000038,28.519049829000039],[77.022466777000034,28.52064392700003],[77.022334492000084,28.521075435000057],[77.016588474000059,28.515505386000022],[77.016582630000073,28.515500513000074],[77.017161725000037,28.514969087000051],[77.018532594000078,28.513711036000075],[77.022955461000038,28.519049829000039]]]},"properties":{"FID":172,"OBJECTID":173,"Id":0,"Area":181386.38595500001,"Name":"112","Density":" ","Code":200,"val":"200","Text_":"200","ClassText":"200 Commercial","Class":200,"CodeText":" ","Shape_Leng":0.0197083672716,"Shape_Area":1.67166852023e-05}},{"type":"Feature","id":173,"geometry":{"type":"Polygon","coordinates":[[[76.95884744500006,28.429518944000044],[76.958866237000052,28.429529060000039],[76.959069588000034,28.429638537000073],[76.959101978000035,28.429654930000034],[76.960056726000047,28.430108188000077],[76.960069938000061,28.430114299000021],[76.960105290000058,28.430129118000004],[76.960167340000041,28.430153246000035],[76.959199108000078,28.437292882000055],[76.959194187000037,28.437338458000045],[76.959191505000049,28.437400484000079],[76.959182436000034,28.43887227000004],[76.957500696000068,28.438722067000072],[76.957501090000051,28.438719068000065],[76.958186927000042,28.430406530000027],[76.958803213000067,28.429495130000085],[76.95884744500006,28.429518944000044]]]},"properties":{"FID":173,"OBJECTID":174,"Id":0,"Area":169951.647604,"Name":"88 A","Density":" ","Code":200,"val":"250/100","Text_":"200","ClassText":"200 Commercial","Class":200,"CodeText":" ","Shape_Leng":0.021432346597699999,"Shape_Area":1.5651800057399999e-05}},{"type":"Feature","id":174,"geometry":{"type":"Polygon","coordinates":[[[76.958592355000064,28.429368942000053],[76.958599478000053,28.429374374000055],[76.957961752000074,28.43031747800006],[76.957959828000071,28.430320428000073],[76.957951121000065,28.430337660000077],[76.95794593100004,28.430355967000036],[76.957944726000051,28.430365154000071],[76.957257007000052,28.438700300000054],[76.947982718000048,28.437871549000075],[76.948099357000061,28.436585780000026],[76.949751733000085,28.428472541000076],[76.950984677000051,28.428649750000023],[76.953086154000061,28.428951487000056],[76.953096195000057,28.428952859000038],[76.953128986000081,28.428956423000038],[76.953434676000043,28.42898307300004],[76.953476168000066,28.428985574000016],[76.953498665000041,28.428986004000027],[76.953749867000056,28.428987174000046],[76.95378985900004,28.428986334000044],[76.954232426000033,28.42896565400002],[76.954244525000036,28.428964994000065],[76.954318546000096,28.428956800000027],[76.954343964000032,28.428952302000017],[76.955285046000029,28.428769437000025],[76.95608334700006,28.42862804300005],[76.956959581000021,28.42848507900003],[76.957284980000054,28.428490669000041],[76.957422135000058,28.428503080000031],[76.957561364000071,28.428535386000075],[76.957870220000089,28.428790849000041],[76.957878521000055,28.428797605000049],[76.958592355000064,28.429368942000053]]]},"properties":{"FID":174,"OBJECTID":175,"Id":0,"Area":931576.28250700003,"Name":"88 A","Density":"250","Code":100,"val":"100/250","Text_":"100/250","ClassText":"100 Residential (Group Housing/Plotted)","Class":100,"CodeText":" ","Shape_Leng":0.037662616926600001,"Shape_Area":8.5793729332399999e-05}},{"type":"Feature","id":175,"geometry":{"type":"Polygon","coordinates":[[[76.938316152000084,28.435957987000062],[76.938061700000048,28.440470145000077],[76.934667556000079,28.439234494000051],[76.934511119000035,28.439176867000068],[76.934703353000032,28.434871359000056],[76.938316152000084,28.435957987000062]]]},"properties":{"FID":175,"OBJECTID":176,"Id":0,"Area":174352.81747099999,"Name":"89B","Density":" ","Code":700,"val":" ","Text_":"710","ClassText":"700 Open Spaces","Class":700,"CodeText":" ","Shape_Leng":0.016380582440299999,"Shape_Area":1.6057987141200001e-05}},{"type":"Feature","id":176,"geometry":{"type":"Polygon","coordinates":[[[76.938867801000086,28.426175074000071],[76.938355787000035,28.435255109000014],[76.935112840000045,28.434279722000046],[76.935520848000081,28.425140307000046],[76.93633036600005,28.425363509000078],[76.938590594000061,28.426054717000056],[76.938723026000048,28.426106613000044],[76.938867801000086,28.426175074000071]]]},"properties":{"FID":176,"OBJECTID":177,"Id":0,"Area":331886.11043599999,"Name":"89A","Density":" ","Code":700,"val":" ","Text_":"720","ClassText":"700 Open Spaces","Class":700,"CodeText":" ","Shape_Leng":0.0251350982407,"Shape_Area":3.0564732693399998e-05}},{"type":"Feature","id":177,"geometry":{"type":"Polygon","coordinates":[[[76.930822158000055,28.400526452000058],[76.92976974700008,28.402926877000024],[76.916977780000082,28.395838684000058],[76.92010886100006,28.393749535000037],[76.928414986000064,28.399162340000018],[76.930822158000055,28.400526452000058]]]},"properties":{"FID":177,"OBJECTID":178,"Id":0,"Area":434845.719224,"Name":"91","Density":" ","Code":700,"val":" ","Text_":"700","ClassText":"700 Open Spaces","Class":700,"CodeText":" ","Shape_Leng":0.033690550516799998,"Shape_Area":4.00337657947e-05}},{"type":"Feature","id":178,"geometry":{"type":"MultiPolygon","coordinates":[[[[76.888937141000042,28.409525220000027],[76.889538135000066,28.409819085000041],[76.892916770000056,28.411595445000042],[76.894102991000054,28.412322142000047],[76.891664650000052,28.415322713000009],[76.89042571300007,28.417475523000061],[76.88468286300008,28.41462022900004],[76.88307254700004,28.413819518000022],[76.882918772000039,28.413743054000062],[76.882779223000057,28.413673662000061],[76.883236308000065,28.413223013000042],[76.882086173000076,28.412640561000032],[76.887188238000064,28.408670042000047],[76.888937141000042,28.409525220000027]]],[[[76.897354137000036,28.414338484000034],[76.900065100000077,28.416122052000041],[76.90235610200007,28.417716524000063],[76.903555546000078,28.418563686000027],[76.903608000000077,28.418597287000061],[76.903625653000063,28.418607178000048],[76.904291605000083,28.418967874000028],[76.904743088000018,28.41924086400007],[76.901520645000062,28.422992342000043],[76.892815871000039,28.418664101000036],[76.893429301000083,28.417361080000031],[76.896297311000069,28.413676961000075],[76.897354137000036,28.414338484000034]]]]},"properties":{"FID":178,"OBJECTID":179,"Id":0,"Area":1195968.6371200001,"Name":"98","Density":" ","Code":400,"val":"400","Text_":"400","ClassText":"400 Transport and Communication","Class":400,"CodeText":" ","Shape_Leng":0.062004888014899999,"Shape_Area":0.000110130605386}},{"type":"Feature","id":179,"geometry":{"type":"MultiPolygon","coordinates":[[[[76.917019671000048,28.392546184000018],[76.919455886000037,28.393507037000056],[76.908350455000061,28.400916151000036],[76.908323945000063,28.400936020000078],[76.908304654000048,28.400953775000062],[76.901675737000062,28.40763761300008],[76.896832977000031,28.412519786000082],[76.89629872900008,28.412185364000031],[76.896292998000035,28.41218181500005],[76.894893356000054,28.41132440400003],[76.895241326000075,28.409924714000056],[76.896430415000054,28.408762102000022],[76.898191918000052,28.408202732000056],[76.898898995000081,28.40666480100003],[76.901423170000044,28.402847602000048],[76.902591640000082,28.400539174000063],[76.908652410000059,28.396404984000064],[76.91105738400006,28.395607224000052],[76.91603204200004,28.392120241000043],[76.917019671000048,28.392546184000018]]],[[[76.895505509000031,28.413181319000039],[76.896297311000069,28.413676961000075],[76.893429301000083,28.417361080000031],[76.892815871000039,28.418664101000036],[76.890648289000069,28.417586177000029],[76.89042571300007,28.417475523000061],[76.891664650000052,28.415322713000009],[76.894102991000054,28.412322142000047],[76.895505509000031,28.413181319000039]]]]},"properties":{"FID":179,"OBJECTID":180,"Id":0,"Area":1201790.70955,"Name":"700","Density":" ","Code":700,"val":"400","Text_":"700","ClassText":"700 Open Spaces","Class":700,"CodeText":" ","Shape_Leng":0.083135284741400001,"Shape_Area":0.000110651647885}},{"type":"Feature","id":180,"geometry":{"type":"Polygon","coordinates":[[[76.969852167000056,28.404373359000022],[76.970032526000054,28.404170147000048],[76.970042136000075,28.404157352000027],[76.971854148000048,28.405081707000083],[76.97164316900006,28.405286742000037],[76.969852167000056,28.404373359000022]]]},"properties":{"FID":180,"OBJECTID":181,"Id":0,"Area":6118.0564024300002,"Name":"84","Density":" ","Code":500,"val":" ","Text_":"500","ClassText":"500 Public Utilities","Class":500,"CodeText":" ","Shape_Leng":0.0046265299048299999,"Shape_Area":5.6328698598099997e-07}},{"type":"Feature","id":181,"geometry":{"type":"Polygon","coordinates":[[[76.926834539000069,28.381766105000047],[76.926591748000064,28.381935084000073],[76.925962359000039,28.382502485000021],[76.925343972000064,28.380871010000082],[76.92517435700006,28.380423510000067],[76.925215829000081,28.380385704000041],[76.926834539000069,28.381766105000047]]]},"properties":{"FID":181,"OBJECTID":182,"Id":0,"Area":13473.3794499,"Name":"M15","Density":" ","Code":300,"val":"320/330/340","Text_":"300","ClassText":"300 Industrial","Class":300,"CodeText":" ","Shape_Leng":0.0055499978084700002,"Shape_Area":1.2402767434599999e-06}},{"type":"Feature","id":182,"geometry":{"type":"Polygon","coordinates":[[[76.917083285000047,28.391383321000038],[76.917286166000054,28.391241098000012],[76.921913079000035,28.386706305000072],[76.92576988200004,28.382676003000025],[76.92666371200005,28.385034077000054],[76.926692050000042,28.38510628300002],[76.920465323000045,28.392728330000068],[76.92044276200005,28.392755943000054],[76.917083285000047,28.391383321000038]]]},"properties":{"FID":182,"OBJECTID":183,"Id":0,"Area":335253.33282100002,"Name":" ","Density":" ","Code":800,"val":"320/330/340","Text_":"800","ClassText":"800 Aggriculture Zone","Class":810,"CodeText":" ","Shape_Leng":0.0284110065523,"Shape_Area":3.0862905106099997e-05}},{"type":"Feature","id":183,"geometry":{"type":"Polygon","coordinates":[[[76.956719400000054,28.378070865000041],[76.958486881000056,28.379035889000075],[76.956617663000031,28.379607233000044],[76.954669373000073,28.378676189000032],[76.955542544000082,28.377478728000014],[76.956719400000054,28.378070865000041]]]},"properties":{"FID":183,"OBJECTID":184,"Id":0,"Area":42520.872021100004,"Name":"M6","Density":" ","Code":200,"val":" ","Text_":"200","ClassText":"200 Commercial","Class":200,"CodeText":" ","Shape_Leng":0.0089271112876599997,"Shape_Area":3.9139839744799998e-06}},{"type":"Feature","id":184,"geometry":{"type":"Polygon","coordinates":[[[76.952463683000076,28.379572242000048],[76.955777623000074,28.37986398900005],[76.956303529000081,28.379703249000041],[76.95956287100006,28.381260721000054],[76.958069141000067,28.383488321000065],[76.957162958000069,28.384844592000022],[76.95502966600003,28.383959302000051],[76.95501802800004,28.383954730000021],[76.955003843000057,28.383949832000035],[76.948866469000038,28.381984447000026],[76.948833935000039,28.381975803000035],[76.948710169000051,28.381949435000024],[76.952463683000076,28.379572242000048]]]},"properties":{"FID":184,"OBJECTID":185,"Id":0,"Area":347134.80449299997,"Name":"81A","Density":"250","Code":100,"val":"100/250","Text_":"100/250","ClassText":"100 Residential (Group Housing/Plotted)","Class":100,"CodeText":" ","Shape_Leng":0.025186982761199999,"Shape_Area":3.1954162663999999e-05}},{"type":"Feature","id":185,"geometry":{"type":"MultiPolygon","coordinates":[[[[76.960366565000058,28.38006212600002],[76.959687655000053,28.38107462500005],[76.959684204000041,28.38107257400004],[76.956617663000031,28.379607233000044],[76.958486881000056,28.379035889000075],[76.960366565000058,28.38006212600002]]],[[[76.945321632000059,28.381261667000039],[76.94527297500008,28.381277323000063],[76.942163656000048,28.382563668000039],[76.94212182800004,28.382584662000045],[76.94208244400005,28.38261268500003],[76.942074995000041,28.382619166000033],[76.938356287000047,28.38596700100004],[76.938330100000044,28.385993893000034],[76.938303136000059,28.386031707000026],[76.938299940000036,28.38603729500004],[76.936772172000062,28.388786164000059],[76.931090426000097,28.384727711000039],[76.929001231000015,28.382864016000038],[76.928979379000054,28.382843860000037],[76.928974510000046,28.382839384000064],[76.928966073000083,28.382831902000081],[76.927665433000072,28.381722736000025],[76.936697816000049,28.379935984000046],[76.954402303000052,28.378786759000025],[76.954325770000082,28.378817769000076],[76.954435954000076,28.378810772000062],[76.956303529000081,28.379703249000041],[76.955777623000074,28.37986398900005],[76.952463684000065,28.379572244000034],[76.948710169000051,28.381949436000067],[76.946688523000049,28.381518730000046],[76.945472557000073,28.381259665000073],[76.945421894000049,28.38125287600008],[76.945371350000073,28.38125359800005],[76.945321632000059,28.381261667000039]]]]},"properties":{"FID":185,"OBJECTID":186,"Id":0,"Area":1078195.0833999999,"Name":"M6","Density":" ","Code":700,"val":" ","Text_":"700","ClassText":"700 Open Spaces","Class":700,"CodeText":" ","Shape_Leng":0.073010853265700004,"Shape_Area":9.9254623660299994e-05}},{"type":"Feature","id":186,"geometry":{"type":"Polygon","coordinates":[[[76.967402786000036,28.383466072000029],[76.969492191000029,28.384799893000036],[76.971565547000068,28.386872802000017],[76.970437071000049,28.388059376000058],[76.967830529000082,28.385466491000049],[76.967816183000082,28.385454360000043],[76.967802029000055,28.385445589000021],[76.960312574000071,28.381470462000046],[76.960312009000063,28.381470174000068],[76.961030139000059,28.380399177000072],[76.967402786000036,28.383466072000029]]]},"properties":{"FID":186,"OBJECTID":187,"Id":0,"Area":199723.06147499999,"Name":"82 A","Density":" ","Code":200,"val":"250/100","Text_":"200","ClassText":"200 Commercial","Class":200,"CodeText":" ","Shape_Leng":0.027601554777499999,"Shape_Area":1.8384751118699999e-05}},{"type":"Feature","id":187,"geometry":{"type":"Polygon","coordinates":[[[76.967659973000082,28.385622742000056],[76.970265934000068,28.388215050000056],[76.970278729000015,28.388225867000077],[76.967280163000041,28.391378629000037],[76.957065723000085,28.386319625000052],[76.957302520000042,28.38596593300003],[76.958727600000032,28.383833031000044],[76.960187122000036,28.381656425000077],[76.967659973000082,28.385622742000056]]]},"properties":{"FID":187,"OBJECTID":188,"Id":0,"Area":673576.10174700001,"Name":"82 A","Density":"250","Code":100,"val":"100/250","Text_":"100/250","ClassText":"100 Residential (Group Housing/Plotted)","Class":100,"CodeText":" ","Shape_Leng":0.033513800851800002,"Shape_Area":6.20052089195e-05}},{"type":"Feature","id":188,"geometry":{"type":"Polygon","coordinates":[[[76.969829060000052,28.404048651000032],[76.969637871000032,28.404264068000021],[76.965780398000064,28.408610082000056],[76.965769693000084,28.408624328000023],[76.965765935000036,28.408630812000055],[76.961973852000099,28.415752607000066],[76.960448154000062,28.414822043000065],[76.960432448000063,28.414812956000041],[76.957638948000067,28.413282136000074],[76.957632803000081,28.413278840000036],[76.955188917000044,28.411995060000034],[76.957498171000054,28.408572280000044],[76.960549362000052,28.407661086000076],[76.960578918000067,28.407650718000077],[76.960622989000058,28.407628804000062],[76.960661233000053,28.407601730000064],[76.961619244000076,28.406804341000051],[76.96165344700006,28.406770484000045],[76.961680407000074,28.406732664000053],[76.961699961000093,28.406691437000067],[76.961711573000059,28.406647927000051],[76.961714488000041,28.406622875000036],[76.96198226000007,28.402397804000028],[76.961982699000046,28.402378251000076],[76.961977703000059,28.402333764000037],[76.961964495000075,28.402290611000073],[76.961955985000031,28.402271994000039],[76.961829269000077,28.402021890000064],[76.962882997000065,28.400818804000032],[76.963073045000058,28.400601815000076],[76.969829060000052,28.404048651000032]]]},"properties":{"FID":188,"OBJECTID":189,"Id":0,"Area":984209.56096599996,"Name":"84","Density":"250","Code":100,"val":"100/250","Text_":"100/250","ClassText":"100 Residential (Group Housing/Plotted)","Class":100,"CodeText":" ","Shape_Leng":0.044964662002799999,"Shape_Area":9.06192572405e-05}},{"type":"Feature","id":189,"geometry":{"type":"Polygon","coordinates":[[[76.97164316900006,28.405286742000037],[76.97048608800003,28.406411190000021],[76.970446085000049,28.406452377000043],[76.96921317400006,28.407800223000041],[76.969158637000078,28.40786535400003],[76.969153996000045,28.407871474000039],[76.967306999000058,28.410327754000036],[76.967262709000067,28.410392054000042],[76.967243968000048,28.410423221000023],[76.963608941000075,28.41674984500003],[76.962176451000047,28.415876177000023],[76.962183068000058,28.41586752500006],[76.962186827000039,28.415861042000071],[76.965981619000033,28.408734133000053],[76.969852167000056,28.404373359000022],[76.97164316900006,28.405286742000037]]]},"properties":{"FID":189,"OBJECTID":190,"Id":0,"Area":278496.31735600001,"Name":"84","Density":" ","Code":200,"val":" ","Text_":"200","ClassText":"200 Commercial","Class":200,"CodeText":" ","Shape_Leng":0.031686104249299997,"Shape_Area":2.56426315567e-05}},{"type":"Feature","id":190,"geometry":{"type":"Polygon","coordinates":[[[76.971236739000062,28.417922329000078],[76.970678210000074,28.418260475000057],[76.970446735000053,28.418308484000082],[76.969652112000048,28.418289454000035],[76.968840024000031,28.418184604000025],[76.968410348000063,28.418105832000041],[76.96832085000004,28.418089424000062],[76.98270750000006,28.405253376000068],[76.982511897000052,28.403101700000036],[76.981708002000076,28.401692334000071],[76.982992202000048,28.398617410000053],[76.986596988000031,28.402279080000028],[76.986840621000056,28.402537190000032],[76.987805955000056,28.40424653500002],[76.987879611000025,28.405071331000034],[76.987881459000064,28.405083366000039],[76.987882906000038,28.405089130000068],[76.988231979000034,28.406320631000032],[76.988231861000031,28.406320706000031],[76.971236739000062,28.417922329000078]]]},"properties":{"FID":190,"OBJECTID":191,"Id":0,"Area":933152.16096500005,"Name":"36 A","Density":" ","Code":700,"val":" ","Text_":"700","ClassText":"700 Open Spaces","Class":700,"CodeText":" ","Shape_Leng":0.059586915844500002,"Shape_Area":8.5916233390300001e-05}},{"type":"Feature","id":191,"geometry":{"type":"Polygon","coordinates":[[[76.97758365600005,28.439511440000047],[76.976528031000043,28.440289656000047],[76.974718411000083,28.441783132000054],[76.974697918000061,28.441765606000033],[76.974660404000076,28.441743261000052],[76.964464415000066,28.43680477900006],[76.964425125000048,28.436789395000069],[76.964381977000059,28.436779840000035],[76.964360200000044,28.436778472000071],[76.964603370000091,28.433820630000064],[76.96481975100005,28.433365902000038],[76.966637437000031,28.434382828000018],[76.966646275000059,28.434387690000047],[76.969066530000077,28.435696823000054],[76.972526141000074,28.437557198000032],[76.974940802000049,28.438873416000035],[76.974989758000035,28.43889772500005],[76.975057972000059,28.438924427000057],[76.975092163000056,28.438934997000036],[76.975294191000046,28.43899223000005],[76.975325003000094,28.439000266000043],[76.97584592700008,28.439124495000037],[76.975854645000084,28.439126515000048],[76.977428435000036,28.439476524000035],[76.97758365600005,28.439511440000047]]]},"properties":{"FID":191,"OBJECTID":192,"Id":0,"Area":411600.59136000002,"Name":"37 D","Density":" ","Code":300,"val":" ","Text_":"320,330,340","ClassText":"300 Industrial","Class":300,"CodeText":" ","Shape_Leng":0.032881118801400003,"Shape_Area":3.7906537857200001e-05}},{"type":"Feature","id":192,"geometry":{"type":"Polygon","coordinates":[[[77.003540997000059,28.472864362000045],[77.002078850000046,28.476154363000031],[77.000610546000075,28.475629882000067],[77.000603122000044,28.475627425000024],[77.000599851000061,28.475626464000072],[76.999970905000069,28.475448504000031],[76.998007199000085,28.473131502000047],[76.997995229000082,28.473117982000069],[76.997976651000045,28.473099108000032],[76.997450969000056,28.472597161000071],[76.996794652000062,28.471970466000077],[76.996771308000078,28.471949726000048],[76.996758739000029,28.47193971400003],[76.995649185000048,28.471088025000025],[76.995623071000068,28.471069414000041],[76.995132397000077,28.470745100000041],[76.995123555000077,28.470739399000017],[76.995099425000035,28.470725219000034],[76.98907150000008,28.46742015500007],[76.988571568000054,28.467101335000049],[76.988876106000077,28.466332528000063],[77.003540997000059,28.472864362000045]]]},"properties":{"FID":192,"OBJECTID":193,"Id":0,"Area":352539.66806499998,"Name":"9 A","Density":" ","Code":500,"val":"510/530","Text_":"510,530","ClassText":"500 Public Utilities","Class":500,"CodeText":" ","Shape_Leng":0.036993335715999998,"Shape_Area":3.2480181452900002e-05}},{"type":"Feature","id":193,"geometry":{"type":"Polygon","coordinates":[[[77.00866469000006,28.453048955000042],[77.008920849000049,28.453145527000054],[77.008947484000032,28.453154713000057],[77.009293594000042,28.453263245000073],[77.009318455000098,28.453270345000075],[77.009343252000079,28.45327608500002],[77.009625299000035,28.453333993000058],[77.009659120000023,28.453339767000045],[77.01002270500004,28.453389404000063],[77.010033602000064,28.453390760000048],[77.01098821300009,28.453499227000059],[77.011427900000058,28.453603863000062],[77.011844533000044,28.453742305000052],[77.012473632000095,28.454001921000042],[77.013268006000033,28.454364399000053],[77.013396909000051,28.454445158000052],[77.013597083000036,28.454600999000032],[77.013756275000048,28.454773465000073],[77.013923931000079,28.454959551000059],[77.014372743000081,28.455674438000067],[77.014725074000069,28.456278810000068],[77.014758177000033,28.456326614000027],[77.014768960000083,28.456339467000081],[77.014951613000051,28.456548421000036],[77.014341411000018,28.456555501000022],[77.011530209000057,28.456544659000024],[77.008471857000075,28.45653255700006],[77.008462118000068,28.456532610000071],[77.007806367000057,28.456542294000045],[77.008608267000056,28.455330831000026],[77.008367657000079,28.454035578000063],[77.008183262000045,28.453427096000031],[77.00866469000006,28.453048955000042]]]},"properties":{"FID":193,"OBJECTID":194,"Id":0,"Area":181075.29034899999,"Name":" ","Density":" ","Code":200,"val":" ","Text_":"200","ClassText":"200 Commercial","Class":200,"CodeText":" ","Shape_Leng":0.018772349717800001,"Shape_Area":1.6678649459499999e-05}},{"type":"Feature","id":194,"geometry":{"type":"MultiPolygon","coordinates":[[[[77.016329746000054,28.445288846000032],[77.017545111000061,28.446736279000042],[77.019227317000059,28.448446671000056],[77.021601421000057,28.449462842000056],[77.023462708000082,28.449512063000036],[77.032947462000038,28.447019736000076],[77.030711201000045,28.451508174000026],[77.020266588000084,28.452948700000025],[77.018933248000053,28.451506087000038],[77.018930940000075,28.451503648000028],[77.014234332000058,28.446658713000033],[77.016329013000075,28.445287976000035],[77.016329746000054,28.445288846000032]]],[[[77.023742728000059,28.456941446000023],[77.023485142000084,28.456634188000063],[77.021583383000063,28.454373580000034],[77.021579087000077,28.454368709000033],[77.020490823000046,28.453191305000075],[77.020954962000076,28.453126204000057],[77.030735135000043,28.451641844000044],[77.028315616000043,28.456855263000019],[77.02648874700003,28.45934469600008],[77.023806616000059,28.457088428000066],[77.023867754000037,28.457301208000043],[77.023742728000059,28.456941446000023],[77.023750374000016,28.456950567000025],[77.023741955000048,28.456939449000057],[77.023742728000059,28.456941446000023]]]]},"properties":{"FID":194,"OBJECTID":195,"Id":0,"Area":99178.708699800001,"Name":"11","Density":" ","Code":200,"val":" ","Text_":"200","ClassText":"200 Commercial","Class":200,"CodeText":" ","Shape_Leng":0.073614525232500005,"Shape_Area":9.6637141756099999e-05}},{"type":"Feature","id":195,"geometry":{"type":"Polygon","coordinates":[[[77.005860985000083,28.438911734000044],[77.00620774600003,28.438705746000021],[77.006491843000063,28.439114242000066],[77.006503954000053,28.439129256000051],[77.008367556000053,28.441135110000051],[77.010585242000047,28.443454218000046],[77.010588569000049,28.443457544000069],[77.012776699000085,28.445570948000071],[77.016603767000049,28.449519073000033],[77.016397228000073,28.449871299000051],[77.015125719000082,28.448447629000032],[77.012394678000064,28.445737647000037],[77.010000240000082,28.443450473000034],[77.007864278000056,28.441113597000022],[77.005860985000083,28.438911734000044]]]},"properties":{"FID":195,"OBJECTID":196,"Id":0,"Area":60288.724069600001,"Name":"10A","Density":" ","Code":200,"val":" ","Text_":"200","ClassText":"200 Commercial","Class":200,"CodeText":" ","Shape_Leng":0.031030906251299999,"Shape_Area":5.5526473470500003e-06}},{"type":"Feature","id":196,"geometry":{"type":"Polygon","coordinates":[[[77.016438578000077,28.449800786000029],[77.016603767000049,28.449519073000033],[77.018697220000035,28.451678566000052],[77.019941070000073,28.453024360000036],[77.019573156000021,28.45307866500006],[77.019394422000062,28.452884801000028],[77.01774071300008,28.451104226000037],[77.016438578000077,28.449800786000029]]]},"properties":{"FID":196,"OBJECTID":197,"Id":0,"Area":15426.887897299999,"Name":"10A","Density":" ","Code":200,"val":" ","Text_":"200","ClassText":"200 Commercial","Class":200,"CodeText":" ","Shape_Leng":0.010074860920400001,"Shape_Area":1.4209082362700001e-06}},{"type":"Feature","id":197,"geometry":{"type":"Polygon","coordinates":[[[77.019772300000042,28.453323689000058],[77.020164258000079,28.453265836000064],[77.021339702000034,28.454537566000049],[77.02347932400005,28.457080920000063],[77.023513058000049,28.457186727000085],[77.023021889000049,28.457030202000052],[77.02301350700003,28.457027823000036],[77.022821072000056,28.456978612000061],[77.02231739900003,28.456327108000039],[77.021061458000062,28.454834106000078],[77.020052880000037,28.453648644000044],[77.019772300000042,28.453323689000058]]]},"properties":{"FID":197,"OBJECTID":198,"Id":0,"Area":21342.5505103,"Name":"10A","Density":" ","Code":200,"val":" ","Text_":"200","ClassText":"200 Commercial","Class":200,"CodeText":" ","Shape_Leng":0.011045791981300001,"Shape_Area":1.9658478663299999e-06}},{"type":"Feature","id":198,"geometry":{"type":"Polygon","coordinates":[[[77.016329013000075,28.445287976000035],[77.014234332000058,28.446658713000033],[77.013007279000078,28.445392802000065],[77.013004280000075,28.445389817000031],[77.010816524000063,28.443276783000048],[77.008602865000057,28.440961893000058],[77.006747242000074,28.438964618000057],[77.006462112000065,28.438554643000025],[77.006478910000055,28.438544664000055],[77.006493100000057,28.438535668000039],[77.007384182000067,28.437936165000057],[77.008935242000064,28.436980698000056],[77.009196381000038,28.436820583000046],[77.016329013000075,28.445287976000035]]]},"properties":{"FID":198,"OBJECTID":199,"Id":0,"Area":353102.972702,"Name":"10 A","Density":" ","Code":300,"val":" ","Text_":"320,330,340","ClassText":"300 Industrial","Class":300,"CodeText":" ","Shape_Leng":0.028050284796799999,"Shape_Area":3.2520910000899999e-05}},{"type":"Feature","id":199,"geometry":{"type":"Polygon","coordinates":[[[77.015073854000036,28.457061315000029],[77.022778986000048,28.457249623000052],[77.02594220900005,28.459906904000032],[77.022986568000078,28.463477405000045],[77.019711591000032,28.469580536000016],[77.018823408000074,28.472354328000037],[77.01831846500005,28.473420247000028],[77.017401180000036,28.473088331000039],[77.010047354000037,28.470343682000074],[77.007302052000057,28.469353304000034],[77.005659020000053,28.468850346000067],[77.008541693000041,28.462078802000065],[77.01083129500006,28.456947908000068],[77.015073854000036,28.457061315000029]]]},"properties":{"FID":199,"OBJECTID":200,"Id":0,"Area":619085.94593799999,"Name":"7","Density":"375","Code":100,"val":"100/375","Text_":"100/375","ClassText":"100 Residential (Group Housing/Plotted)","Class":100,"CodeText":" ","Shape_Leng":0.058175904715199997,"Shape_Area":0.00020742368498}},{"type":"Feature","id":200,"geometry":{"type":"Polygon","coordinates":[[[77.037437216000058,28.468399722000061],[77.034296040000058,28.470582348000043],[77.034351678000064,28.471060130000062],[77.029537620000028,28.473863279000057],[77.028909017000046,28.472351316000058],[77.026311624000087,28.467879765000074],[77.018696951000052,28.473199331000057],[77.020129372000042,28.469030691000061],[77.020886398000087,28.467998454000053],[77.021476251000081,28.466583402000023],[77.022013138000034,28.464951282000072],[77.023499758000071,28.462934192000031],[77.026764537000076,28.459775847000056],[77.033314016000077,28.463549123000064],[77.034923752000054,28.465306901000073],[77.037437216000058,28.468399722000061]],[[77.034081860000072,28.468832157000065],[77.034693583000021,28.468616172000054],[77.034898608000049,28.468487045000071],[77.033910785000046,28.467655155000045],[77.034081860000072,28.468832157000065]]]},"properties":{"FID":200,"OBJECTID":201,"Id":0,"Area":143331.139998,"Name":"12 A","Density":"375","Code":100,"val":"100/375","Text_":"100/375","ClassText":"100 Residential (Group Housing/Plotted)","Class":100,"CodeText":" ","Shape_Leng":0.0592608494471,"Shape_Area":0.000128152110686}},{"type":"Feature","id":201,"geometry":{"type":"Polygon","coordinates":[[[77.022778986000048,28.457249623000052],[77.022923630000037,28.457286612000072],[77.023465963000035,28.457459441000026],[77.023480439000068,28.457463257000018],[77.023662988000069,28.457502818000034],[77.023817551000036,28.457615284000042],[77.023829486000082,28.457623081000065],[77.024481694000031,28.458007420000051],[77.024485759000072,28.45800973400004],[77.02484142000003,28.458205269000082],[77.025126133000072,28.458400557000051],[77.025457068000023,28.458634794000048],[77.025781069000061,28.458916344000052],[77.025951211000049,28.459090676000066],[77.025963377000039,28.459101755000063],[77.02627530400008,28.45935513500006],[77.026101655000048,28.459534322000017],[77.025182314000062,28.458826193000053],[77.024550436000084,28.458331360000027],[77.023581941000032,28.457864455000038],[77.022778986000048,28.457249623000052]]]},"properties":{"FID":201,"OBJECTID":202,"Id":0,"Area":11591.2624908,"Name":"7","Density":" ","Code":200,"val":" ","Text_":"200","ClassText":"200 Commercial","Class":200,"CodeText":" ","Shape_Leng":0.0084341261409500001,"Shape_Area":1.0676747528e-06}},{"type":"Feature","id":202,"geometry":{"type":"Polygon","coordinates":[[[77.026691060000076,28.458872325000073],[77.026616789000073,28.458971452000064],[77.026468296000075,28.459144263000038],[77.026177165000036,28.458907773000078],[77.026008734000072,28.458735193000049],[77.02600030300006,28.458727250000035],[77.025666244000035,28.458436963000047],[77.025654962000033,28.458428087000069],[77.025315822000039,28.458188049000054],[77.025022935000038,28.457987143000018],[77.025009933000035,28.457979140000074],[77.02464961000004,28.457781045000054],[77.024005829000018,28.457401675000025],[77.023867754000037,28.457301208000043],[77.023801440000057,28.45709320800006],[77.023806616000059,28.457088428000066],[77.023993868000034,28.457049221000037],[77.024859027000048,28.457513108000057],[77.026288686000044,28.458362773000033],[77.026691060000076,28.458872325000073]]]},"properties":{"FID":202,"OBJECTID":203,"Id":0,"Area":12921.3012069,"Name":"11","Density":" ","Code":200,"val":" ","Text_":"200","ClassText":"200 Commercial","Class":200,"CodeText":" ","Shape_Leng":0.0072622654015000003,"Shape_Area":1.1901896748e-06}},{"type":"Feature","id":203,"geometry":{"type":"Polygon","coordinates":[[[77.026764537000076,28.459775847000056],[77.025823553000066,28.460792150000035],[77.024674300000072,28.461734050000072],[77.023943118000048,28.462438524000042],[77.023499758000071,28.462934192000031],[77.022834168000031,28.463913341000026],[77.022250396000061,28.464962408000066],[77.021476251000081,28.466583402000023],[77.02103392800008,28.467647985000031],[77.02094747700005,28.467491140000053],[77.020941114000038,28.467480773000034],[77.020925436000098,28.467461680000042],[77.020906247000099,28.467445281000032],[77.02088412300003,28.467432077000066],[77.020866683000079,28.467425203000055],[77.02090518200005,28.46734048300004],[77.02164958700007,28.465728049000059],[77.022013138000034,28.464951282000072],[77.022249590000044,28.464434399000023],[77.022504935000029,28.46398783200004],[77.022793973000034,28.463503887000055],[77.022990269000047,28.463195363000061],[77.023292028000085,28.462776795000018],[77.023495882000077,28.46254602000004],[77.024238476000065,28.461814042000071],[77.025049286000055,28.460985563000058],[77.026056016000027,28.459997460000071],[77.026058524000078,28.459994937000033],[77.026478020000056,28.45956206500005],[77.02647881200005,28.459562756000018],[77.026764537000076,28.459775847000056]]]},"properties":{"FID":203,"OBJECTID":204,"Id":0,"Area":28859.955167200002,"Name":"12","Density":" ","Code":200,"val":" ","Text_":"200","ClassText":"200 Commercial","Class":200,"CodeText":" ","Shape_Leng":0.020309863092500002,"Shape_Area":2.6584189787699998e-06}},{"type":"Feature","id":204,"geometry":{"type":"Polygon","coordinates":[[[77.040217537000046,28.471573775000017],[77.041366655000047,28.472893368000022],[77.04334898500008,28.475133016000022],[77.045171822000043,28.477196758000048],[77.047254529000043,28.479589505000025],[77.04865970000003,28.48115006200003],[77.048929571000031,28.481456427000065],[77.048921268000072,28.481473958000034],[77.04891839000004,28.481484773000023],[77.048751239000083,28.481522870000045],[77.047851340000079,28.481608215000058],[77.047458855000059,28.48156876300003],[77.045091986000045,28.481076547000026],[77.042928946000075,28.480603486000053],[77.042173008000077,28.480422883000081],[77.040556271000085,28.479740707000079],[77.039410687000057,28.479236997000033],[77.039392382000074,28.479230217000065],[77.039385117000066,28.479228182000025],[77.039004952000084,28.479130745000081],[77.038997233000032,28.479128957000057],[77.037397084000077,28.478797555000035],[77.036021749000042,28.478523655000057],[77.035343786000055,28.478397966000045],[77.035336373000064,28.478396759000077],[77.035312002000069,28.478395083000073],[77.035243950000051,28.478395216000017],[77.034619558000031,28.473360332000027],[77.034497975000079,28.472318764000075],[77.034496624000028,28.472307254000036],[77.034495222000047,28.472295299000052],[77.034397871000067,28.471457786000027],[77.040217537000046,28.471573775000017]]]},"properties":{"FID":204,"OBJECTID":205,"Id":0,"Area":841428.76907299994,"Name":"13","Density":" ","Code":800,"val":" ","Text_":"800","ClassText":"800 Aggriculture Zone","Class":810,"CodeText":" ","Shape_Leng":0.04015328001,"Shape_Area":7.7516505442899999e-05}},{"type":"Feature","id":205,"geometry":{"type":"Polygon","coordinates":[[[77.034397871000067,28.471457786000027],[77.034333139000069,28.470900895000039],[77.037625022000043,28.468613550000047],[77.039662264000071,28.470936109000046],[77.040217537000046,28.471573775000017],[77.034397871000067,28.471457786000027]]]},"properties":{"FID":205,"OBJECTID":206,"Id":0,"Area":102679.389821,"Name":"13","Density":" ","Code":200,"val":" ","Text_":"200","ClassText":"200 Commercial","Class":200,"CodeText":" ","Shape_Leng":0.014324992391299999,"Shape_Area":9.4587638240899998e-06}},{"type":"Feature","id":206,"geometry":{"type":"Polygon","coordinates":[[[77.033666021000045,28.446834527000071],[77.03534280500007,28.447176239000047],[77.035396318000039,28.447197823000071],[77.035794895000024,28.447452829000039],[77.036740605000048,28.448347333000058],[77.037974812000087,28.449666207000053],[77.037985697000067,28.449677693000073],[77.040855221000072,28.452668210000066],[77.040888231000054,28.452702769000041],[77.040279287000033,28.453300688000077],[77.038905474000046,28.454650601000029],[77.031615041000066,28.462501330000055],[77.029762444000085,28.461459472000055],[77.027752660000033,28.460323579000022],[77.026577579000048,28.459459330000076],[77.027724018000058,28.457889881000032],[77.029068280000047,28.455538933000067],[77.03005950000005,28.453406434000037],[77.031252291000058,28.451254471000031],[77.03257430900004,28.448474392000026],[77.033666021000045,28.446834527000071]]]},"properties":{"FID":206,"OBJECTID":207,"Id":0,"Area":340691.696291,"Name":"11 A","Density":"250","Code":100,"val":"100/250","Text_":"100/250","ClassText":"100 Residential (Group Housing/Plotted)","Class":100,"CodeText":" ","Shape_Leng":0.043456404845599997,"Shape_Area":0.000108074597763}},{"type":"Feature","id":207,"geometry":{"type":"MultiPolygon","coordinates":[[[[77.050739028000066,28.463001298000055],[77.051470121000079,28.463773181000079],[77.050272931000052,28.464379086000058],[77.050257738000084,28.464388068000062],[77.049489602000051,28.464903883000026],[77.049483275000057,28.464908369000042],[77.048920078000037,28.465329948000036],[77.048916480000059,28.465332757000052],[77.048713795000069,28.465496408000028],[77.048744364000072,28.463759278000058],[77.048840041000062,28.46368227500006],[77.050616156000046,28.462873367000039],[77.050739028000066,28.463001298000055]]],[[[77.042285612000072,28.467174072000027],[77.042270394000056,28.467165548000025],[77.040694880000046,28.466310514000028],[77.039684832000049,28.465746632000052],[77.039360410000029,28.465725593000045],[77.038572243000033,28.465272792000064],[77.03670411700007,28.46443318900003],[77.033314016000077,28.463549123000064],[77.032191865000087,28.462482109000053],[77.032757028000049,28.460911018000044],[77.034358452000049,28.459179544000044],[77.036982790000081,28.456537067000056],[77.039132974000054,28.454831808000062],[77.040506958000051,28.453481728000032],[77.041087655000069,28.452911542000034],[77.048382355000058,28.460547510000019],[77.050412698000059,28.46266153200003],[77.04868173300008,28.463449876000034],[77.048673067000038,28.463454142000039],[77.048651466000081,28.463468000000034],[77.048648773000082,28.463470117000039],[77.04848915000008,28.463598582000021],[77.048473292000025,28.463613428000027],[77.048458355000051,28.463632978000078],[77.048447487000033,28.463654527000067],[77.048441018000076,28.463677414000074],[77.048439142000063,28.463696534000061],[77.048402968000048,28.465751923000024],[77.047637337000083,28.466446484000073],[77.04735643600003,28.46663782000007],[77.045042563000038,28.464602274000068],[77.044680009000047,28.464189902000037],[77.042285612000072,28.467174072000027]]]]},"properties":{"FID":207,"OBJECTID":208,"Id":0,"Area":839389.12867799995,"Name":"15","Density":"250","Code":100,"val":"100/250","Text_":"100/250","ClassText":"100 Residential (Group Housing/Plotted)","Class":100,"CodeText":" ","Shape_Leng":0.059487953589100001,"Shape_Area":0.00013985641595}},{"type":"Feature","id":208,"geometry":{"type":"Polygon","coordinates":[[[77.055189108000036,28.46792832300002],[77.056332588000032,28.469416771000059],[77.056359327000052,28.469450345000045],[77.056424766000077,28.469523570000021],[77.056496357000057,28.469592155000043],[77.056551958000057,28.469638817000025],[77.05678456000004,28.46982342300003],[77.05675606300008,28.470191052000072],[77.05663127900003,28.470876619000009],[77.056529789000081,28.471215311000037],[77.055536085000085,28.470746972000036],[77.054991962000031,28.471948932000029],[77.055877535000036,28.472433262000035],[77.055253236000055,28.473242586000016],[77.054872550000084,28.473094997000032],[77.052528804000062,28.472175571000029],[77.052525145000047,28.472174185000021],[77.050763500000059,28.471530986000058],[77.052557633000049,28.467900264000033],[77.055189108000036,28.46792832300002]]]},"properties":{"FID":208,"OBJECTID":209,"Id":0,"Area":217632.17916299999,"Name":"16","Density":" ","Code":300,"val":"320/330/340","Text_":"320,330,340","ClassText":"300 Industrial","Class":300,"CodeText":" ","Shape_Leng":0.0198420190102,"Shape_Area":2.0047935386899999e-05}},{"type":"Feature","id":209,"geometry":{"type":"Polygon","coordinates":[[[77.042363676000036,28.472832619000023],[77.049171888000046,28.480520159000029],[77.049130262000062,28.480689985000023],[77.04890544400007,28.480988362000058],[77.048900480000029,28.480982728000072],[77.047495803000061,28.479422732000042],[77.04541383600008,28.477030827000075],[77.043590371000064,28.474966378000019],[77.041975680000064,28.473142112000055],[77.042363676000036,28.472832619000023]]]},"properties":{"FID":209,"OBJECTID":210,"Id":0,"Area":57125.548211599998,"Name":"14","Density":" ","Code":200,"val":" ","Text_":"200","ClassText":"200 Commercial","Class":200,"CodeText":" ","Shape_Leng":0.021782124865400002,"Shape_Area":5.2634809338099997e-06}},{"type":"Feature","id":210,"geometry":{"type":"Polygon","coordinates":[[[77.040597050000031,28.470837572000036],[77.040096895000019,28.470991392000027],[77.039904728000067,28.470770710000057],[77.037736595000069,28.468298926000045],[77.036172100000044,28.466523006000056],[77.033752782000079,28.463780142000083],[77.033746888000039,28.463773866000061],[77.033649819000061,28.463677943000043],[77.034017747000064,28.463783020000047],[77.034417239000049,28.463932563000071],[77.034682002000068,28.464052769000034],[77.034700523000083,28.464059857000056],[77.035041054000033,28.464167220000036],[77.035046745000031,28.464168878000073],[77.035421535000083,28.464270706000026],[77.035429547000035,28.464272675000068],[77.035986238000092,28.46439513100006],[77.036653701000034,28.46456124000003],[77.03750274500004,28.464874160000075],[77.038123322000047,28.46517630500005],[77.039277776000063,28.465839533000072],[77.040532990000031,28.46654028600005],[77.042108211000084,28.467395159000027],[77.043046299000082,28.467920618000047],[77.043809682000074,28.468398050000072],[77.039659685000061,28.469778967000018],[77.040597050000031,28.470837572000036]]]},"properties":{"FID":210,"OBJECTID":211,"Id":0,"Area":245239.13847800001,"Name":"14","Density":" ","Code":200,"val":" ","Text_":"200","ClassText":"200 Commercial","Class":200,"CodeText":" ","Shape_Leng":0.027329893336499999,"Shape_Area":2.2590552952600001e-05}},{"type":"Feature","id":211,"geometry":{"type":"Polygon","coordinates":[[[77.041203321000054,28.470920892000031],[77.041750972000031,28.471523862000012],[77.042138048000083,28.471869486000049],[77.042263760000083,28.47211207600003],[77.042530709000062,28.472505341000044],[77.042466262000062,28.472750788000035],[77.042363676000036,28.472832619000023],[77.041975680000064,28.473142112000055],[77.041608781000036,28.472727579000036],[77.040096895000019,28.470991392000027],[77.040597050000031,28.470837575000076],[77.040751216000046,28.470790160000032],[77.041203321000054,28.470920892000031]]]},"properties":{"FID":211,"OBJECTID":212,"Id":0,"Area":25407.816967999999,"Name":"14","Density":" ","Code":600,"val":" ","Text_":"650","ClassText":"600 Public and Semi Public Use","Class":600,"CodeText":" ","Shape_Leng":0.0069742990264999999,"Shape_Area":2.34057637416e-06}},{"type":"Feature","id":212,"geometry":{"type":"MultiPolygon","coordinates":[[[[77.045042563000038,28.464602274000068],[77.04735643600003,28.46663782000007],[77.046975647000068,28.466897193000083],[77.046454912000058,28.467157738000019],[77.043993038000053,28.468181127000026],[77.043220072000054,28.467697698000041],[77.043213589000047,28.467693858000064],[77.042285612000072,28.467174072000027],[77.044680009000047,28.464189902000037],[77.045042563000038,28.464602274000068]]],[[[77.050763500000059,28.471530986000058],[77.050239622000049,28.471339705000045],[77.049520481000059,28.471075397000053],[77.048198842000033,28.470498474000067],[77.047398659000066,28.470137493000038],[77.04643548100006,28.469655750000069],[77.045661603000042,28.46923442800005],[77.044596071000058,28.468558270000067],[77.044280347000026,28.46836081500004],[77.046590529000071,28.467400480000034],[77.046600794000085,28.467395788000019],[77.047135998000044,28.467128005000063],[77.047139361000063,28.467126271000033],[77.047154035000062,28.467117426000069],[77.047832942000085,28.466654991000038],[77.047839870000089,28.466649979000064],[77.047849149000058,28.466642236000034],[77.048655701000015,28.465910100000031],[77.048658395000061,28.46590767900005],[77.048664688000031,28.465902111000048],[77.048674677000065,28.46589356100003],[77.049120974000076,28.465534281000032],[77.049678137000058,28.465117226000064],[77.050435134000054,28.464608891000065],[77.051669812000071,28.463984010000033],[77.054258771000036,28.466717275000065],[77.055189108000036,28.46792832300002],[77.052557633000049,28.467900264000033],[77.050763500000059,28.471530986000058]]]]},"properties":{"FID":212,"OBJECTID":213,"Id":0,"Area":503603.50798499997,"Name":"16","Density":" ","Code":600,"val":"610/620/630","Text_":"610,620,630","ClassText":"600 Public and Semi Public Use","Class":600,"CodeText":" ","Shape_Leng":0.041012018917299997,"Shape_Area":4.63901589771e-05}},{"type":"Feature","id":213,"geometry":{"type":"Polygon","coordinates":[[[77.056529789000081,28.471215311000037],[77.056478759000072,28.471385606000069],[77.056109620000029,28.472132388000031],[77.055877535000036,28.472433262000035],[77.054991962000031,28.471948932000029],[77.055536085000085,28.470746972000036],[77.056529789000081,28.471215311000037]]]},"properties":{"FID":213,"OBJECTID":214,"Id":0,"Area":16038.416662,"Name":"16","Density":" ","Code":200,"val":"200","Text_":"200","ClassText":"200 Commercial","Class":200,"CodeText":" ","Shape_Leng":0.0048180847580800001,"Shape_Area":1.47744665536e-06}},{"type":"Feature","id":214,"geometry":{"type":"MultiPolygon","coordinates":[[[[77.065063619000071,28.476393461000036],[77.064271197000025,28.476270031000059],[77.06425869800006,28.476268240000024],[77.063439331000041,28.476161090000062],[77.063021013000082,28.476053160000042],[77.06269594700008,28.475921713000044],[77.062344443000029,28.475730118000051],[77.061754330000042,28.475362105000038],[77.061713600000076,28.475339430000066],[77.061413504000029,28.475191184000039],[77.061403153000072,28.475186223000044],[77.061344516000077,28.47516344100007],[77.061129952000044,28.475096620000048],[77.061083721000045,28.475084592000037],[77.060872103000065,28.475040049000022],[77.060864461000051,28.475038501000014],[77.060818767000043,28.47503172200004],[77.060492012000054,28.47499810600004],[77.060175841000046,28.474944164000078],[77.059873621000065,28.474875253000047],[77.059509822000052,28.47476417200004],[77.058956717000058,28.474540254000036],[77.05788276100003,28.474036736000063],[77.056998614000065,28.473624794000045],[77.056969120000076,28.473612233000036],[77.056284836000017,28.473346951000057],[77.056885080000029,28.472568797000058],[77.056896389000016,28.472553595000083],[77.056930947000083,28.472498545000057],[77.05694027100003,28.472480588000053],[77.057330265000061,28.47169159800006],[77.057348037000054,28.471651334000047],[77.05736107000007,28.471613482000063],[77.057523485000047,28.471071457000043],[77.057529710000026,28.471048702000076],[77.05753611800003,28.471018861000058],[77.057631379000043,28.470495500000034],[77.065063619000071,28.476393461000036]]],[[[77.056584800000053,28.474349950000036],[77.057453089000035,28.474754504000025],[77.058537811000065,28.475263072000079],[77.058561786000027,28.475273534000049],[77.059149880000064,28.475511597000018],[77.059188620000043,28.475525203000061],[77.059590897000092,28.475648035000045],[77.059612378000054,28.475654076000065],[77.059626159000061,28.475657421000047],[77.059959979000041,28.47573353600006],[77.059987678000084,28.475739052000051],[77.060334681000029,28.475798253000043],[77.060353145000079,28.475801058000055],[77.060368647000075,28.475802890000061],[77.060685539000076,28.475835493000037],[77.060847297000052,28.475869542000051],[77.060999432000074,28.47591691000002],[77.061244118000047,28.476037785000067],[77.061826154000073,28.476400762000026],[77.061849865000056,28.476414598000069],[77.062237999000061,28.476626161000073],[77.062287689000073,28.476649610000035],[77.062671453000064,28.476804774000072],[77.062731380000059,28.476824332000032],[77.063212153000052,28.476948374000067],[77.063272884000085,28.476960157000054],[77.063938000000078,28.477047139000021],[77.063772132000054,28.477513368000071],[77.063702771000067,28.478393007000072],[77.063846541000046,28.479116611000048],[77.064374844000042,28.479605180000068],[77.063001438000072,28.480122622000057],[77.061284478000061,28.480759861000013],[77.059566752000066,28.48135889000001],[77.059069036000025,28.481695271000032],[77.053904988000056,28.476249884000023],[77.055350634000021,28.474493426000034],[77.055744378000057,28.474024137000068],[77.056584800000053,28.474349950000036]]],[[[77.069487700000096,28.480025681000019],[77.06860475600007,28.480621267000068],[77.062115252000069,28.484907073000048],[77.06098662100004,28.483717126000041],[77.061081526000066,28.483666090000042],[77.062619707000067,28.482725972000026],[77.063773326000032,28.482020873000067],[77.064529022000045,28.480863418000059],[77.065365942000085,28.47943732900006],[77.067047072000037,28.47918257800006],[77.067566458000044,28.479212878000055],[77.067976963000035,28.478729599000079],[77.069487700000096,28.480025681000019]]]]},"properties":{"FID":214,"OBJECTID":215,"Id":0,"Area":812372.80870499997,"Name":"17","Density":"375","Code":100,"val":"100/375","Text_":"100/375","ClassText":"100 Residential (Group Housing/Plotted)","Class":100,"CodeText":" ","Shape_Leng":0.071449692411899995,"Shape_Area":7.4839077709399997e-05}},{"type":"Feature","id":215,"geometry":{"type":"MultiPolygon","coordinates":[[[[77.059069036000025,28.481695271000032],[77.05777441400005,28.482570217000042],[77.056628148000073,28.483657150000052],[77.054901059000031,28.481544103000019],[77.052579652000077,28.482228569000025],[77.051787629000046,28.481514737000055],[77.050307973000031,28.482079352000024],[77.050239899000076,28.482002507000058],[77.050233756000083,28.481995723000061],[77.050228934000074,28.481990601000057],[77.049889549000042,28.481635965000059],[77.050214513000057,28.481204674000018],[77.050222070000075,28.481194394000049],[77.050256636000029,28.481139345000017],[77.05028373600004,28.481081127000042],[77.050303158000091,28.481019889000038],[77.050379829000065,28.480707046000074],[77.050485359000064,28.48044866400005],[77.050726052000073,28.480091807000065],[77.051712967000071,28.478912415000018],[77.053081934000033,28.477249859000032],[77.053904988000056,28.476249884000023],[77.059069036000025,28.481695271000032]]],[[[77.062115252000069,28.484907073000048],[77.056176175000076,28.488828808000036],[77.056074529000057,28.488699783000062],[77.056064033000041,28.488686996000066],[77.054979549000052,28.487418609000017],[77.057690665000052,28.484939849000064],[77.059327202000077,28.484609466000052],[77.06098662100004,28.483717126000041],[77.062115252000069,28.484907073000048]]]]},"properties":{"FID":215,"OBJECTID":216,"Id":0,"Area":484390.23344899999,"Name":"17","Density":" ","Code":800,"val":" ","Text_":"800","ClassText":"800 Aggriculture Zone","Class":810,"CodeText":" ","Shape_Leng":0.043654182963700001,"Shape_Area":4.4626087934300001e-05}},{"type":"Feature","id":216,"geometry":{"type":"Polygon","coordinates":[[[77.065483959000062,28.48873530100008],[77.056775018000053,28.489542990000079],[77.056386841000062,28.489096218000036],[77.056351289000091,28.489051089000046],[77.062519675000019,28.484977985000057],[77.065483959000062,28.48873530100008]]]},"properties":{"FID":216,"OBJECTID":217,"Id":0,"Area":216418.04126,"Name":"18","Density":" ","Code":800,"val":"220/230/240","Text_":"800","ClassText":"800 Aggriculture Zone","Class":810,"CodeText":" ","Shape_Leng":0.021573300359899999,"Shape_Area":1.9939112435299999e-05}},{"type":"Feature","id":217,"geometry":{"type":"Polygon","coordinates":[[[77.062519675000019,28.484977985000057],[77.06971853400006,28.480223711000061],[77.069975885000076,28.480444490000028],[77.070469975000037,28.481006130000026],[77.070505330000074,28.48104467100006],[77.077849313000058,28.488724619000024],[77.076814798000044,28.489414312000054],[77.073686532000053,28.488636981000067],[77.068391002000055,28.488465566000055],[77.065483959000062,28.48873530100008],[77.062519675000019,28.484977985000057]]]},"properties":{"FID":217,"OBJECTID":218,"Id":0,"Area":793985.68400100002,"Name":"18","Density":" ","Code":600,"val":"620/630","Text_":"620,630","ClassText":"600 Public and Semi Public Use","Class":600,"CodeText":" ","Shape_Leng":0.0378631148534,"Shape_Area":7.3151023251399996e-05}},{"type":"Feature","id":218,"geometry":{"type":"Polygon","coordinates":[[[77.079483806000042,28.501011717000047],[77.079883705000043,28.501114951000019],[77.08089097800007,28.501290524000069],[77.081604915000085,28.501470582000014],[77.08207102700004,28.501613508000052],[77.082430141000032,28.501812641000068],[77.083004060000064,28.501940267000055],[77.08334693300003,28.502098721000038],[77.083835762000035,28.502350284000048],[77.084146644000057,28.503106231000061],[77.084008932000089,28.504349809000079],[77.083800755000084,28.504758866000021],[77.082253351000077,28.505785316000075],[77.079591563000065,28.506494572000076],[77.078650096000047,28.50672385100005],[77.077076887000032,28.506437546000022],[77.076178234000039,28.506093168000056],[77.074070664000033,28.506319767000029],[77.072422886000084,28.506563195000066],[77.071837242000072,28.506626698000037],[77.071709991000034,28.506437644000076],[77.072174759000063,28.505721143000063],[77.072234093000077,28.504806188000035],[77.071929016000055,28.504210570000041],[77.071775668000043,28.50347621100007],[77.072151787000067,28.502965701000054],[77.07293411800002,28.502694558000023],[77.075399842000081,28.502424991000051],[77.075595210000074,28.502149154000033],[77.075829684000041,28.501504374000039],[77.075957687000084,28.50094307400008],[77.076256064000077,28.500773908000042],[77.079218529000059,28.501000091000037],[77.079411312000047,28.501019802000034],[77.079431579000072,28.501020679000074],[77.079458135000053,28.50101821600003],[77.079483806000042,28.501011717000047]]]},"properties":{"FID":218,"OBJECTID":219,"Id":0,"Area":583872.871147,"Name":"19","Density":" ","Code":600,"val":"650","Text_":"650","ClassText":"600 Public and Semi Public Use","Class":600,"CodeText":" ","Shape_Leng":0.032171138489499998,"Shape_Area":5.3800868323500003e-05}},{"type":"Feature","id":219,"geometry":{"type":"Polygon","coordinates":[[[77.059044997000058,28.492246075000022],[77.058998138000049,28.49219656900004],[77.058684794000044,28.491853686000056],[77.058515949000082,28.491665023000042],[77.057994552000082,28.491052728000057],[77.057790092000062,28.490748830000033],[77.057786383000064,28.490743410000043],[77.057765208000035,28.490715661000021],[77.05710520500007,28.489923158000067],[77.057099585000074,28.489916551000075],[77.056775018000053,28.489542990000079],[77.068391002000055,28.488465566000055],[77.073686532000053,28.488636981000067],[77.076814798000044,28.489414312000054],[77.077849313000058,28.488724619000024],[77.080550851000055,28.491549346000053],[77.080556200000046,28.491554904000058],[77.084808394000049,28.495941546000036],[77.085098200000061,28.496248063000053],[77.07937836800005,28.500743967000062],[77.079251560000046,28.50073100100008],[77.079247134000084,28.500730606000033],[77.076246000000083,28.500501468000024],[77.076230157000055,28.500500985000023],[77.076221102000034,28.500501360000044],[77.074472132000039,28.500619753000009],[77.074454631000037,28.500621841000051],[77.074439986000073,28.500625021000083],[77.072181445000069,28.501221013000073],[77.072170418000027,28.501224332000049],[77.072146415000091,28.501234669000038],[77.072128885000055,28.501245510000043],[77.068983184000047,28.503495638000068],[77.068097793000035,28.502475792000034],[77.068090457000039,28.502467562000046],[77.066919167000023,28.501188116000044],[77.066097694000078,28.500264531000024],[77.065594475000069,28.49966928200006],[77.065051127000061,28.498993021000054],[77.065041142000027,28.498981061000048],[77.064931787000035,28.498854999000041],[77.071564657000081,28.498831137000018],[77.079569322000054,28.499090848000034],[77.079606923000028,28.492739679000053],[77.059044997000058,28.492246075000022]]]},"properties":{"FID":219,"OBJECTID":220,"Id":0,"Area":1502195.1848299999,"Name":"18","Density":" ","Code":300,"val":"320/330/340","Text_":"320,330,340","ClassText":"300 Industrial","Class":300,"CodeText":" ","Shape_Leng":0.101622950818,"Shape_Area":0.00013840371240399999}},{"type":"Feature","id":220,"geometry":{"type":"Polygon","coordinates":[[[77.056960188000062,28.457039413000071],[77.05783208900003,28.458029434000021],[77.058315394000019,28.45858294800006],[77.058322115000067,28.458590110000053],[77.05929401500002,28.459536996000043],[77.063584248000055,28.463947104000049],[77.063091984000053,28.464326453000059],[77.061140326000043,28.465812531000029],[77.05964177900006,28.466971636000029],[77.059064240000055,28.467412750000054],[77.058937349000075,28.467482268000015],[77.058723654000062,28.467589708000041],[77.058400499000072,28.467721240000056],[77.058386990000031,28.467727098000058],[77.058371801000064,28.46773410000003],[77.05650058100008,28.465298381000011],[77.056473843000049,28.465264808000018],[77.056417115000045,28.465200683000035],[77.05284984900004,28.461434608000044],[77.052843740000071,28.46142820500005],[77.050591165000071,28.459082852000048],[77.051266551000083,28.458580846000057],[77.052266336000059,28.457844059000024],[77.052270256000043,28.457841016000032],[77.052772417000085,28.457436455000039],[77.053221992000033,28.457197649000079],[77.053233920000082,28.457190620000059],[77.053423670000015,28.457067106000068],[77.053655606000063,28.456974458000044],[77.053842318000079,28.456921640000065],[77.054161078000035,28.456835920000049],[77.054462081000054,28.456754974000024],[77.054472904000079,28.456751666000059],[77.054833065000082,28.456626662000069],[77.054843625000046,28.456622586000037],[77.055122285000024,28.456503777000016],[77.055134569000074,28.456497914000071],[77.05513865100005,28.456495671000024],[77.055405858000029,28.456343608000051],[77.055423614000048,28.456331810000048],[77.055875224000033,28.455982207000027],[77.056960188000062,28.457039413000071]]]},"properties":{"FID":220,"OBJECTID":221,"Id":0,"Area":759684.96600200003,"Name":"30","Density":"250","Code":100,"val":"100/250","Text_":"100/250","ClassText":"100 Residential (Group Housing/Plotted)","Class":100,"CodeText":" ","Shape_Leng":0.035389533021499997,"Shape_Area":6.9975044967900002e-05}},{"type":"Feature","id":221,"geometry":{"type":"Polygon","coordinates":[[[77.061954859000082,28.448215009000016],[77.063601227000049,28.449928268000058],[77.063034888000061,28.450342733000074],[77.061199701000078,28.451695756000056],[77.061197162000056,28.451697670000044],[77.05984098600004,28.452746323000039],[77.058544843000035,28.453701173000066],[77.057490420000065,28.454491069000031],[77.056577441000059,28.455102573000023],[77.055974895000077,28.454443229000049],[77.05558549800007,28.454017127000036],[77.054572367000048,28.452935705000073],[77.05372056200008,28.452034550000064],[77.052482557000076,28.450693306000062],[77.051059336000051,28.44913278600006],[77.050209450000068,28.448179271000065],[77.05020477000005,28.44817427200006],[77.05019051500004,28.448161570000021],[77.049160146000077,28.447357486000044],[77.049599727000043,28.447147469000065],[77.050171610000078,28.447138851000041],[77.051001197000062,28.447126346000058],[77.051027905000069,28.447123861000016],[77.051751746000036,28.446998322000066],[77.051777078000043,28.446991885000049],[77.051791662000085,28.446986156000026],[77.052260244000081,28.44677557000006],[77.052949315000021,28.446775858000024],[77.053551749000064,28.446869065000051],[77.053579571000071,28.446870896000064],[77.053607175000067,28.446868250000026],[77.053904605000085,28.446813401000039],[77.054540081000084,28.44669393100002],[77.054544174000071,28.446693109000016],[77.05500150000006,28.44659547700007],[77.055006233000015,28.446594395000023],[77.055465979000076,28.446482400000036],[77.055471922000038,28.446480837000035],[77.055748638000068,28.446402645000035],[77.055756831000053,28.446400101000041],[77.055780825000056,28.446389767000031],[77.055787937000048,28.446385753000065],[77.055988030000037,28.446265847000056],[77.056193478000068,28.446143469000042],[77.056208319000064,28.446133412000034],[77.056227874000058,28.446115325000051],[77.056405521000045,28.445912975000059],[77.056418634000082,28.445895355000054],[77.056609234000064,28.445587866000047],[77.056900915000085,28.445141048000036],[77.057114973000054,28.444913653000075],[77.057696587000066,28.444465375000039],[77.057700984000078,28.44446185200006],[77.058075049000095,28.444150175000068],[77.059850694000033,28.446016479000029],[77.061954859000082,28.448215009000016]]]},"properties":{"FID":221,"OBJECTID":222,"Id":0,"Area":802526.971594,"Name":"40","Density":"250","Code":100,"val":"100/250","Text_":"100/250","ClassText":"100 Residential (Group Housing/Plotted)","Class":100,"CodeText":" ","Shape_Leng":0.0374989991663,"Shape_Area":7.3912900389099995e-05}},{"type":"Feature","id":222,"geometry":{"type":"Polygon","coordinates":[[[77.053770279000048,28.43109973800005],[77.05359646200003,28.431231178000068],[77.052518501000065,28.432051993000066],[77.051392839000073,28.432901896000033],[77.050503410000047,28.433569623000032],[77.049767374000055,28.43412926000007],[77.049390220000078,28.434375233000029],[77.048037031000035,28.432982938000062],[77.047412274000052,28.43232719600007],[77.04952938200006,28.430791758000044],[77.050556782000058,28.430287323000076],[77.051375629000063,28.429724906000036],[77.052093438000028,28.42930152500001],[77.053770279000048,28.43109973800005]]]},"properties":{"FID":222,"OBJECTID":223,"Id":0,"Area":161422.97208400001,"Name":"47","Density":" ","Code":200,"val":"200","Text_":"200","ClassText":"200 Commercial","Class":200,"CodeText":" ","Shape_Leng":0.016362969010099999,"Shape_Area":1.4864750407000001e-05}},{"type":"Feature","id":223,"geometry":{"type":"Polygon","coordinates":[[[77.039289025000073,28.441964289000047],[77.039136297000084,28.442079462000045],[77.038110569000082,28.442832743000054],[77.037337211000064,28.443420648000025],[77.03732482900007,28.443431238000084],[77.036929604000079,28.443809605000069],[77.036923160000072,28.443816187000039],[77.036908226000037,28.443835737000025],[77.036906436000038,28.443838671000041],[77.036636938000086,28.444293941000069],[77.036633090000066,28.444300921000028],[77.036326336000059,28.444900521000068],[77.035654381000043,28.444668173000021],[77.035596096000063,28.444649346000062],[77.035494924000048,28.444622702000064],[77.035391741000069,28.444602982000038],[77.035359692000043,28.444598328000044],[77.034410124000047,28.44447056500006],[77.034644950000029,28.442748535000071],[77.03464610900005,28.442739376000077],[77.034859825000069,28.440910464000062],[77.035031317000062,28.439354142000077],[77.035054109000058,28.439211010000054],[77.03506126700006,28.439166068000077],[77.036411853000061,28.439025952000062],[77.039289025000073,28.441964289000047]]]},"properties":{"FID":223,"OBJECTID":224,"Id":0,"Area":182107.59528899999,"Name":"38","Density":" ","Code":700,"val":"710","Text_":"700","ClassText":"700 Open Spaces","Class":700,"CodeText":" ","Shape_Leng":0.017033988087200001,"Shape_Area":1.6771354921900002e-05}},{"type":"Feature","id":224,"geometry":{"type":"Polygon","coordinates":[[[77.042318636000061,28.439676701000042],[77.041334715000062,28.440421255000039],[77.041333805000079,28.44042194400004],[77.040597942000034,28.440977090000036],[77.040165954000017,28.441302985000046],[77.039289025000073,28.441964289000047],[77.036411853000061,28.439025952000062],[77.038178120000055,28.438281345000068],[77.039273309000066,28.437699578000036],[77.039954903000066,28.437185121000017],[77.042318636000061,28.439676701000042]]]},"properties":{"FID":224,"OBJECTID":225,"Id":0,"Area":151411.60976200001,"Name":"38","Density":" ","Code":600,"val":"630","Text_":"630","ClassText":"600 Public and Semi Public Use","Class":600,"CodeText":" ","Shape_Leng":0.0153539659087,"Shape_Area":1.39439632053e-05}},{"type":"Feature","id":225,"geometry":{"type":"Polygon","coordinates":[[[77.057681978000062,28.379854287000047],[77.054381295000027,28.389552542000054],[77.053863784000043,28.389372555000023],[77.052092722000054,28.388756576000038],[77.052081447000035,28.388752876000066],[77.051415940000098,28.388547714000019],[77.051470236000071,28.388462387000061],[77.052129294000054,28.387422972000014],[77.052707386000066,28.386530510000043],[77.052712695000068,28.38652214200004],[77.053149985000061,28.385818401000051],[77.053165139000029,28.385792369000058],[77.053169374000049,28.385784420000043],[77.05341410300008,28.385315171000055],[77.053427931000044,28.385286512000043],[77.053691853000032,28.384692825000052],[77.053700867000032,28.384671209000036],[77.053705512000079,28.384658813000041],[77.053948933000072,28.383981868000031],[77.053958272000045,28.383953174000052],[77.054141034000054,28.383327305000005],[77.054506471000067,28.382204419000054],[77.054819443000056,28.381208561000058],[77.055252641000038,28.379869489000033],[77.055532340000084,28.378976367000057],[77.057681978000062,28.379854287000047]]]},"properties":{"FID":225,"OBJECTID":226,"Id":0,"Area":269759.47288299998,"Name":"67","Density":" ","Code":200,"val":"200","Text_":"200","ClassText":"200 Commercial","Class":200,"CodeText":" ","Shape_Leng":0.026187668787100001,"Shape_Area":2.4829534008999999e-05}},{"type":"Feature","id":226,"geometry":{"type":"Polygon","coordinates":[[[77.057884640000054,28.37427067000003],[77.072531427000058,28.381461828000049],[77.069244665000042,28.38746999400006],[77.069243293000056,28.387472504000076],[77.065853610000019,28.393668065000043],[77.065185428000063,28.393430307000067],[77.06377096500006,28.392829145000054],[77.062058046000061,28.392133524000023],[77.060352816000034,28.391424546000056],[77.060343712000076,28.391420920000026],[77.059643208000068,28.391153980000059],[77.05963511200008,28.391151055000019],[77.058808836000082,28.390865113000071],[77.058788469000035,28.390858786000017],[77.058043529000017,28.390653219000058],[77.057322831000093,28.39044727800006],[77.057310839000081,28.39044409100006],[77.056056501000057,28.390135144000059],[77.054609939000045,28.389632060000054],[77.057942705000073,28.379839470000032],[77.057947074000083,28.37982662700005],[77.057950755000036,28.37981240100002],[77.057952253000053,28.379793575000061],[77.05795002900004,28.379774807000054],[77.05794415500003,28.379756664000066],[77.057934808000084,28.379739699000005],[77.057922270000077,28.379724426000053],[77.057906926000044,28.379711311000047],[77.057889241000055,28.379700751000026],[77.05788117400003,28.37969713100005],[77.055598558000042,28.378764904000025],[77.055628303000049,28.378669902000073],[77.055991942000048,28.377579539000063],[77.057180792000054,28.373995186000059],[77.057884640000054,28.37427067000003]]]},"properties":{"FID":226,"OBJECTID":227,"Id":0,"Area":2211152.1600500001,"Name":"67","Density":"250","Code":100,"val":"100/250","Text_":"100/250","ClassText":"100 Residential (Group Housing/Plotted)","Class":100,"CodeText":" ","Shape_Leng":0.0609587436747,"Shape_Area":0.000203526344989}},{"type":"Feature","id":227,"geometry":{"type":"Polygon","coordinates":[[[77.078514625000082,28.384398656000027],[77.072404075000065,28.396319879000025],[77.071713210000055,28.39604726600005],[77.069695687000021,28.395261687000055],[77.069000792000054,28.394952278000062],[77.067993811000065,28.39452017000006],[77.067359769000063,28.39424810100007],[77.067350014000056,28.39424410100003],[77.066418051000085,28.393879371000008],[77.069795695000039,28.387705751000052],[77.073067454000068,28.381724952000067],[77.078514625000082,28.384398656000027]]]},"properties":{"FID":227,"OBJECTID":228,"Id":0,"Area":925692.82212300005,"Name":"64","Density":" ","Code":600,"val":"610/620/630/640","Text_":"610,620,630,640","ClassText":"600 Public and Semi Public Use","Class":600,"CodeText":" ","Shape_Leng":0.039783944349600003,"Shape_Area":8.5206658265899997e-05}},{"type":"Feature","id":228,"geometry":{"type":"Polygon","coordinates":[[[77.04662924400003,28.397000639000058],[77.048461258000046,28.396057867000017],[77.048710682000035,28.395549875000029],[77.049304126000038,28.394960308000051],[77.051273722000076,28.394945937000035],[77.051512625000043,28.394789539000048],[77.054905980000058,28.394234144000048],[77.055216036000061,28.394183625000029],[77.054899611000053,28.39479959700002],[77.054143178000047,28.395895885000069],[77.053357084000083,28.396350859000059],[77.051593082000068,28.397172002000051],[77.049756425000055,28.397810856000042],[77.048591713000064,28.398347902000058],[77.047910988000069,28.398892939000067],[77.047804457000041,28.399643261000048],[77.04752458400003,28.400365628000031],[77.047044980000067,28.400586759000078],[77.046426584000073,28.40077941100003],[77.046069990000035,28.400961061000032],[77.045640649000063,28.400828720000032],[77.045901573000037,28.399835113000041],[77.045960885000056,28.399607251000074],[77.046348039000065,28.398101038000057],[77.04662924400003,28.397000639000058]]]},"properties":{"FID":228,"OBJECTID":229,"Id":0,"Area":242582.96769200001,"Name":"66","Density":" ","Code":700,"val":"700","Text_":"700","ClassText":"700 Open Spaces","Class":700,"CodeText":" ","Shape_Leng":0.025959820485999999,"Shape_Area":2.23312327836e-05}},{"type":"Feature","id":229,"geometry":{"type":"Polygon","coordinates":[[[77.032909901000039,28.444482228000034],[77.031877199000064,28.444657035000024],[77.031851214000085,28.444661663000026],[77.031748845000038,28.444684456000051],[77.031712027000083,28.444694489000025],[77.029615106000051,28.445294376000049],[77.028509729000064,28.441846140000049],[77.03323629900008,28.441823333000062],[77.032909901000039,28.444482228000034]]]},"properties":{"FID":229,"OBJECTID":230,"Id":0,"Area":133202.85195099999,"Name":"33","Density":" ","Code":700,"val":" ","Text_":"700","ClassText":"700 Open Spaces","Class":700,"CodeText":" ","Shape_Leng":0.014424418909,"Shape_Area":1.22676364199e-05}},{"type":"Feature","id":230,"geometry":{"type":"Polygon","coordinates":[[[77.024530165000044,28.446748917000036],[77.024079796000066,28.446877732000072],[77.023367603000054,28.447062654000028],[77.022809547000065,28.447134343000076],[77.022267843000066,28.447095368000063],[77.021651495000071,28.446927899000048],[77.020832245000079,28.446462562000072],[77.020532434000074,28.446206337000032],[77.018541979000076,28.443835896000049],[77.014271430000079,28.438766513000065],[77.016858230000082,28.437127983000028],[77.018575983000062,28.439343757000064],[77.020030293000062,28.440539800000064],[77.021144248000056,28.440881382000047],[77.021803233000071,28.441444592000035],[77.022172900000044,28.442417974000016],[77.022600217000047,28.44358150000004],[77.022991909000041,28.444291927000048],[77.023548358000085,28.445143153000064],[77.024131826000044,28.445993973000054],[77.024530165000044,28.446748917000036]]]},"properties":{"FID":230,"OBJECTID":231,"Id":0,"Area":412851.31763300003,"Name":"33","Density":" ","Code":400,"val":"650","Text_":"410","ClassText":"400 Transport and Communication","Class":400,"CodeText":" ","Shape_Leng":0.029783872630199999,"Shape_Area":3.8022333740599998e-05}},{"type":"Feature","id":231,"geometry":{"type":"Polygon","coordinates":[[[77.024285264000071,28.431356291000046],[77.02688615700005,28.426534842000017],[77.027006966000044,28.426541393000022],[77.02740093400007,28.426633315000057],[77.028157760000056,28.426809965000089],[77.031177853000031,28.427567023000037],[77.034789290000049,28.428418732000072],[77.036334314000044,28.42877501200007],[77.036259831000052,28.429039887000041],[77.036028470000076,28.429814321000041],[77.035617452000054,28.431228459000064],[77.035612391000029,28.431247257000045],[77.03560890600005,28.431262329000052],[77.035422938000067,28.432129385000046],[77.035417193000072,28.432161379000043],[77.035264743000084,28.433212405000056],[77.035170553000057,28.43382844700005],[77.035044973000097,28.434302008000035],[77.034847267000032,28.434901145000016],[77.03052834600004,28.432982279000047],[77.026885113000048,28.431723469000083],[77.024285264000071,28.431356291000046]]]},"properties":{"FID":231,"OBJECTID":232,"Id":0,"Area":618914.07717599999,"Name":"33","Density":"250","Code":100,"val":"100/250","Text_":"100/250","ClassText":"100 Residential (Group Housing/Plotted)","Class":100,"CodeText":" ","Shape_Leng":0.032713128970100001,"Shape_Area":5.6993448289499998e-05}},{"type":"Feature","id":232,"geometry":{"type":"Polygon","coordinates":[[[77.031734535000069,28.421910423000039],[77.02828831500004,28.426280568000031],[77.027685815000041,28.426139922000068],[77.026511542000037,28.424208846000049],[77.027602915000045,28.423760427000047],[77.027610744000057,28.423756904000069],[77.029537198000071,28.422811390000057],[77.02954064100004,28.422809635000057],[77.029949183000042,28.422593499000058],[77.03093565100005,28.42207160300006],[77.03123630400006,28.422010945000054],[77.031734535000069,28.421910423000039]]]},"properties":{"FID":232,"OBJECTID":233,"Id":0,"Area":89291.437595700001,"Name":"48","Density":" ","Code":700,"val":" ","Text_":"700","ClassText":"700 Open Spaces","Class":700,"CodeText":" ","Shape_Leng":0.0141757860509,"Shape_Area":8.2219253277900006e-06}},{"type":"Feature","id":233,"geometry":{"type":"Polygon","coordinates":[[[77.033529266000073,28.414542140000037],[77.033639304000076,28.41629836300007],[77.033196181000051,28.417582970000066],[77.032619178000061,28.419003172000011],[77.032617167000069,28.419008678000058],[77.031844331000059,28.421340187000045],[77.031624992000047,28.421710422000046],[77.03151080300006,28.421733462000077],[77.030862195000054,28.421864319000058],[77.030845620000036,28.421868773000021],[77.030826553000054,28.421876971000064],[77.029416560000072,28.422622931000031],[77.027495701000078,28.423565698000065],[77.026395817000036,28.424017613000039],[77.023858510000096,28.419809022000031],[77.023832914000081,28.41976656200006],[77.02193008700003,28.416610111000065],[77.023576960000071,28.415340310000023],[77.023587752000083,28.415331575000039],[77.024521372000052,28.414532614000045],[77.033529266000073,28.414542140000037]]]},"properties":{"FID":233,"OBJECTID":234,"Id":0,"Area":818516.72488600004,"Name":"72","Density":" ","Code":500,"val":"510/520/530","Text_":"510,520,530","ClassText":"500 Public Utilities","Class":500,"CodeText":" ","Shape_Leng":0.034263700219399999,"Shape_Area":7.5366175989999995e-05}},{"type":"Feature","id":234,"geometry":{"type":"Polygon","coordinates":[[[77.029617971000064,28.402808201000024],[77.017459171000027,28.403225347000049],[77.01686409000007,28.401425425000067],[77.017575600000058,28.401409079000068],[77.020290627000065,28.401402103000059],[77.020527556000047,28.401403253000062],[77.022273830000074,28.401411719000066],[77.02353180900009,28.401443922000052],[77.02418287900008,28.401460585000056],[77.02419424600005,28.401460801000038],[77.026597927000083,28.401490707000058],[77.026641261000066,28.401490159000041],[77.026669122000044,28.40148866100003],[77.028833080000084,28.401337061000046],[77.028845312000044,28.401336116000035],[77.02965731200004,28.401267612000016],[77.029624989000069,28.402808406000066],[77.029620660000035,28.402808135000029],[77.029617971000064,28.402808201000024]]]},"properties":{"FID":234,"OBJECTID":235,"Id":0,"Area":217172.93315900001,"Name":"71","Density":" ","Code":200,"val":"200","Text_":"200","ClassText":"200 Commercial","Class":200,"CodeText":" ","Shape_Leng":0.028412380596699999,"Shape_Area":1.9992479782599999e-05}},{"type":"Feature","id":235,"geometry":{"type":"Polygon","coordinates":[[[77.01060486900009,28.402341731000032],[77.010868953000056,28.403450991000057],[77.006072131000039,28.403615029000026],[77.006098459000043,28.401968155000066],[77.006951852000043,28.401839989000038],[77.006963466000045,28.401838164000015],[77.008112117000053,28.401649497000047],[77.009416663000081,28.401538556000041],[77.010389477000047,28.401502787000013],[77.01060486900009,28.402341731000032]]]},"properties":{"FID":235,"OBJECTID":236,"Id":0,"Area":92182.350529699994,"Name":"74","Density":" ","Code":200,"val":"200","Text_":"200","ClassText":"200 Commercial","Class":200,"CodeText":" ","Shape_Leng":0.0127746140998,"Shape_Area":8.4866564337299995e-06}},{"type":"Feature","id":236,"geometry":{"type":"Polygon","coordinates":[[[77.016828455000052,28.403246957000075],[77.011489538000049,28.403429755000044],[77.011202961000023,28.40222604700006],[77.01101691100007,28.401501364000076],[77.01156194400005,28.401502648000065],[77.011571391000089,28.401502618000041],[77.014646349000031,28.401476260000038],[77.014658781000037,28.401476064000061],[77.016231047000076,28.401439965000066],[77.016828455000052,28.403246957000075]]]},"properties":{"FID":236,"OBJECTID":237,"Id":0,"Area":107065.80660500001,"Name":"73","Density":" ","Code":200,"val":"200","Text_":"200","ClassText":"200 Commercial","Class":200,"CodeText":" ","Shape_Leng":0.014445434004700001,"Shape_Area":9.8568181940399994e-06}},{"type":"Feature","id":237,"geometry":{"type":"Polygon","coordinates":[[[77.029459053000039,28.410718342000049],[77.027437066000061,28.41154288500007],[77.026230330000033,28.412034956000074],[77.02618680900008,28.412056673000041],[77.026147438000066,28.412084720000049],[77.02612729100008,28.412103379000019],[77.024281702000053,28.413984312000025],[77.02316851900008,28.414936945000072],[77.021704967000062,28.416065397000068],[77.017530015000048,28.403439621000068],[77.02962044800006,28.403024817000073],[77.029459053000039,28.410718342000049]]]},"properties":{"FID":237,"OBJECTID":238,"Id":0,"Area":1125034.87408,"Name":"71","Density":"250","Code":100,"val":"100/250","Text_":"100/250","ClassText":"100 Residential (Group Housing/Plotted)","Class":100,"CodeText":" ","Shape_Leng":0.0426505913019,"Shape_Area":0.000103579252342}},{"type":"Feature","id":238,"geometry":{"type":"Polygon","coordinates":[[[77.021192868000071,28.416445936000056],[77.020166830000051,28.417144409000063],[77.016751588000034,28.419408572000062],[77.014035705000083,28.41412301600008],[77.01154071200007,28.403644706000019],[77.016899297000066,28.403461231000044],[77.021192868000071,28.416445936000056]]]},"properties":{"FID":238,"OBJECTID":239,"Id":0,"Area":929438.84207799996,"Name":"73","Density":"250","Code":100,"val":"100/250","Text_":"100/250","ClassText":"100 Residential (Group Housing/Plotted)","Class":100,"CodeText":" ","Shape_Leng":0.041090439892900003,"Shape_Area":8.5574927912699996e-05}},{"type":"Feature","id":239,"geometry":{"type":"Polygon","coordinates":[[[77.013443470000084,28.414263647000034],[77.013455192000038,28.414300040000061],[77.013464313000043,28.414319831000054],[77.01625768500007,28.419756243000041],[77.014766218000034,28.420913030000058],[77.014758718000067,28.420919045000062],[77.01209317600005,28.423128466000026],[77.011842571000045,28.423330524000047],[77.011497281000047,28.422883800000072],[77.01095538900006,28.422167356000053],[77.010952256000053,28.42216328000006],[77.010085829000062,28.421059543000073],[77.009151217000067,28.419793419000037],[77.008971644000042,28.419157532000046],[77.008964924000054,28.419136616000053],[77.008953609000059,28.419109367000033],[77.008756679000044,28.418691472000031],[77.008747166000035,28.418672886000021],[77.00873354800008,28.41865046100002],[77.008580664000078,28.418419934000042],[77.008566128000041,28.418399694000065],[77.008538221000052,28.418367946000043],[77.008307661000046,28.418135580000065],[77.008300690000056,28.418128740000029],[77.008259825000039,28.418095054000041],[77.008213849000072,28.418066989000067],[77.008163741000033,28.418045140000071],[77.008110569000053,28.418029973000039],[77.008055468000052,28.418021813000053],[77.008040148000077,28.418020824000038],[77.008012041000015,28.418019512000061],[77.008008784000083,28.417519112000026],[77.008006789000035,28.417488154000068],[77.007927874000075,28.416812454000024],[77.007924836000029,28.416792365000035],[77.007911782000065,28.416744336000068],[77.00789095500005,28.416698503000077],[77.007881567000084,28.416682623000025],[77.007626839000068,28.416278113000022],[77.007608071000064,28.416251327000051],[77.007573191000063,28.416212741000027],[77.00755669800003,28.416197941000068],[77.006932615000039,28.415671318000069],[77.006607626000061,28.415390819000034],[77.006605273000048,28.415125665000051],[77.006604891000052,28.415114065000061],[77.006495471000065,28.413037298000059],[77.006346927000038,28.410599908000059],[77.006312574000049,28.409893141000055],[77.006366421000052,28.409876186000066],[77.006415673000049,28.409852871000052],[77.006460562000029,28.409823465000034],[77.006500129000088,28.409788594000077],[77.006533532000049,28.409749000000026],[77.006560058000048,28.409705528000057],[77.006579142000064,28.40965910500006],[77.006590379000045,28.40961072000005],[77.006593580000086,28.409567568000064],[77.006597266000085,28.407471265000012],[77.006597212000017,28.407465101000067],[77.006592205000061,28.407415904000057],[77.006579153000089,28.407367878000056],[77.006558329000029,28.407322042000011],[77.006530179000038,28.407279376000066],[77.006495303000065,28.407240789000063],[77.006454444000056,28.407207102000019],[77.006408475000057,28.407179036000052],[77.006358373000083,28.407157185000059],[77.006305206000036,28.407142019000045],[77.006250109000078,28.407133857000076],[77.006229459000053,28.407132653000073],[77.006112110000061,28.407128621000027],[77.006118460000039,28.405420856000031],[77.006118375000085,28.405412678000065],[77.006073472000082,28.403831668000066],[77.006075128000077,28.403831628000034],[77.01092012600003,28.403665940000039],[77.013443470000084,28.414263647000034]]]},"properties":{"FID":239,"OBJECTID":240,"Id":0,"Area":1223633.2949399999,"Name":"74","Density":" ","Code":300,"val":"320/330/340","Text_":"320,330,340","ClassText":"300 Industrial","Class":300,"CodeText":" ","Shape_Leng":0.049473788549899998,"Shape_Area":0.000112664748868}},{"type":"Feature","id":240,"geometry":{"type":"Polygon","coordinates":[[[77.019564955000078,28.434299010000071],[77.019400697000052,28.434413251000031],[77.019007902000041,28.435063707000037],[77.018754196000017,28.435926976000069],[77.014271430000079,28.438766513000065],[77.011451613000077,28.435418875000043],[77.011965653000047,28.435116096000055],[77.011978291000048,28.435108175000028],[77.013131345000048,28.434345792000041],[77.014457280000045,28.433459280000079],[77.01570475300008,28.432629593000058],[77.01727581800003,28.431589261000042],[77.017435933000058,28.431483317000069],[77.019564955000078,28.434299010000071]]]},"properties":{"FID":240,"OBJECTID":241,"Id":0,"Area":325702.15834299999,"Name":"33","Density":" ","Code":300,"val":"320/330/340","Text_":"320,330,340","ClassText":"300 Industrial","Class":300,"CodeText":" ","Shape_Leng":0.022236388250099999,"Shape_Area":2.9994302232699999e-05}},{"type":"Feature","id":241,"geometry":{"type":"Polygon","coordinates":[[[77.014819137000075,28.428022266000021],[77.015480672000081,28.427238683000041],[77.015542804000077,28.427187045000036],[77.015607937000098,28.427254888000046],[77.015637808000065,28.427281920000034],[77.015678227000066,28.427308783000061],[77.015723100000059,28.42732939800003],[77.015771197000049,28.427343204000067],[77.015821211000059,28.427349822000057],[77.015871772000082,28.427349073000066],[77.01592150700003,28.427340977000028],[77.015969054000053,28.427325755000012],[77.016001588000051,28.427310400000067],[77.01636804400006,28.427111495000069],[77.018289979000031,28.429388907000021],[77.018751436000045,28.429938931000041],[77.018496686000049,28.430105224000037],[77.017095150000046,28.431032604000052],[77.014819137000075,28.428022266000021]]]},"properties":{"FID":241,"OBJECTID":242,"Id":0,"Area":78637.560593799994,"Name":"34","Density":" ","Code":200,"val":"200","Text_":"200","ClassText":"200 Commercial","Class":200,"CodeText":" ","Shape_Leng":0.011499502447300001,"Shape_Area":7.2414131335899999e-06}},{"type":"Feature","id":242,"geometry":{"type":"Polygon","coordinates":[[[77.017435933000058,28.431483317000069],[77.018862182000078,28.430539580000069],[77.019069115000036,28.430404500000058],[77.021294701000031,28.433167500000017],[77.021134052000036,28.433241513000038],[77.020707920000063,28.433558217000034],[77.020067132000079,28.433949733000077],[77.019564955000078,28.434299010000071],[77.017435933000058,28.431483317000069]]]},"properties":{"FID":242,"OBJECTID":243,"Id":0,"Area":76887.126153399993,"Name":"33","Density":" ","Code":200,"val":"200","Text_":"200","ClassText":"200 Commercial","Class":200,"CodeText":" ","Shape_Leng":0.0111056386107,"Shape_Area":7.0804547120100003e-06}},{"type":"Feature","id":243,"geometry":{"type":"Polygon","coordinates":[[[77.02688615700005,28.426534842000017],[77.024285264000071,28.431356291000046],[77.023163022000062,28.43199373200002],[77.021294701000031,28.433167500000017],[77.019069115000036,28.430404500000058],[77.020171151000056,28.429685108000047],[77.020176779000053,28.429681344000077],[77.021155562000047,28.429011035000027],[77.021277896000072,28.428927254000033],[77.021301507000032,28.428909314000069],[77.021306488000036,28.428905026000038],[77.021524308000025,28.428713176000038],[77.021553008000069,28.428684000000036],[77.022000178000042,28.42815740100006],[77.022147479000068,28.428000944000072],[77.022380024000029,28.427807464000072],[77.023365455000032,28.427238914000039],[77.024618783000051,28.426598760000036],[77.024792390000073,28.426563045000023],[77.025531546000082,28.426554329000048],[77.025544446000083,28.426553936000065],[77.026433191000081,28.426510281000038],[77.02688615700005,28.426534842000017]]]},"properties":{"FID":243,"OBJECTID":244,"Id":0,"Area":267117.25700400001,"Name":"33","Density":" ","Code":700,"val":"700","Text_":"700","ClassText":"700 Open Spaces","Class":700,"CodeText":" ","Shape_Leng":0.021574082445499999,"Shape_Area":2.4597692590000001e-05}},{"type":"Feature","id":244,"geometry":{"type":"MultiPolygon","coordinates":[[[[77.042070188000082,28.387947253000046],[77.042050776000053,28.38794838200004],[77.041130272000032,28.388027935000025],[77.039759883000045,28.388146359000071],[77.039697438000061,28.388151755000013],[77.039797070000077,28.387290156000063],[77.040174755000066,28.386711497000078],[77.04068417600007,28.386245466000052],[77.041017936000046,28.385629266000024],[77.040872292000074,28.38479104400005],[77.040873569000041,28.384465628000036],[77.041748030000079,28.384657882000045],[77.041758352000045,28.384659738000032],[77.041765922000081,28.38466058900007],[77.043240178000076,28.38478515100007],[77.043719698000075,28.385494548000064],[77.043732289000047,28.385509904000056],[77.043739637000044,28.385516760000012],[77.044670950000054,28.386312884000048],[77.044763165000077,28.387984156000069],[77.043774068000062,28.387932711000065],[77.043343110000094,28.387910294000051],[77.043314776000045,28.387909983000046],[77.042070188000082,28.387947253000046]]],[[[77.049244806000047,28.388193269000062],[77.048943862000044,28.388201529000071],[77.046556839000061,28.388077432000042],[77.04500901800003,28.387996943000065],[77.04491315100006,28.386259540000026],[77.044911058000096,28.386244208000043],[77.044905185000061,28.386226066000063],[77.044895840000038,28.38620909900003],[77.044883304000052,28.386193825000085],[77.044875957000045,28.386186972000075],[77.043921478000073,28.385371044000081],[77.043418498000051,28.384626948000058],[77.043405907000079,28.384611593000034],[77.043390564000049,28.384598477000054],[77.043372880000049,28.384587915000058],[77.043353389000046,28.384580231000029],[77.043332685000053,28.384575656000042],[77.043325118000027,28.384574806000046],[77.041798267000047,28.384445801000034],[77.040874444000053,28.384242694000093],[77.040591072000041,28.383897289000064],[77.040584416000058,28.383889883000041],[77.040569073000043,28.383876767000061],[77.040550788000075,28.383865914000076],[77.039503940000031,28.383365589000039],[77.039485653000042,28.383358486000063],[77.039464950000081,28.383353912000079],[77.039443662000068,28.383352585000072],[77.03943524500005,28.383352967000057],[77.038314471000035,28.383438199000075],[77.038220123000031,28.379601851000078],[77.038220114000069,28.379601342000047],[77.038105256000065,28.373674181000062],[77.054861500000086,28.37714149400006],[77.054817461000084,28.377274254000039],[77.054452740000045,28.378367824000062],[77.054449937000072,28.378376492000022],[77.054399076000053,28.378538913000039],[77.054074280000066,28.379576050000018],[77.053641231000014,28.38091460500004],[77.053328498000027,28.381909681000021],[77.053280477000058,28.382057234000055],[77.05199882600003,28.381961305000065],[77.05198641700008,28.381960936000034],[77.051965193000058,28.381962899000026],[77.051944678000041,28.381968094000044],[77.051925494000045,28.381976359000088],[77.05190822600008,28.381987446000032],[77.051893396000082,28.382001016000061],[77.051881455000057,28.382016659000037],[77.051873963000048,28.382030968000038],[77.049244806000047,28.388193269000062]]]]},"properties":{"FID":244,"OBJECTID":245,"Id":0,"Area":1833909.0542599999,"Name":"68","Density":"250","Code":100,"val":"100/250","Text_":"100/250","ClassText":"100 Residential (Group Housing/Plotted)","Class":100,"CodeText":" ","Shape_Leng":0.069219957181499994,"Shape_Area":0.00016880093109000001}},{"type":"Feature","id":245,"geometry":{"type":"Polygon","coordinates":[[[77.039697438000061,28.388151755000013],[77.038855531000081,28.388224500000028],[77.036903069000047,28.387479637000062],[77.036853462000067,28.387465266000046],[77.036803467000084,28.387458655000035],[77.036775053000042,28.387458170000063],[77.029986729000029,28.387620816000023],[77.029889848000053,28.381971546000045],[77.029890079000054,28.381965152000081],[77.02996396900005,28.372978135000029],[77.029963935000055,28.372971608000057],[77.02995891300003,28.372927127000018],[77.029952349000027,28.372905721000045],[77.044063533000042,28.369529168000039],[77.045136380000031,28.368955838000034],[77.054660393000063,28.373008261000045],[77.054683330000046,28.373017641000047],[77.056051680000053,28.373553241000025],[77.054861500000086,28.37714149400006],[77.038105256000065,28.373674181000062],[77.037982724000088,28.373669024000041],[77.037860709000043,28.373666108000069],[77.037860331000033,28.37367086600004],[77.037972523000079,28.379461100000057],[77.037975321000047,28.379605551000061],[77.037975851000056,28.379610024000034],[77.037975432000053,28.379610046000032],[77.038072519000082,28.383558313000027],[77.038074729000073,28.383576559000062],[77.038080598000093,28.383594703000028],[77.038089942000056,28.383611670000047],[77.038102478000042,28.383626943000024],[77.038117820000082,28.383640060000065],[77.03813550600006,28.383650623000047],[77.03815499600006,28.383658308000058],[77.038175700000068,28.383662884000039],[77.038196986000059,28.383664211000045],[77.038205402000074,28.383663827000078],[77.039419745000046,28.383571484000068],[77.040409257000078,28.384044402000026],[77.040702481000039,28.384401816000029],[77.040709135000043,28.384409223000031],[77.040724478000072,28.384422340000068],[77.040742164000051,28.384432902000061],[77.040761655000054,28.384440587000018],[77.040772035000032,28.384443306000033],[77.040873569000041,28.384465628000036],[77.040872292000074,28.38479104400005],[77.041017936000046,28.385629266000024],[77.04068417600007,28.386245466000052],[77.040174755000066,28.386711497000078],[77.039797070000077,28.387290156000063],[77.039697438000061,28.388151755000013]]]},"properties":{"FID":245,"OBJECTID":246,"Id":0,"Area":2380858.9376099999,"Name":"68","Density":" ","Code":600,"val":"620/630/640","Text_":"620,630,640","ClassText":"600 Public and Semi Public Use","Class":600,"CodeText":" ","Shape_Leng":0.090453171468900001,"Shape_Area":0.00021913438774899999}},{"type":"Feature","id":246,"geometry":{"type":"Polygon","coordinates":[[[77.024908242000038,28.381920619000024],[77.029282238000064,28.382220399000065],[77.029374735000033,28.387633594000068],[77.029071035000072,28.386836556000038],[77.028751659000079,28.385943606000055],[77.028367513000035,28.385051620000052],[77.027916055000063,28.384026933000037],[77.027513243000044,28.38328802400002],[77.02687547400005,28.382686310000064],[77.026133026000082,28.382258051000054],[77.025438486000041,28.382077376000044],[77.024908242000038,28.381920619000024]]]},"properties":{"FID":246,"OBJECTID":247,"Id":0,"Area":72425.2944001,"Name":"70 A","Density":" ","Code":700,"val":"720","Text_":"720","ClassText":"700 Open Spaces","Class":700,"CodeText":" ","Shape_Leng":0.017536529733399999,"Shape_Area":6.6665634138600002e-06}},{"type":"Feature","id":247,"geometry":{"type":"Polygon","coordinates":[[[77.013301044000059,28.390791408000027],[77.013433919000079,28.392709951000011],[77.013438399000052,28.392742333000058],[77.013444941000046,28.392767136000035],[77.014027042000066,28.394583231000066],[77.015027496000059,28.397704383000072],[77.015712460000032,28.400098052000029],[77.014625262000038,28.400123012000048],[77.011561394000069,28.400149275000036],[77.010450828000032,28.400146654000022],[77.010416983000084,28.400147237000049],[77.009332293000057,28.400187119000062],[77.009291561000055,28.400189582000042],[77.007932140000037,28.400305188000054],[77.007865632000062,28.400313462000039],[77.006689699000049,28.400506610000036],[77.005192559000079,28.400731452000056],[77.003873594000083,28.400888736000063],[77.001262063000084,28.396516585000025],[77.001243505000048,28.396483026000055],[77.001240584000087,28.396477971000014],[76.99836766600005,28.391835117000017],[76.998315116000072,28.391712755000075],[77.013301044000059,28.390791408000027]]]},"properties":{"FID":247,"OBJECTID":248,"Id":0,"Area":1342718.5962799999,"Name":"75","Density":" ","Code":600,"val":"610/620/630/640","Text_":"610,620,630,640","ClassText":"600 Public and Semi Public Use","Class":600,"CodeText":" ","Shape_Leng":0.0472874243549,"Shape_Area":0.000123610625169}},{"type":"Feature","id":248,"geometry":{"type":"Polygon","coordinates":[[[76.981020200000046,28.390654147000078],[76.979766293000068,28.391557977000051],[76.974649665000072,28.386279514000012],[76.974635556000067,28.38626518500007],[76.974434865000035,28.38606455300004],[76.975448080000035,28.385139158000065],[76.981020200000046,28.390654147000078]]]},"properties":{"FID":248,"OBJECTID":249,"Id":0,"Area":121759.31051900001,"Name":"77","Density":" ","Code":600,"val":"600","Text_":"600","ClassText":"600 Public and Semi Public Use","Class":600,"CodeText":" ","Shape_Leng":0.018413002673999999,"Shape_Area":1.12086227889e-05}},{"type":"Feature","id":249,"geometry":{"type":"MultiPolygon","coordinates":[[[[76.981472100000076,28.391101361000047],[76.985381705000066,28.395039330000021],[76.985081749000074,28.395405406000059],[76.984870432000022,28.395656791000068],[76.984615927000036,28.395908805000037],[76.984214669000039,28.396146443000077],[76.980204706000038,28.392010221000078],[76.981469593000043,28.391098473000064],[76.981472100000076,28.391101361000047]]],[[[76.989508234000098,28.399195341000052],[76.989514565000036,28.399200724000025],[76.988295275000041,28.400293890000064],[76.986210696000057,28.398176478000018],[76.987358673000074,28.397030480000065],[76.989508234000098,28.399195341000052]]]]},"properties":{"FID":249,"OBJECTID":250,"Id":0,"Area":151174.67618899999,"Name":"76","Density":" ","Code":600,"val":"600","Text_":"600","ClassText":"600 Public and Semi Public Use","Class":600,"CodeText":" ","Shape_Leng":0.023789378455599999,"Shape_Area":1.3917187427799999e-05}},{"type":"Feature","id":250,"geometry":{"type":"Polygon","coordinates":[[[76.975301902000069,28.384416610000066],[76.973987382000075,28.385617194000055],[76.971454054000048,28.383084464000039],[76.971399046000045,28.383032602000068],[76.971321839000041,28.382969006000053],[76.971239353000058,28.382910822000039],[76.971228520000068,28.382903836000011],[76.968944047000022,28.381445503000069],[76.968867602000032,28.381400062000072],[76.96879621800008,28.381363213000039],[76.96218648100006,28.378182221000017],[76.961968056000032,28.378073558000029],[76.961898734000044,28.378035713000024],[76.961923492000039,28.377941155000023],[76.962390541000048,28.376146035000037],[76.962391681000028,28.376141330000038],[76.962442277000036,28.375922936000052],[76.974743421000085,28.382773868000065],[76.975292411000055,28.38433718300006],[76.975301902000069,28.384416610000066]]]},"properties":{"FID":250,"OBJECTID":251,"Id":0,"Area":315874.86825200001,"Name":"78","Density":" ","Code":600,"val":"600","Text_":"600","ClassText":"600 Public and Semi Public Use","Class":600,"CodeText":" ","Shape_Leng":0.034188594093100003,"Shape_Area":2.90777851823e-05}},{"type":"Feature","id":251,"geometry":{"type":"Polygon","coordinates":[[[76.95234302800003,28.364950115000049],[76.952363656000045,28.366076759000073],[76.951858112000082,28.366771625000073],[76.952255106000052,28.36841916100007],[76.951056233000031,28.368417490000063],[76.951130933000059,28.362268658000051],[76.952685688000031,28.36226735200005],[76.95234302800003,28.364950115000049]]]},"properties":{"FID":251,"OBJECTID":252,"Id":0,"Area":81732.145040999996,"Name":"M1C","Density":"250","Code":100,"val":"100/250","Text_":"100/250","ClassText":"100 Residential (Group Housing/Plotted)","Class":100,"CodeText":" ","Shape_Leng":0.015288307471799999,"Shape_Area":7.5224071200800003e-06}},{"type":"Feature","id":252,"geometry":{"type":"Polygon","coordinates":[[[76.961440512000095,28.341397586000031],[76.961285337000035,28.342388369000048],[76.960978945000079,28.34333825900006],[76.960572791000047,28.344146328000082],[76.959971320000079,28.344899901000073],[76.959587536000072,28.345163275000058],[76.95881838300005,28.34560409300007],[76.95774295800004,28.345783728000072],[76.955884815000061,28.345119460000028],[76.952717264000043,28.34191773800006],[76.949806894000062,28.340966145000031],[76.948332234000077,28.340605206000081],[76.947466800000043,28.340502965000042],[76.946427307000064,28.340326797000042],[76.94577492600007,28.340068696000063],[76.94546927500005,28.339882050000021],[76.945327943000052,28.339234639000043],[76.944851023000069,28.339126838000013],[76.944285682000043,28.338905689000065],[76.943728689000068,28.339142839000029],[76.943464126000038,28.338840997000041],[76.943031766000047,28.33880895500004],[76.942782719000036,28.338033223000011],[76.943026759000077,28.338020360000026],[76.944272773000066,28.338002601000035],[76.946118127000034,28.337976280000071],[76.946137815000043,28.337975777000043],[76.94616409200006,28.337974399000071],[76.948430578000043,28.337821088000059],[76.948832775000099,28.337793877000021],[76.952240543000087,28.337688216000053],[76.95461927100007,28.337654143000069],[76.957445016000079,28.337641169000047],[76.959293734000084,28.33801743600003],[76.961440512000095,28.341397586000031]]]},"properties":{"FID":252,"OBJECTID":253,"Id":0,"Area":863796.15485100006,"Name":"76","Density":" ","Code":1000,"val":" ","Text_":"1000","ClassText":"1000 Natural Conservation Zone Hubs)","Class":1000,"CodeText":" ","Shape_Leng":0.044930191423199997,"Shape_Area":7.9483452578099994e-05}},{"type":"Feature","id":253,"geometry":{"type":"MultiPolygon","coordinates":[[[[76.988370697000065,28.377788338000073],[76.988130333000086,28.380519936000038],[76.988112945000069,28.383060544000053],[76.988124529000061,28.383213500000064],[76.986011980000058,28.385324656000023],[76.986032197000043,28.384981832000054],[76.986573046000032,28.381554974000039],[76.986661655000034,28.379357133000038],[76.986913144000084,28.377787232000056],[76.987029158000041,28.376873944000071],[76.988370697000065,28.377788338000073]]],[[[76.988284898000074,28.385330980000049],[76.988420300000044,28.386799734000068],[76.988257123000025,28.389628973000065],[76.988433020000059,28.392109454000028],[76.988147764000075,28.395341581000029],[76.987549333000061,28.396840145000048],[76.987522329000058,28.39686710300003],[76.985510349000023,28.394840691000063],[76.985713197000052,28.394517583000038],[76.985813690000043,28.394115009000068],[76.985837651000054,28.393083240000056],[76.985736793000058,28.38999044500002],[76.985792189000051,28.389051201000015],[76.985832876000075,28.389043495000063],[76.985848803000067,28.389040083000058],[76.985858022000073,28.389037747000032],[76.985900869000034,28.389023684000044],[76.985909529000082,28.389020040000037],[76.985949724000079,28.38899969900007],[76.985960014000042,28.388993276000065],[76.985993420000057,28.388968892000026],[76.986004259000083,28.38895932000003],[76.986030749000065,28.388932115000042],[76.986041242000056,28.388919009000055],[76.986060685000041,28.388890384000035],[76.986069745000052,28.388873614000037],[76.986082398000065,28.388844846000037],[76.986088875000064,28.388824621000026],[76.986095294000066,28.388796758000058],[76.986097448000081,28.388780932000039],[76.986098866000077,28.388762468000028],[76.986203832000072,28.386031487000015],[76.988187793000066,28.384048845000052],[76.988284898000074,28.385330980000049]]],[[[76.987358673000074,28.397030480000065],[76.986210696000057,28.398176478000018],[76.984371991000046,28.396308709000035],[76.984214669000039,28.396146443000077],[76.984615927000036,28.395908805000037],[76.984870432000022,28.395656791000068],[76.985081749000074,28.395405406000059],[76.985381705000066,28.395039330000021],[76.987358673000074,28.397030480000065]]]]},"properties":{"FID":253,"OBJECTID":254,"Id":0,"Area":456569.12225100002,"Name":" ","Density":" ","Code":700,"val":"700","Text_":"700","ClassText":"700 Open Spaces","Class":700,"CodeText":" ","Shape_Leng":0.055164347231100003,"Shape_Area":4.2029230073299998e-05}},{"type":"Feature","id":254,"geometry":{"type":"MultiPolygon","coordinates":[[[[76.984815231000084,28.357323016000063],[76.988138809000091,28.359557975000026],[76.988280648000057,28.359653349000045],[76.988199960000031,28.359788004000048],[76.98805825200003,28.360024520000014],[76.982331502000079,28.363510958000056],[76.982255156000065,28.363557437000054],[76.982101381000049,28.363651052000034],[76.982086295000045,28.36366084500002],[76.982061242000043,28.363679769000054],[76.982050407000031,28.363689345000068],[76.982023917000049,28.363716544000052],[76.982013431000041,28.363729652000075],[76.981993987000067,28.363758275000063],[76.98198444500008,28.363776029000054],[76.981972549000048,28.36380306500007],[76.98112393200006,28.366084239000035],[76.981116822000047,28.366106669000036],[76.981111008000084,28.366132416000013],[76.981108200000051,28.366155796000044],[76.981107286000054,28.366181730000051],[76.981109227000047,28.366208134000022],[76.981113312000048,28.366233091000026],[76.981754294000027,28.369065976000044],[76.976393784000038,28.36708905200004],[76.976926440000071,28.365650882000068],[76.977643959000034,28.363587165000066],[76.979774508000048,28.361711818000053],[76.983652459000041,28.352851326000067],[76.984891168000047,28.351689792000052],[76.985511774000031,28.35199569000002],[76.985519513000042,28.351999452000033],[76.990312465000045,28.354298020000041],[76.990328701000067,28.354305586000066],[76.990400573000045,28.354334072000029],[76.990449709000075,28.354349241000069],[76.991315710000038,28.354587653000063],[76.990947806000065,28.355201733000058],[76.987609615000054,28.353748712000016],[76.985619152000083,28.354111978000045],[76.983771927000078,28.35347035400002],[76.983415480000076,28.354621571000038],[76.984522306000045,28.35608575000003],[76.984263136000038,28.35666253800002],[76.984734580000065,28.357226533000066],[76.984815231000084,28.357323016000063]]],[[[76.97450828500007,28.372084610000059],[76.971406921000039,28.373705308000066],[76.96877096300004,28.374220933000064],[76.966297783000073,28.374781910000017],[76.964466130000062,28.374999335000037],[76.963333515000045,28.375063410000035],[76.962685819000072,28.374871659000053],[76.962794907000045,28.374400759000022],[76.96336281300006,28.372498871000047],[76.963933387000068,28.370865822000034],[76.963953501000049,28.370804596000021],[76.966547658000081,28.370767185000037],[76.967514777000076,28.370514469000053],[76.968854415000067,28.369969855000075],[76.971596448000085,28.369357195000067],[76.976183539000033,28.367656701000026],[76.980932828000064,28.369408222000061],[76.97450828500007,28.372084610000059]]]]},"properties":{"FID":254,"OBJECTID":255,"Id":0,"Area":1434151.44682,"Name":" ","Density":" ","Code":700,"val":"700","Text_":"700","ClassText":"700 Open Spaces","Class":700,"CodeText":" ","Shape_Leng":0.102247528075,"Shape_Area":0.00013199349590899999}},{"type":"Feature","id":255,"geometry":{"type":"Polygon","coordinates":[[[77.020886398000087,28.467998454000053],[77.018696951000052,28.473199331000057],[77.018142189000059,28.473625646000063],[77.018054323000058,28.473517362000045],[77.018076418000078,28.473468834000069],[77.01858547900008,28.47239423100007],[77.019410810000068,28.470595445000065],[77.020129372000042,28.469030691000061],[77.02056544900006,28.468088087000059],[77.020732809000037,28.467719802000016],[77.020886398000087,28.467998454000053]]]},"properties":{"FID":255,"OBJECTID":256,"Id":0,"Area":23416.427225899999,"Name":" ","Density":" ","Code":200,"val":"200","Text_":"200","ClassText":"200 Commercial","Class":200,"CodeText":" ","Shape_Leng":0.0131866804368,"Shape_Area":2.1570808883099999e-06}},{"type":"Feature","id":256,"geometry":{"type":"Polygon","coordinates":[[[76.969712685000047,28.43986138300005],[76.964113447000045,28.440099291000024],[76.964287284000079,28.437665357000064],[76.964321437000081,28.437249952000052],[76.969712685000047,28.43986138300005]]]},"properties":{"FID":256,"OBJECTID":257,"Id":0,"Area":86403.823445100003,"Name":"37 D","Density":"250","Code":500,"val":"250/100","Text_":"510,530","ClassText":"500 Public Utilities","Class":500,"CodeText":" ","Shape_Leng":0.014451650205500001,"Shape_Area":7.9577790537399997e-06}},{"type":"Feature","id":257,"geometry":{"type":"Polygon","coordinates":[[[77.005334301000062,28.404760387000067],[76.993513975000042,28.409025897000042],[76.991823410000052,28.405926859000033],[76.994153416000074,28.404871940000074],[76.996378311000058,28.404090643000071],[76.998722477000058,28.403391246000051],[77.001041758000042,28.402813880000046],[77.002159447000054,28.402582178000042],[77.003864186000044,28.402255478000029],[77.00533129400003,28.402080532000067],[77.005305066000076,28.40372052400004],[77.005305147000044,28.403733800000051],[77.005334301000062,28.404760387000067]]]},"properties":{"FID":257,"OBJECTID":258,"Id":0,"Area":491333.12531500001,"Name":"74 A","Density":" ","Code":200,"val":"200","Text_":"200","ClassText":"200 Commercial","Class":200,"CodeText":" ","Shape_Leng":0.032883890846999997,"Shape_Area":4.5234570116499997e-05}},{"type":"Feature","id":258,"geometry":{"type":"Polygon","coordinates":[[[77.05834942000007,28.493945019000019],[77.057186619000049,28.495299605000067],[77.038838017000046,28.496029420000063],[77.038542518000042,28.495461213000056],[77.034372694000055,28.495046211000044],[77.02947768000007,28.492039554000037],[77.029383535000079,28.488531360000028],[77.033886009000071,28.486577941000064],[77.035836106000048,28.47976829900006],[77.043044707000035,28.482262494000047],[77.042919747000042,28.482789617000034],[77.048939881000081,28.483892736000026],[77.050180158000046,28.486547997000059],[77.051588620000075,28.486717740000071],[77.057196207000061,28.493007498000047],[77.057519013000046,28.492930988000069],[77.05834942000007,28.493945019000019]]]},"properties":{"FID":258,"OBJECTID":259,"Id":0,"Area":3105828.8421700001,"Name":" ","Density":" ","Code":600,"val":" ","Text_":"650","ClassText":"600 Public and Semi Public Use","Class":600,"CodeText":" ","Shape_Leng":0.074932886554400002,"Shape_Area":0.000286155016578}},{"type":"Feature","id":259,"geometry":{"type":"Polygon","coordinates":[[[76.88850272600007,28.466966447000065],[76.887942826000071,28.463889799000061],[76.887338811000063,28.463349035000068],[76.884996006000051,28.463787422000053],[76.884658735000073,28.463051940000074],[76.883392580000091,28.463260490000032],[76.881648536000057,28.458124680000029],[76.885812684000044,28.458045848000026],[76.886362094000049,28.457035433000044],[76.890700071000083,28.456378300000047],[76.890851266000084,28.457283486000058],[76.891581809000058,28.457344956000036],[76.891645605000065,28.457893217000034],[76.895589076000078,28.457838312000035],[76.895663629000069,28.462015571000048],[76.895068958000081,28.461999982000062],[76.895027536000029,28.464221025000032],[76.895785143000069,28.464282094000055],[76.89580926900004,28.467146873000047],[76.899043068000083,28.466671981000047],[76.898593230000074,28.468375999000045],[76.898506873000031,28.468367110000035],[76.898489319000078,28.468365505000058],[76.896958846000089,28.468242962000041],[76.895954352000047,28.468158495000058],[76.895349473000067,28.46809072100007],[76.895328074000076,28.468088622000032],[76.894207265000034,28.467994360000041],[76.893425750000063,28.467909807000066],[76.892062072000044,28.467669061000041],[76.890585677000047,28.467381097000032],[76.88850272600007,28.466966447000065]]]},"properties":{"FID":259,"OBJECTID":260,"Id":0,"Area":1219850.1189900001,"Name":" ","Density":" ","Code":800,"val":" ","Text_":"850","ClassText":"800 Aggriculture Zone","Class":850,"CodeText":" ","Shape_Leng":0.055538425363,"Shape_Area":0.00011237906038399999}},{"type":"Feature","id":260,"geometry":{"type":"Polygon","coordinates":[[[76.970230913000066,28.488994218000066],[76.968767983000077,28.489017653000079],[76.96839329200003,28.489214083000029],[76.967804234000084,28.489509118000054],[76.967183286000079,28.489541982000048],[76.966049902000066,28.489630009000049],[76.964376173000062,28.48972583800002],[76.964389875000052,28.490465775000061],[76.963259129000036,28.490696993000036],[76.961231945000065,28.490678513000027],[76.96125048100005,28.491681012000068],[76.958628892000036,28.491671069000059],[76.955038442000046,28.493346296000009],[76.95211938500006,28.494796911000009],[76.950112742000044,28.495900118000058],[76.948355372000037,28.497333979000071],[76.94794937100005,28.498772329000076],[76.946003398000073,28.49995311400005],[76.946003191000059,28.499952471000018],[76.946001072000072,28.499946008000048],[76.945971342000064,28.499869427000075],[76.945939620000047,28.499805627000047],[76.945930278000034,28.499788652000056],[76.945924622000064,28.499778535000079],[76.94587989300004,28.499707874000023],[76.945838707000064,28.49965365000001],[76.945826170000032,28.499638368000024],[76.945815633000052,28.499625758000033],[76.945757338000078,28.499563288000026],[76.945709586000063,28.499519604000046],[76.945694238000044,28.499506477000065],[76.945677593000084,28.499492558000036],[76.945607608000046,28.499440287000017],[76.94555607500007,28.499407383000072],[76.945538379000084,28.499396809000075],[76.945514906000085,28.49938319500006],[76.945435481000061,28.499342801000065],[76.945382705000043,28.499320351000051],[76.945363199000042,28.49931265400004],[76.945350287000039,28.499307778000063],[76.945856082000034,28.49799813800006],[76.948275415000069,28.494505211000043],[76.948285276000036,28.494490675000062],[76.948291443000073,28.49448133300006],[76.948294728000064,28.494476256000045],[76.95208312100003,28.488573891000044],[76.954240866000063,28.485211769000049],[76.960325629000067,28.482922714000047],[76.960343185000056,28.482915938000072],[76.960348706000048,28.482913745000076],[76.960367751000035,28.482905973000065],[76.961783572000058,28.482312536000055],[76.961827782000057,28.482292832000041],[76.961838255000032,28.482287879000058],[76.961854880000033,28.482279841000029],[76.961932761000071,28.482237188000042],[76.961955730000057,28.482222898000025],[76.961973024000031,28.482211819000028],[76.962023297000016,28.482177460000052],[76.962091307000037,28.48212320500005],[76.962107426000046,28.482108815000061],[76.962122280000074,28.482095254000061],[76.962168392000081,28.482050221000051],[76.962224345000038,28.481986108000058],[76.962234408000029,28.481973204000038],[76.96224637400006,28.481957570000077],[76.962285533000056,28.481902189000031],[76.962327628000068,28.481830280000047],[76.962332899000046,28.481820027000012],[76.962341608000017,28.481802795000096],[76.962370969000062,28.48173809300004],[76.962397858000031,28.481660698000034],[76.962399737000055,28.481654177000042],[76.962404928000069,28.481635870000044],[76.962421977000076,28.48156317900002],[76.962432884000066,28.481481677000033],[76.962434487000053,28.481461742000072],[76.962436922000066,28.481383033000043],[76.962433001000065,28.481171043000078],[76.962567531000047,28.481092203000049],[76.962580087000049,28.481083767000026],[76.962594127000045,28.48107108500005],[76.963026256000049,28.480610626000033],[76.964661761000045,28.479299734000048],[76.965278988000065,28.478944025000033],[76.966147714000044,28.480679830000039],[76.969934910000077,28.488520915000045],[76.969952579000065,28.488552760000051],[76.970230913000066,28.488994218000066]]]},"properties":{"FID":260,"OBJECTID":261,"Id":0,"Area":1795943.8749299999,"Name":" ","Density":" ","Code":800,"val":" ","Text_":"810","ClassText":"800 Aggriculture Zone","Class":800,"CodeText":" ","Shape_Leng":0.071058822470800004,"Shape_Area":0.00016548267899700001}},{"type":"Feature","id":261,"geometry":{"type":"Polygon","coordinates":[[[76.928799026000021,28.383451372000014],[76.930667455000048,28.385119355000029],[76.93068123300003,28.385130913000062],[76.93069256900003,28.385139422000073],[76.93649530700003,28.389284305000036],[76.936356874000069,28.389533375000042],[76.934848958000032,28.392246336000031],[76.934842801000059,28.392258121000054],[76.931873928000073,28.398316793000035],[76.929153778000071,28.390718400000022],[76.929152719000058,28.39071557200003],[76.927112199000078,28.385516428000063],[76.926867785000084,28.38489114500004],[76.928358752000065,28.383065868000088],[76.928799026000021,28.383451372000014]]]},"properties":{"FID":261,"OBJECTID":262,"Id":0,"Area":686170.706993,"Name":"87","Density":" ","Code":600,"val":" ","Text_":"600","ClassText":"600 Public and Semi Public Use","Class":600,"CodeText":" ","Shape_Leng":0.037089171996299998,"Shape_Area":6.3168778852800005e-05}},{"type":"Feature","id":262,"geometry":{"type":"Polygon","coordinates":[[[77.048816948000081,28.481787420000046],[77.048995162000026,28.481746801000043],[77.049140015000035,28.481700179000015],[77.049266223000089,28.481823025000015],[77.049759221000045,28.482338178000077],[77.052422776000071,28.485344861000026],[77.05330307800007,28.486355870000072],[77.055573329000069,28.489011181000013],[77.055890052000066,28.489413219000021],[77.055894267000028,28.489418313000037],[77.056612649000044,28.490245140000063],[77.057267220000099,28.491031123000027],[77.057480788000078,28.491348562000038],[77.057489880000034,28.491360514000071],[77.058029607000051,28.491994338000033],[77.058031855000081,28.491996915000062],[77.058206060000032,28.492191562000063],[77.058524725000041,28.492540257000027],[77.059758337000062,28.493843539000064],[77.060460467000041,28.494680043000084],[77.060464435000043,28.494684568000025],[77.061510982000073,28.495827016000081],[77.062733255000069,28.497236575000045],[77.063721896000061,28.498350195000061],[77.064553051000061,28.499308358000061],[77.06509800300006,28.499986622000041],[77.065100184000059,28.499989270000075],[77.06561010300004,28.500592448000067],[77.065612385000065,28.50059507900005],[77.066439971000079,28.501525531000024],[77.067412993000076,28.502588417000016],[77.06684720700008,28.502589989000047],[77.061208472000033,28.502522895000027],[77.05802508500004,28.502483298000065],[77.058020299000077,28.502483305000045],[77.05799373900004,28.502485762000049],[77.057968069000083,28.502492257000029],[77.057954468000048,28.502497547000072],[77.057560012000067,28.502671597000084],[77.057549606000052,28.502676642000029],[77.057535492000042,28.502685108000023],[77.057067478000093,28.503000816000043],[77.047040428000045,28.503378903000051],[77.047172690000068,28.503681119000067],[77.041552813000067,28.504004988000066],[77.041263518000051,28.503803058000067],[77.037905127000045,28.50388785600007],[77.037150964000034,28.504546773000069],[77.036675464000041,28.50398319300006],[77.03640387400003,28.503650155000059],[77.036395239000058,28.503640521000072],[77.036386789000062,28.503632594000067],[77.036258162000081,28.503521260000078],[77.036247413000069,28.503512792000024],[77.036225279000064,28.503499590000057],[77.036200890000018,28.503489984000058],[77.036180866000066,28.503485196000025],[77.036000798000032,28.503453516000032],[77.035994913000081,28.50345258600003],[77.035978744000033,28.503451089000066],[77.034303761000047,28.503374950000072],[77.034291839000048,28.503374825000023],[77.033388097000056,28.503403485000025],[77.032667900000021,28.503346606000033],[77.03193840800003,28.50327025100005],[77.031435249000083,28.503201408000059],[77.031042119000062,28.503098844000075],[77.030540487000053,28.502930611000068],[77.030537361000029,28.502929597000037],[77.029908951000039,28.502732537000039],[77.029686579000042,28.502626586000073],[77.029492799000067,28.502473060000046],[77.028975830000036,28.501973918000022],[77.028959278000073,28.501960145000048],[77.028956201000099,28.501957997000027],[77.028474010000082,28.501630383000069],[77.025050241000031,28.499143756000027],[77.025044794000053,28.499140005000079],[77.024046527000053,28.498483933000045],[77.023296973000072,28.497931487000077],[77.022918476000029,28.497549155000055],[77.022364957000036,28.496867152000043],[77.020695533000037,28.494682572000034],[77.020420778000073,28.494252605000039],[77.020255576000068,28.493846983000015],[77.020022222000094,28.493234898000019],[77.019748259000025,28.491190855000074],[77.019819640000051,28.489331140000036],[77.019891937000082,28.489041318000034],[77.019893625000066,28.489033445000057],[77.019895498000039,28.489014832000066],[77.019930339000041,28.487438570000048],[77.01993030800007,28.487432326000029],[77.019890112000041,28.486457444000045],[77.019852524000029,28.485565736000062],[77.020078110000043,28.485266293000041],[77.020231930000094,28.485108938000057],[77.020234985000059,28.485105714000039],[77.020248669000082,28.485088130000072],[77.020902831000058,28.484086753000042],[77.021024735000083,28.483914499000036],[77.02154080400004,28.483354772000048],[77.022342516000037,28.482521892000076],[77.022833504000062,28.482103241000061],[77.023012785000049,28.482005923000031],[77.023698750000051,28.481700545000017],[77.02370832500003,28.481698123000058],[77.02373232900004,28.481687794000031],[77.023743560000071,28.481680596000057],[77.024449624000056,28.481366261000048],[77.024457239000071,28.481362629000042],[77.024713145000078,28.481232183000028],[77.024719711000046,28.481228575000042],[77.025260376000062,28.480913997000059],[77.025875139000036,28.480718369000041],[77.02721315000008,28.480367114000046],[77.027223313000036,28.48036409700007],[77.027968223000073,28.480117240000027],[77.028341515000079,28.480069657000044],[77.029264039000054,28.47995853500003],[77.029272490000039,28.479957304000042],[77.029293778000067,28.47995223100002],[77.02970451200008,28.479825691000023],[77.030759881000051,28.479496607000033],[77.030765177000021,28.479494851000016],[77.03234541900008,28.478926740000077],[77.03319390300004,28.478761698000035],[77.034732031000047,28.478666869000033],[77.035296604000052,28.478665780000018],[77.035956532000043,28.478788116000022],[77.037328569000053,28.47906136600005],[77.038923433000036,28.47939167600002],[77.03928654300006,28.479484742000068],[77.040422060000083,28.479984016000056],[77.042053573000032,28.480672435000031],[77.042069646000073,28.480678253000065],[77.042079595000061,28.48068095400005],[77.042852134000043,28.480865505000043],[77.045020003000047,28.48133963500003],[77.047397466000064,28.481834058000043],[77.04740853300008,28.481835982000064],[77.047415242000042,28.481836790000042],[77.047833535000052,28.481878835000032],[77.047853461000045,28.481879682000052],[77.047867197000073,28.481878930000047],[77.048795038000037,28.481790937000021],[77.048807857000043,28.481789233000029],[77.048816948000081,28.481787420000046]],[[77.033886009000071,28.486577941000064],[77.029383535000079,28.488531360000028],[77.02947768000007,28.492039554000037],[77.034372694000055,28.495046211000044],[77.038542518000042,28.495461213000056],[77.038838017000046,28.496029420000063],[77.057186619000049,28.495299605000067],[77.05834942000007,28.493945019000019],[77.057519013000046,28.492930988000069],[77.057196207000061,28.493007498000047],[77.051588620000075,28.486717740000071],[77.050180158000046,28.486547997000059],[77.048939881000081,28.483892736000026],[77.042919747000042,28.482789617000034],[77.043044707000035,28.482262494000047],[77.035836106000048,28.47976829900006],[77.033886009000071,28.486577941000064]]]},"properties":{"FID":262,"OBJECTID":263,"Id":0,"Area":5800948.7818299998,"Name":" ","Density":" ","Code":800,"val":" ","Text_":"810","ClassText":"800 Aggriculture Zone","Class":810,"CodeText":" ","Shape_Leng":0.195309295844,"Shape_Area":0.00053450047156299995}},{"type":"Feature","id":263,"geometry":{"type":"MultiPolygon","coordinates":[[[[76.978020798000031,28.442199238000047],[76.978008946000045,28.442200738000039],[76.978006204000053,28.442201235000027],[76.97456094500005,28.442862493000053],[76.974543156000053,28.442867178000022],[76.974536003000082,28.442869831000056],[76.972476907000043,28.443701913000041],[76.972466416000046,28.443706705000068],[76.966171933000055,28.446930678000058],[76.966153864000034,28.446942160000049],[76.966149972000039,28.446945274000019],[76.964326117000041,28.448469210000027],[76.964150075000077,28.448616299000037],[76.964142075000041,28.448501819000057],[76.963807141000075,28.444387719000076],[76.964113447000045,28.440099291000024],[76.969712685000047,28.43986138300005],[76.974414489000083,28.442138571000037],[76.974438639000084,28.442148025000044],[76.974718411000083,28.441783132000054],[76.976528031000043,28.440289656000047],[76.97758365600005,28.439511440000047],[76.977844379000018,28.439570083000024],[76.977960210000049,28.439604761000044],[76.979165205000072,28.440123684000067],[76.979244214000062,28.440164526000043],[76.979255030000047,28.440174413000076],[76.979364050000072,28.440291377000044],[76.979689680000035,28.440753662000066],[76.980382400000053,28.441735208000072],[76.980425347000065,28.441789272000054],[76.980474575000088,28.441838821000029],[76.980528938000077,28.441882910000061],[76.980663485000036,28.441980840000042],[76.978020798000031,28.442199238000047]]],[[[76.964136527000051,28.450548649000048],[76.964097833000039,28.451380843000049],[76.964050286000031,28.452403365000055],[76.964041400000042,28.452594496000074],[76.964001506000045,28.45345244700006],[76.963122389000034,28.452960277000052],[76.962269143000071,28.451916084000057],[76.962506029000053,28.45001863400006],[76.962509798000028,28.449981888000014],[76.962512350000054,28.449899270000053],[76.962506748000067,28.449816771000037],[76.962495079000064,28.449744649000024],[76.962482017000085,28.449681385000073],[76.963913294000065,28.448740575000041],[76.964102808000064,28.448642355000064],[76.964136527000051,28.450548649000048]]],[[[76.981234935000032,28.442011799000053],[76.971861816000057,28.457788747000052],[76.964531974000067,28.453749419000065],[76.964507937000064,28.453735963000035],[76.964245094000034,28.453487615000039],[76.964343152000083,28.451378613000024],[76.964387793000057,28.450418508000034],[76.96438788100005,28.450412293000063],[76.964356991000045,28.448741401000053],[76.96630790100005,28.447111307000064],[76.970572515000086,28.444927069000077],[76.972584170000047,28.443896667000047],[76.974625849000063,28.443071624000027],[76.97805095800004,28.442414232000029],[76.979355831000078,28.442306399000071],[76.980848539000078,28.442183026000073],[76.980860388000053,28.442181528000038],[76.980880919000072,28.442176343000014],[76.980900119000069,28.442168087000024],[76.980917405000071,28.442157008000027],[76.980929309000032,28.44214653500006],[76.981123138000058,28.441950795000022],[76.981234935000032,28.442011799000053]]]]},"properties":{"FID":263,"OBJECTID":264,"Id":0,"Area":2248739.5975000001,"Name":"37 D","Density":"250","Code":100,"val":"100/250","Text_":"100/250","ClassText":"100 Residential (Group Housing/Plotted)","Class":100,"CodeText":" ","Shape_Leng":0.10754844119900001,"Shape_Area":0.00020711811954499999}},{"type":"Feature","id":264,"geometry":{"type":"MultiPolygon","coordinates":[[[[76.996340231000033,28.427647419000035],[76.996501048000084,28.427805041000056],[76.989630699000031,28.431449431000022],[76.988795862000089,28.430485013000055],[76.988807893000057,28.430478545000025],[76.995526774000027,28.426867392000073],[76.996340231000033,28.427647419000035]]],[[[77.002775483000065,28.430836705000043],[77.002766743000052,28.430838498000075],[77.000587280000047,28.43136020500004],[76.999676183000076,28.430321091000042],[76.999670146000085,28.430314630000055],[76.997471241000071,28.428132939000076],[76.997117462000048,28.427793706000053],[77.000225446000059,28.42614485800005],[77.003647341000033,28.430199274000064],[77.004162926000049,28.430814637000015],[77.00279671900006,28.430834749000045],[77.002775483000065,28.430836705000043]]],[[[76.997244324000079,28.428314673000052],[76.999437388000032,28.430490580000015],[77.000267075000068,28.431436848000025],[76.99205439900004,28.433402363000017],[76.992042613000081,28.433405757000045],[76.992023883000059,28.433413768000023],[76.991547546000049,28.433663713000037],[76.989817968000068,28.431665764000055],[76.996849348000055,28.427935938000068],[76.997244324000079,28.428314673000052]]],[[[77.004342167000061,28.43102856400002],[77.008831065000038,28.436385741000024],[77.008585609000065,28.436536241000045],[77.007028733000084,28.437495285000068],[77.007018348000045,28.437501972000057],[77.006137784000032,28.438094403000026],[77.005912241000033,28.437788831000027],[77.005901243000025,28.437775730000052],[77.005518108000032,28.437372606000054],[77.005507868000052,28.43736299100004],[77.004926256000033,28.436868026000074],[77.004419839000036,28.436324149000022],[77.002995050000038,28.434305725000058],[77.002988736000077,28.434297474000068],[77.002736115000062,28.433992151000034],[77.002322591000066,28.43350110100004],[77.001677022000081,28.43258914400008],[77.001667621000081,28.432577318000025],[77.000750439000058,28.431545486000054],[77.002816043000038,28.43105103400006],[77.004342167000061,28.43102856400002]]],[[[77.00045730100004,28.431653799000049],[77.001421794000066,28.432738863000054],[77.002066295000091,28.43364931800005],[77.002073272000075,28.433658342000054],[77.002489739000055,28.434152880000045],[77.002738258000093,28.434453250000043],[77.004165354000065,28.436474950000044],[77.00417703200003,28.436489312000056],[77.004695463000076,28.437046091000081],[77.004698050000059,28.437048797000038],[77.004707489000054,28.43705758100003],[77.00528965500007,28.437553022000028],[77.005660828000032,28.437943574000016],[77.00588394600004,28.438245858000077],[77.004937016000042,28.438808360000056],[77.004916703000049,28.438821579000038],[77.003660314000072,28.439712198000041],[77.002830521000078,28.440310056000044],[77.001999009000016,28.440909660000049],[77.00198146200006,28.440923331000068],[77.001954105000038,28.440949596000042],[77.001424148000055,28.441531121000015],[77.000121802000081,28.442980575000028],[76.999392427000032,28.443747223000056],[76.993293624000046,28.436126014000024],[76.992090050000058,28.434735696000075],[76.992100328000049,28.434728088000039],[76.992114836000042,28.434716638000054],[76.99214846700005,28.434683253000053],[76.992175424000052,28.434645426000028],[76.992194968000035,28.434604195000073],[76.992206570000064,28.434560684000068],[76.992209912000078,28.434516077000065],[76.992204901000036,28.434471592000072],[76.992191675000072,28.434428444000041],[76.992170597000026,28.43438780800005],[76.992146920000039,28.434356065000038],[76.991697453000043,28.43383687600004],[76.992134552000039,28.433607517000027],[77.000429655000062,28.431622269000055],[77.00045730100004,28.431653799000049]]]]},"properties":{"FID":264,"OBJECTID":265,"Id":0,"Area":1825839.71991,"Name":"37","Density":" ","Code":300,"val":"320/330/340","Text_":"320,330,340","ClassText":"300 Industrial","Class":300,"CodeText":" ","Shape_Leng":0.12205629525599999,"Shape_Area":0.00016814571801600001}},{"type":"Feature","id":265,"geometry":{"type":"Polygon","coordinates":[[[76.92576988200004,28.382676003000025],[76.921913079000035,28.386706305000072],[76.917286166000054,28.391241098000012],[76.917083285000047,28.391383321000038],[76.913322753000045,28.389914037000032],[76.913371813000083,28.389864673000027],[76.914483895000046,28.388975204000086],[76.92030283400004,28.384320687000063],[76.924976202000039,28.380582043000057],[76.92576988200004,28.382676003000025]]]},"properties":{"FID":265,"OBJECTID":266,"Id":0,"Area":429717.34487299999,"Name":" ","Density":" ","Code":300,"val":"320/330/340","Text_":"320,330,340","ClassText":"300 Industrial","Class":300,"CodeText":" ","Shape_Leng":0.033511392177799998,"Shape_Area":3.95591645966e-05}},{"type":"Feature","id":266,"geometry":{"type":"Polygon","coordinates":[[[76.91603204200004,28.392120241000043],[76.91105738400006,28.395607224000052],[76.908652410000059,28.396404984000064],[76.902591640000082,28.400539174000063],[76.901423170000044,28.402847602000048],[76.898898995000081,28.40666480100003],[76.898191918000052,28.408202732000056],[76.896430415000054,28.408762102000022],[76.895241326000075,28.409924714000056],[76.894893356000054,28.41132440400003],[76.893681763000075,28.410582167000022],[76.893666995000061,28.410573367000033],[76.893641506000051,28.41055929200007],[76.890233007000063,28.408767234000035],[76.890214290000074,28.408757740000048],[76.888175491000084,28.407760824000029],[76.897363323000036,28.399836660000073],[76.912383301000034,28.390546534000066],[76.91603204200004,28.392120241000043]]]},"properties":{"FID":266,"OBJECTID":267,"Id":0,"Area":1435521.1862900001,"Name":" ","Density":" ","Code":300,"val":"320/330/340","Text_":"320,330,340","ClassText":"300 Industrial","Class":300,"CodeText":" ","Shape_Leng":0.071131185230999996,"Shape_Area":0.00013217678739600001}},{"type":"Feature","id":267,"geometry":{"type":"MultiPolygon","coordinates":[[[[76.92824455300007,28.479084333000042],[76.927689580000049,28.479474215000042],[76.927222438000058,28.479939253000055],[76.926926110000068,28.480287263000026],[76.926590715000032,28.480865033000029],[76.92629854200004,28.481442191000042],[76.925922688000071,28.482173335000013],[76.925719037000079,28.482863842000029],[76.925732206000077,28.483589474000038],[76.925783057000046,28.484008967000076],[76.926352431000055,28.484432540000046],[76.923609747000057,28.484466205000039],[76.923556974000064,28.479081951000062],[76.925552555000095,28.47906611400003],[76.928326825000042,28.479023307000038],[76.92824455300007,28.479084333000042]]],[[[76.934134161000031,28.484336717000065],[76.928029266000081,28.484411929000018],[76.928878658000031,28.483048247000045],[76.929126207000081,28.482395317000059],[76.929506206000042,28.481893310000029],[76.929841588000045,28.481315534000036],[76.930347778000055,28.480620726000033],[76.93034083100008,28.480238816000053],[76.931021302000048,28.479617934000029],[76.931836994000022,28.479300737000067],[76.932292803000067,28.478962014000039],[76.934012449000065,28.478935402000037],[76.934134161000031,28.484336717000065]]]]},"properties":{"FID":267,"OBJECTID":268,"Id":0,"Area":421262.49291799997,"Name":" ","Density":" ","Code":500,"val":" ","Text_":"510","ClassText":"500 Public Utilities","Class":500,"CodeText":" ","Shape_Leng":0.0399457669073,"Shape_Area":3.88145447868e-05}},{"type":"Feature","id":268,"geometry":{"type":"Polygon","coordinates":[[[76.931717852000077,28.438929145000039],[76.933202110000082,28.439573552000063],[76.933217987000035,28.439580116000062],[76.933227904000034,28.439583892000012],[76.934315971000046,28.439984722000073],[76.943019692000064,28.443153110000015],[76.945149350000065,28.443990636000024],[76.946650502000068,28.444761689000057],[76.946043208000049,28.448922657000015],[76.945388251000054,28.448526235000038],[76.943211288000043,28.447659626000071],[76.940081287000055,28.446672870000043],[76.940581332000079,28.445653410000034],[76.941253506000066,28.444593289000064],[76.941245833000039,28.44417318700005],[76.940916533000063,28.443891378000046],[76.939871147000076,28.443447874000068],[76.938565121000067,28.442931675000072],[76.937923951000073,28.443322820000052],[76.937238524000065,28.443657291000086],[76.936659373000055,28.443894744000033],[76.934586826000043,28.441632160000044],[76.932605989000081,28.439654748000056],[76.931717852000077,28.438929145000039]]]},"properties":{"FID":268,"OBJECTID":269,"Id":0,"Area":426006.13405699999,"Name":" ","Density":" ","Code":400,"val":" ","Text_":"420","ClassText":"400 Transport and Communication","Class":400,"CodeText":" ","Shape_Leng":0.041577603996099999,"Shape_Area":3.9238116021399999e-05}},{"type":"Feature","id":269,"geometry":{"type":"Polygon","coordinates":[[[76.930634815000076,28.438440418000024],[76.930201353000044,28.439007628000066],[76.92880923000007,28.438385587000031],[76.929233972000077,28.437743750000028],[76.930634815000076,28.438440418000024]]]},"properties":{"FID":269,"OBJECTID":270,"Id":0,"Area":12237.946113800001,"Name":"RAILWAY STATION","Density":" ","Code":400,"val":" ","Text_":"410","ClassText":"400 Transport and Communication","Class":400,"CodeText":" ","Shape_Leng":0.0045728148201399999,"Shape_Area":1.1271371255400001e-06}},{"type":"Feature","id":270,"geometry":{"type":"Polygon","coordinates":[[[76.90966456700005,28.379999821000077],[76.910085060000029,28.389877893000062],[76.909995055000081,28.389876804000036],[76.903942970000045,28.389803437000069],[76.897517918000062,28.389764668000051],[76.897673458000043,28.386792858000032],[76.897790869000062,28.381964023000023],[76.89781763600007,28.380726076000027],[76.897827864000092,28.380253092000022],[76.897829609000027,28.380172433000048],[76.900007777000042,28.380140743000023],[76.90966456700005,28.379999821000077]]]},"properties":{"FID":270,"OBJECTID":271,"Id":679,"Area":1285763.12418,"Name":"M14","Density":" ","Code":300,"val":" ","Text_":"320,330,340","ClassText":"300 Industrial","Class":300,"CodeText":" ","Shape_Leng":0.043889093289499997,"Shape_Area":0.000118365636679}},{"type":"Feature","id":271,"geometry":{"type":"Polygon","coordinates":[[[76.91123153300002,28.390433182000038],[76.897328881000078,28.399032163000072],[76.89757628600006,28.390244353000071],[76.90393331000007,28.39034474500005],[76.91123153300002,28.390433182000038]]]},"properties":{"FID":271,"OBJECTID":272,"Id":525,"Area":651066.02306699997,"Name":"M13","Density":" ","Code":300,"val":" ","Text_":"320,330,340","ClassText":"300 Industrial","Class":300,"CodeText":" ","Shape_Leng":0.038794922385900002,"Shape_Area":5.9937973152899998e-05}},{"type":"Feature","id":272,"geometry":{"type":"Polygon","coordinates":[[[76.920321125000044,28.383393572000045],[76.914494957000045,28.388053910000053],[76.914199630000041,28.388290126000076],[76.913876804000054,28.388548331000031],[76.912505755000026,28.389644919000034],[76.912124889000026,28.389880537000053],[76.912109362000095,28.389890141000031],[76.912089970000068,28.389902136000043],[76.910697998000046,28.389885310000057],[76.910276751000097,28.379990864000021],[76.910414689000049,28.379988844000025],[76.914077673000065,28.379935190000026],[76.91469023000009,28.379926210000043],[76.919361096000046,28.379857629000064],[76.921001514000068,28.379841794000068],[76.923694158000046,28.379815760000039],[76.924512882000045,28.379804992000061],[76.924658686000029,28.379923554000072],[76.920943184000066,28.382895953000055],[76.920944256000027,28.382841625000015],[76.920321125000044,28.383393572000045]]]},"properties":{"FID":272,"OBJECTID":273,"Id":684,"Area":864849.63121400005,"Name":"M15","Density":" ","Code":300,"val":" ","Text_":"320,330,340","ClassText":"300 Industrial","Class":300,"CodeText":" ","Shape_Leng":0.041862597704700001,"Shape_Area":7.9614352203100005e-05}},{"type":"Feature","id":273,"geometry":{"type":"Polygon","coordinates":[[[76.880604249000044,28.389886184000019],[76.880596834000073,28.395172679000023],[76.871613212000057,28.383542894000069],[76.871584067000072,28.383524334000079],[76.871589120000067,28.383511700000042],[76.871576160000075,28.383494920000036],[76.871591752000029,28.383505120000045],[76.874276637000037,28.376790380000035],[76.874284740000064,28.376765367000079],[76.874785519000071,28.374796710000055],[76.874788718000048,28.374781794000047],[76.875549443000068,28.370299005000049],[76.87613788200008,28.368195433000032],[76.87814275900007,28.362815902000069],[76.878305743000055,28.362392192000069],[76.878313461000047,28.362650456000029],[76.878326018000052,28.362649916000073],[76.878339738000079,28.362836308000052],[76.878344085000037,28.362867430000044],[76.878351879000022,28.362896159000055],[76.879054797000038,28.364978741000076],[76.879443697000056,28.366130919000049],[76.880450127000074,28.369112503000057],[76.880450660000065,28.369114078000049],[76.880544493000059,28.369392058000063],[76.880576715000075,28.381410707000047],[76.880604249000044,28.389886184000019]]]},"properties":{"FID":273,"OBJECTID":274,"Id":1610,"Area":1749632.34396,"Name":"M11","Density":" ","Code":300,"val":" ","Text_":"320,330,340","ClassText":"300 Industrial","Class":300,"CodeText":" ","Shape_Leng":0.070169879337000002,"Shape_Area":0.00016106191755400001}},{"type":"Feature","id":274,"geometry":{"type":"Polygon","coordinates":[[[76.884947164000039,28.399828807000073],[76.885562211000035,28.400454117000042],[76.886446190000086,28.401352828000011],[76.890091036000058,28.405163576000053],[76.887476664000076,28.407418179000047],[76.887177169000054,28.407261597000058],[76.886402377000081,28.406827488000037],[76.885088627000073,28.405967866000012],[76.883505700000057,28.404792901000054],[76.883500477000041,28.404789062000074],[76.88349498500007,28.404785108000052],[76.882753308000062,28.40425671600007],[76.882696471000031,28.404220289000065],[76.882419251000044,28.404062346000032],[76.882362674000021,28.404033376000015],[76.881485468000051,28.403632120000051],[76.881452681000042,28.403618176000059],[76.880182533000024,28.403114181000024],[76.879101252000041,28.402522367000071],[76.876792594000051,28.40107283400004],[76.876774828000066,28.401062044000074],[76.874952047000079,28.399991766000024],[76.872969461000082,28.398572367000035],[76.871794934000036,28.397518709000046],[76.871742089000065,28.397475989000046],[76.871736684000041,28.397472096000062],[76.87036839200006,28.396496683000073],[76.870349750000059,28.396483851000024],[76.869104316000062,28.395656665000043],[76.869097213000032,28.39517031400003],[76.869590344000073,28.388891268000059],[76.870364160000065,28.386517701000049],[76.871576160000075,28.383494920000036],[76.880596834000073,28.395172679000023],[76.880610159000071,28.395187348000036],[76.880602331000034,28.399506302000074],[76.880607309000084,28.399553124000072],[76.880620485000065,28.399596285000023],[76.880641516000082,28.39963694100004],[76.880669827000077,28.399673981000024],[76.880704648000062,28.399706396000045],[76.880745025000067,28.399733301000012],[76.880789863000075,28.39975396300003],[76.880837932000077,28.399767817000058],[76.88088792800005,28.399774486000062],[76.880903832000058,28.399775065000018],[76.884947164000039,28.399828807000073]]]},"properties":{"FID":274,"OBJECTID":275,"Id":0,"Area":1792071.1288399999,"Name":"96","Density":" ","Code":400,"val":" ","Text_":"400","ClassText":"400 Transport and Communication","Class":400,"CodeText":" ","Shape_Leng":0.068876490196400006,"Shape_Area":0.00016499891044700001}},{"type":"Feature","id":275,"geometry":{"type":"Polygon","coordinates":[[[76.896105205000083,28.399976491000071],[76.890091036000058,28.405163576000053],[76.884947164000039,28.399828807000073],[76.896105205000083,28.399976491000071]]]},"properties":{"FID":275,"OBJECTID":276,"Id":504,"Area":319122.66398200003,"Name":"M12","Density":" ","Code":300,"val":" ","Text_":"320,330,340","ClassText":"300 Industrial","Class":300,"CodeText":" ","Shape_Leng":0.026511810915999998,"Shape_Area":2.9382951817600001e-05}},{"type":"Feature","id":276,"geometry":{"type":"Polygon","coordinates":[[[76.881221154000059,28.395859864000048],[76.884407575000068,28.399280203000039],[76.881215050000037,28.399237765000066],[76.881221154000059,28.395859864000048]]]},"properties":{"FID":276,"OBJECTID":277,"Id":0,"Area":58564.226255900001,"Name":"96","Density":" ","Code":400,"val":" ","Text_":"400","ClassText":"400 Transport and Communication","Class":400,"CodeText":" ","Shape_Leng":0.0112453255988,"Shape_Area":5.3921462158800004e-06}},{"type":"Feature","id":277,"geometry":{"type":"Polygon","coordinates":[[[76.884407575000068,28.399280203000039],[76.881221154000059,28.395859864000048],[76.881211944000029,28.389979778000043],[76.88251215300005,28.390007066000063],[76.892324717000065,28.390161193000029],[76.896964172000082,28.390234669000044],[76.896704407000087,28.399459650000036],[76.884407575000068,28.399280203000039]]]},"properties":{"FID":277,"OBJECTID":278,"Id":875,"Area":1508596.2708300001,"Name":"M10","Density":" ","Code":300,"val":" ","Text_":"320,330,340","ClassText":"300 Industrial","Class":300,"CodeText":" ","Shape_Leng":0.047835790607299998,"Shape_Area":0.000138892474381}},{"type":"Feature","id":278,"geometry":{"type":"Polygon","coordinates":[[[76.897261201000049,28.379639247000057],[76.895033926000053,28.379671608000024],[76.894588775000045,28.379665224000068],[76.89241458700009,28.379709619000032],[76.892064866000055,28.37971675600005],[76.889701912000092,28.379749550000028],[76.886328744000082,28.379709150000046],[76.885029675000055,28.379693569000032],[76.882051454000077,28.379663417000064],[76.882047703000069,28.379663453000035],[76.881184187000031,28.379671382000023],[76.881157290000047,28.369658479000073],[76.882091812000056,28.369662705000049],[76.882377370000029,28.369663996000043],[76.886521502000036,28.369590645000063],[76.888882828000092,28.369509895000082],[76.891066101000035,28.369483079000076],[76.892333674000042,28.369467492000062],[76.893932837000079,28.369447813000072],[76.896201799000039,28.369400264000031],[76.896558736000031,28.369402714000042],[76.897080644000084,28.369406293000058],[76.897070925000037,28.369666584000072],[76.897081443000047,28.369909138000004],[76.897127189000059,28.37096413800003],[76.897132573000079,28.371088315000065],[76.897136190000083,28.372487257000042],[76.897136880000062,28.372754071000035],[76.897173870000074,28.372753723000077],[76.897259457000061,28.379501728000026],[76.897260176000032,28.379558329000073],[76.897261201000049,28.379639247000057]]]},"properties":{"FID":278,"OBJECTID":279,"Id":870,"Area":1768881.5637000001,"Name":"M8","Density":" ","Code":300,"val":" ","Text_":"320,330,340","ClassText":"300 Industrial","Class":300,"CodeText":" ","Shape_Leng":0.052290178759499997,"Shape_Area":0.00016282685184199999}},{"type":"Feature","id":279,"geometry":{"type":"Polygon","coordinates":[[[76.909484076000069,28.372071197000018],[76.909468807000039,28.372071489000064],[76.908957739000073,28.372081219000059],[76.908814483000072,28.372083947000075],[76.908742510000081,28.372085318000067],[76.908401685000058,28.372091807000054],[76.90772980800007,28.372104594000064],[76.906668074000038,28.372124796000033],[76.906105475000061,28.372135497000038],[76.906104777000053,28.372135511000064],[76.906103606000045,28.372135533000062],[76.905829043000026,28.372140755000025],[76.905797714000073,28.372141352000035],[76.905795383000054,28.372141395000028],[76.905674064000038,28.372142305000068],[76.905493350000029,28.37214365900007],[76.902123417000041,28.372157714000018],[76.897747567000067,28.37221013900005],[76.897744633000059,28.371077314000043],[76.897683392000033,28.369665141000034],[76.897695542000065,28.369339609000065],[76.897693407000062,28.369219611000055],[76.897643843000083,28.369055298000031],[76.897597798000064,28.369013432000028],[76.897507240000039,28.368931098000065],[76.89735388800004,28.368877601000058],[76.897246671000048,28.368866038000082],[76.896196921000069,28.368858838000044],[76.893921332000048,28.368906524000064],[76.892746713000065,28.368920981000027],[76.888866752000069,28.368968660000064],[76.886503555000047,28.369049475000061],[76.884868360000041,28.36907843200003],[76.882372814000064,28.369122586000067],[76.881090350000093,28.369116787000046],[76.879377547000047,28.364042531000049],[76.878948240000057,28.362770600000029],[76.878928931000075,28.362508279000046],[76.883667398000043,28.362212365000058],[76.886661511000057,28.363011401000048],[76.888731337000081,28.362829926000082],[76.892620031000035,28.362928794000023],[76.895260653000037,28.363274121000067],[76.896210561000046,28.363260909000079],[76.896582858000045,28.362338880000042],[76.897355971000081,28.362098907000082],[76.898270170000046,28.362506401000076],[76.90008769700006,28.362710288000073],[76.901426195000056,28.36269162300005],[76.902230214000042,28.361763557000074],[76.90308080300008,28.361025846000075],[76.904823519000047,28.360606032000078],[76.905570664000038,28.360583381000026],[76.909227828000041,28.360542392000053],[76.909228474000031,28.360563395000035],[76.909484076000069,28.372071197000018]]]},"properties":{"FID":279,"OBJECTID":280,"Id":1621,"Area":2562654.2848,"Name":"M3A","Density":" ","Code":300,"val":" ","Text_":"320,330,340","ClassText":"300 Industrial","Class":300,"CodeText":" ","Shape_Leng":0.081959076421800003,"Shape_Area":0.00023587463344200001}},{"type":"Feature","id":280,"geometry":{"type":"Polygon","coordinates":[[[76.91085404100005,28.364760809000057],[76.909909669000058,28.36478527700006],[76.909800907000019,28.36053867400005],[76.92173258600009,28.360420608000009],[76.921748940000029,28.360686356000027],[76.921765993000065,28.36174289000007],[76.923963403000087,28.361733490000056],[76.92401391900006,28.360426295000018],[76.933041247000062,28.360448423000026],[76.933099435000031,28.360084683000029],[76.934727723000037,28.36007556700001],[76.934739900000068,28.360594427000024],[76.934740573000056,28.360601912000035],[76.934740567000063,28.360602009000047],[76.934740765000072,28.36062525400007],[76.934757517000037,28.361750627000035],[76.934761868000066,28.362042909000035],[76.934796250000034,28.364299218000031],[76.934798300000068,28.364426907000063],[76.934467518000091,28.36443108100007],[76.931877255000074,28.364463731000054],[76.931236747000071,28.364471795000046],[76.929336666000026,28.364495083000065],[76.925047646000053,28.36454755200003],[76.924808799000061,28.36455182900005],[76.922247464000066,28.364597661000062],[76.92192685100008,28.36460339600006],[76.920494281000046,28.364623589000079],[76.916822847000049,28.364675274000032],[76.915166652000039,28.364698556000057],[76.914257449000047,28.364707950000007],[76.911990335000041,28.364731346000035],[76.910958144000062,28.364758110000018],[76.91085404100005,28.364760809000057]]]},"properties":{"FID":280,"OBJECTID":281,"Id":585,"Area":1094893.3248099999,"Name":"M3","Density":" ","Code":300,"val":" ","Text_":"320,330,340","ClassText":"300 Industrial","Class":300,"CodeText":" ","Shape_Leng":0.061276179745100003,"Shape_Area":0.000100772881442}},{"type":"Feature","id":281,"geometry":{"type":"Polygon","coordinates":[[[76.923977624000031,28.365108193000012],[76.925058064000041,28.365088849000063],[76.929341730000033,28.365036444000058],[76.931245404000038,28.365013111000039],[76.934611550000056,28.364973071000055],[76.934775217000038,28.364971123000029],[76.934807034000073,28.364971014000041],[76.934806519000077,28.365041830000056],[76.934807596000056,28.365114185000039],[76.934825831000069,28.366338792000075],[76.934833041000047,28.366822981000052],[76.934843895000043,28.367551855000045],[76.93486626900004,28.369054133000073],[76.934875638000051,28.369683207000023],[76.93487691100006,28.369738635000029],[76.934877350000065,28.369757838000037],[76.934883934000084,28.370044841000031],[76.934887137000047,28.370171822000025],[76.934901632000049,28.370745870000057],[76.934912602000054,28.371180421000073],[76.934914655000057,28.371261731000065],[76.93492251800005,28.371573118000068],[76.934923015000052,28.37159283800003],[76.934923764000075,28.371622494000057],[76.934924012000067,28.371632300000051],[76.93492470800004,28.371659911000055],[76.934924783000028,28.371662806000071],[76.934924871000078,28.371666307000051],[76.934925026000045,28.371672465000071],[76.934925043000078,28.371673168000029],[76.934925073000031,28.371674318000032],[76.934925088000057,28.371674886000037],[76.934925089000046,28.371674942000027],[76.934925090000036,28.371674970000065],[76.93492455300003,28.37167498500003],[76.934921022000083,28.371675057000054],[76.934810312000081,28.371677298000066],[76.933714018000046,28.371699480000068],[76.933100124000077,28.371711896000079],[76.93133595900008,28.371706935000084],[76.930054521000045,28.371741988000057],[76.925740544000064,28.371859902000029],[76.924180633000063,28.371895145000053],[76.923977624000031,28.365108193000012]]]},"properties":{"FID":281,"OBJECTID":282,"Id":1623,"Area":788867.93265500001,"Name":"M5","Density":" ","Code":300,"val":" ","Text_":"320,330,340","ClassText":"300 Industrial","Class":300,"CodeText":" ","Shape_Leng":0.035072697290000003,"Shape_Area":7.2609055966399994e-05}},{"type":"Feature","id":282,"geometry":{"type":"Polygon","coordinates":[[[76.920328128000051,28.371937917000022],[76.920328129000026,28.371937982000077],[76.920323029000031,28.371938082000039],[76.920310462000032,28.371938330000035],[76.920269912000037,28.371939132000016],[76.920092632000021,28.37194263400005],[76.918504627000061,28.371974002000044],[76.918044594000051,28.371983085000064],[76.914833315000052,28.371999841000051],[76.912626670000051,28.372011311000048],[76.910955870000066,28.372043159000039],[76.910096020000083,28.372059541000052],[76.909922437000034,28.365283709000028],[76.910861494000073,28.365302222000008],[76.912002873000063,28.365272627000017],[76.915175088000069,28.365239879000043],[76.917677892000029,28.36520468600003],[76.920185782000019,28.365169376000033],[76.920194071000097,28.365169260000076],[76.920194200000083,28.36516925800003],[76.920194207000051,28.365170054000018],[76.920834955000032,28.365160229000015],[76.921937912000033,28.365144680000061],[76.922332073000064,28.365137632000028],[76.923365705000037,28.365119142000026],[76.923568592000038,28.371903490000069],[76.922079092000047,28.371903372000077],[76.921924217000083,28.371906434000039],[76.921342636000062,28.371917931000045],[76.920948409000061,28.371925724000036],[76.920945066000073,28.371917876000051],[76.920328128000051,28.371937917000022]]]},"properties":{"FID":282,"OBJECTID":283,"Id":552,"Area":988957.719254,"Name":"M4","Density":" ","Code":300,"val":" ","Text_":"320,330,340","ClassText":"300 Industrial","Class":300,"CodeText":" ","Shape_Leng":0.040490488464600002,"Shape_Area":9.1026981694099999e-05}},{"type":"Feature","id":283,"geometry":{"type":"Polygon","coordinates":[[[76.920334708000041,28.372479359000067],[76.92358478500006,28.372444863000052],[76.923788236000064,28.379246291000065],[76.923791393000045,28.379273051000034],[76.923686258000032,28.379274432000042],[76.920409865000067,28.379306104000072],[76.91935267100007,28.379316308000064],[76.910260277000077,28.379449658000059],[76.91010804900003,28.372600813000073],[76.910963830000071,28.372584506000059],[76.912635063000039,28.372552650000028],[76.91374624000008,28.372546878000026],[76.91805323400007,28.372524421000033],[76.91898038100004,28.372506113000046],[76.919802807000053,28.37248986700007],[76.920118526000067,28.372483630000033],[76.920158091000076,28.37248284900005],[76.92022350700006,28.372481556000018],[76.920253130000035,28.372480970000019],[76.920311554000079,28.372479816000052],[76.920334708000041,28.372479359000067]]]},"properties":{"FID":283,"OBJECTID":284,"Id":672,"Area":1002659.98884,"Name":"M7","Density":" ","Code":300,"val":" ","Text_":"320,330,340","ClassText":"300 Industrial","Class":300,"CodeText":" ","Shape_Leng":0.0406921540831,"Shape_Area":9.2294021542199998e-05}},{"type":"Feature","id":284,"geometry":{"type":"Polygon","coordinates":[[[76.943280326000036,28.371052029000047],[76.943329857000037,28.37110055000004],[76.943790903000036,28.371526956000025],[76.943809447000035,28.371543779000024],[76.943886630000065,28.371607390000058],[76.943969093000078,28.371665591000056],[76.943979737000063,28.371672461000063],[76.944814427000026,28.372205787000045],[76.944891042000066,28.372251361000039],[76.944982585000048,28.372297745000026],[76.945053391000044,28.372328254000024],[76.94629202200008,28.372823700000019],[76.955329404000054,28.377371484000033],[76.954391912000062,28.378657146000002],[76.954387795000059,28.378663220000082],[76.954379091000078,28.378680452000012],[76.954373902000043,28.378698759000031],[76.954372389000071,28.378717583000029],[76.954374592000079,28.378736356000037],[76.954380449000055,28.378754504000021],[76.954389780000042,28.378771478000033],[76.954402303000052,28.378786759000025],[76.954417635000098,28.378799886000017],[76.954435954000076,28.378810772000062],[76.936697816000049,28.379935984000046],[76.927665433000072,28.381722736000025],[76.925508219000051,28.379883011000047],[76.924431138000045,28.37926463600007],[76.924396297000044,28.379103295000053],[76.924196823000045,28.372436328000038],[76.925757807000082,28.372401059000033],[76.926833357000078,28.372371674000071],[76.929906758000072,28.372287657000069],[76.931344448000075,28.372248331000044],[76.93310579100006,28.372253286000049],[76.934358208000049,28.372235730000057],[76.934909431000051,28.372227999000067],[76.934939043000043,28.372227584000033],[76.935551516000018,28.372230828000053],[76.935510503000046,28.370613032000055],[76.935502106000072,28.370280607000034],[76.935495752000065,28.370029008000067],[76.935500298000079,28.370029037000059],[76.935478312000043,28.369049177000079],[76.942112122000069,28.36898115200005],[76.942219008000038,28.369229477000033],[76.942447034000054,28.369759239000075],[76.942477685000043,28.369830453000073],[76.942549760000077,28.370014552000029],[76.942582248000065,28.370089455000024],[76.94262694800004,28.370173976000046],[76.942678834000048,28.370255222000026],[76.942697683000063,28.370281506000023],[76.943171733000042,28.370924222000038],[76.943211650000094,28.370975432000026],[76.943276949000051,28.371048721000079],[76.943280326000036,28.371052029000047]]]},"properties":{"FID":284,"OBJECTID":285,"Id":0,"Area":2543296.3083700002,"Name":"M6","Density":" ","Code":300,"val":" ","Text_":"320,330,340","ClassText":"300 Industrial","Class":300,"CodeText":" ","Shape_Leng":0.076887742030100001,"Shape_Area":0.00023410156467200001}},{"type":"Feature","id":285,"geometry":{"type":"MultiPolygon","coordinates":[[[[76.938333476000082,28.360063436000079],[76.938884634000033,28.361426855000037],[76.938917439000079,28.361507687000035],[76.938917309000033,28.361507685000038],[76.938917229000083,28.361507488000019],[76.935378463000063,28.361507010000029],[76.935349561000066,28.36003404400002],[76.938333476000082,28.360063436000079]]],[[[76.939137066000058,28.362048881000071],[76.939138939000031,28.362053493000076],[76.939348800000062,28.362560438000049],[76.94074153300005,28.365796766000077],[76.940750256000058,28.365817033000052],[76.935430997000083,28.365873096000037],[76.935422951000078,28.365333160000027],[76.935413359000052,28.364689143000074],[76.935374026000034,28.362048378000054],[76.939137066000058,28.362048881000071]]],[[[76.940982222000059,28.366355986000023],[76.941880118000029,28.368442134000077],[76.935470247000069,28.368507854000029],[76.935450212000035,28.367163028000046],[76.93544466000003,28.366790305000048],[76.935443840000048,28.366735352000035],[76.935442359000035,28.366635960000057],[76.935441836000038,28.366600827000063],[76.93544180400005,28.366598570000065],[76.935439060000078,28.366414417000041],[76.940982222000059,28.366355986000023]]]]},"properties":{"FID":285,"OBJECTID":286,"Id":615,"Area":375065.41291999997,"Name":"M2","Density":" ","Code":300,"val":" ","Text_":"320,330,340","ClassText":"300 Industrial","Class":300,"CodeText":" ","Shape_Leng":0.042879510352099998,"Shape_Area":3.4520317573899999e-05}},{"type":"Feature","id":286,"geometry":{"type":"Polygon","coordinates":[[[76.896935121000084,28.38979401000006],[76.881210486000057,28.389501950000071],[76.881181926000053,28.380139711000027],[76.897264634000067,28.380177198000066],[76.89711784800005,28.38446119300005],[76.897061446000066,28.386780300000048],[76.896935121000084,28.38979401000006]]]},"properties":{"FID":286,"OBJECTID":287,"Id":0,"Area":1640292.1780099999,"Name":"M9","Density":" ","Code":300,"val":" ","Text_":"320,330,340","ClassText":"300 Industrial","Class":300,"CodeText":" ","Shape_Leng":0.050795039446699997,"Shape_Area":0.00015100459108199999}},{"type":"Feature","id":287,"geometry":{"type":"Polygon","coordinates":[[[76.897785931000058,28.37274797000002],[76.902356094000083,28.372708512000031],[76.905485528000042,28.372685111000056],[76.905804553000053,28.372682723000036],[76.90949609900008,28.372612470000032],[76.909648229000084,28.379458611000071],[76.897873257000072,28.37963035000006],[76.897785931000058,28.37274797000002]]]},"properties":{"FID":287,"OBJECTID":288,"Id":870,"Area":874203.97536899999,"Name":" ","Density":" ","Code":300,"val":" ","Text_":"320,330,340","ClassText":"300 Industrial","Class":300,"CodeText":" ","Shape_Leng":0.037218092576300002,"Shape_Area":8.0470317889400005e-05}},{"type":"Feature","id":288,"geometry":{"type":"Polygon","coordinates":[[[76.945593110000061,28.408110308000065],[76.945787640000049,28.407796051000055],[76.948080764000053,28.409029421000064],[76.952905735000058,28.411582777000028],[76.954332770000065,28.41233244700004],[76.954189348000057,28.41269721500003],[76.95354375900007,28.412349425000055],[76.945593110000061,28.408110308000065]]]},"properties":{"FID":288,"OBJECTID":289,"Id":0,"Area":38937.081617099997,"Name":" ","Density":" ","Code":500,"val":" ","Text_":"500","ClassText":"500 Public Utilities","Class":500,"CodeText":" ","Shape_Leng":0.020179682479799999,"Shape_Area":3.5847591115899999e-06}},{"type":"Feature","id":289,"geometry":{"type":"Polygon","coordinates":[[[76.954724294000073,28.412985395000081],[76.954870048000032,28.412614691000041],[76.957238764000067,28.41385898000004],[76.960021238000081,28.415383763000069],[76.963290870000037,28.41737794800002],[76.963139885000018,28.417747653000049],[76.959164184000016,28.415377055000075],[76.954724294000073,28.412985395000081]]]},"properties":{"FID":289,"OBJECTID":290,"Id":0,"Area":43429.2576663,"Name":" ","Density":" ","Code":500,"val":" ","Text_":"500","ClassText":"500 Public Utilities","Class":500,"CodeText":" ","Shape_Leng":0.020147875992500001,"Shape_Area":3.9988489802299999e-06}},{"type":"Feature","id":290,"geometry":{"type":"MultiPolygon","coordinates":[[[[76.932340965000037,28.400911163000046],[76.93285245900006,28.401166453000023],[76.933092442000031,28.401713293000043],[76.931342364000045,28.400837653000053],[76.931497949000075,28.40048277000006],[76.932340965000037,28.400911163000046]]],[[[76.939483362000033,28.404475695000052],[76.945132642000033,28.407444703000056],[76.944931573000076,28.407769518000066],[76.936007490000065,28.403171735000051],[76.933429042000057,28.401881705000044],[76.93318882300008,28.401334333000076],[76.939483362000033,28.404475695000052]]]]},"properties":{"FID":290,"OBJECTID":291,"Id":0,"Area":64731.515406999999,"Name":" ","Density":" ","Code":500,"val":" ","Text_":"500","ClassText":"500 Public Utilities","Class":500,"CodeText":" ","Shape_Leng":0.031777492670800003,"Shape_Area":5.9596301889400002e-06}},{"type":"Feature","id":291,"geometry":{"type":"Polygon","coordinates":[[[76.92010886100006,28.393749535000037],[76.920438404000038,28.393529646000044],[76.922832295000035,28.395043869000062],[76.924591820000046,28.396156776000044],[76.930969529000038,28.400190306000074],[76.930822158000055,28.400526452000058],[76.928414986000064,28.399162340000018],[76.92010886100006,28.393749535000037]]]},"properties":{"FID":291,"OBJECTID":292,"Id":0,"Area":58697.650652800003,"Name":"91","Density":" ","Code":500,"val":" ","Text_":"500","ClassText":"500 Public Utilities","Class":500,"CodeText":" ","Shape_Leng":0.025904855630000001,"Shape_Area":5.4036977315499996e-06}},{"type":"Feature","id":292,"geometry":{"type":"Polygon","coordinates":[[[76.916411458000084,28.391854272000035],[76.91983591900005,28.393253458000054],[76.919455886000037,28.393507037000056],[76.917019671000048,28.392546184000018],[76.91603204200004,28.392120241000043],[76.912383301000034,28.390546534000066],[76.91271258900008,28.390342827000023],[76.916411458000084,28.391854272000035]]]},"properties":{"FID":292,"OBJECTID":293,"Id":0,"Area":31197.671526400001,"Name":" ","Density":" ","Code":500,"val":"500","Text_":"500","ClassText":"500 Public Utilities","Class":500,"CodeText":" ","Shape_Leng":0.016207170540199999,"Shape_Area":2.8721837310500001e-06}},{"type":"Feature","id":293,"geometry":{"type":"Polygon","coordinates":[[[77.030422245000068,28.475553182000048],[77.031193789000042,28.476751212000075],[77.032100244000048,28.478722687000072],[77.030654528000056,28.479242430000053],[77.029603295000072,28.479570225000035],[77.029207438000071,28.479692181000075],[77.028298990000067,28.479801609000038],[77.027908083000057,28.47985143400005],[77.027900810000062,28.479852519000072],[77.027876162000041,28.479858667000034],[77.02712075400008,28.480109006000074],[77.026457035000078,28.480283248000045],[77.025783727000032,28.480460002000029],[77.025775448000047,28.480462404000026],[77.02513799300003,28.480665267000063],[77.025112533000083,28.480676073000051],[77.025107104000085,28.480679090000024],[77.024908475000075,28.480794661000054],[77.024833025000078,28.480446242000028],[77.024825010000029,28.480026162000048],[77.024815901000068,28.479548800000025],[77.024785911000038,28.47910994700004],[77.024799507000068,28.478689546000048],[77.024901001000046,28.478344236000058],[77.025064048000061,28.477826109000027],[77.025293745000056,28.477402489000045],[77.025461891000077,28.47715168500002],[77.025575125000046,28.477059080000053],[77.026675080000061,28.476159507000034],[77.027290829000037,28.475577328000032],[77.028014622000057,28.474993535000067],[77.028655617000084,28.474601974000048],[77.029149354000083,28.474422704000069],[77.029484961000037,28.474346214000029],[77.030422245000068,28.475553182000048]]]},"properties":{"FID":293,"OBJECTID":294,"Id":0,"Area":299168.48612800002,"Name":"6","Density":" ","Code":800,"val":" ","Text_":"800","ClassText":"800 Aggriculture Zone","Class":810,"CodeText":" ","Shape_Leng":0.021402591246999999,"Shape_Area":2.7561473813e-05}},{"type":"Feature","id":294,"geometry":{"type":"Polygon","coordinates":[[[76.88672227000005,28.31053185200005],[76.886936024000079,28.310338731000058],[76.887360576000049,28.310118926000026],[76.886426990000075,28.308584635000038],[76.889726801000052,28.304785595000052],[76.890803987000083,28.305286411000047],[76.891719859000034,28.305818103000021],[76.892797571000074,28.306347544000065],[76.893421658000079,28.306854619000031],[76.894367384000077,28.307242620000057],[76.895185684000054,28.307746989000055],[76.896132644000033,28.308201562000086],[76.892692478000072,28.315799777000041],[76.886489663000077,28.310742004000073],[76.88672227000005,28.31053185200005]]]},"properties":{"FID":294,"OBJECTID":295,"Id":0,"Area":648835.28094700002,"Name":"300","Density":" ","Code":300,"val":" ","Text_":"320,330,340","ClassText":"300 Industrial","Class":300,"CodeText":" ","Shape_Leng":0.031537579266200003,"Shape_Area":5.9689339520899999e-05}},{"type":"Feature","id":295,"geometry":{"type":"Polygon","coordinates":[[[76.86889657200004,28.377073767000066],[76.86689818800005,28.377406781000047],[76.864394042000072,28.377471630000063],[76.860733617000037,28.377613352000033],[76.859381417000051,28.37636349100006],[76.858512146000066,28.376054448000044],[76.858524091000049,28.375748666000042],[76.858521161000056,28.375580616000029],[76.859065117000043,28.375068923000065],[76.859212583000044,28.374608481000049],[76.858907747000046,28.373970840000027],[76.85832335200007,28.373153638000073],[76.858228998000072,28.372696494000028],[76.858416071000079,28.372525852000017],[76.858838305000063,28.371969978000035],[76.85931634800005,28.371642556000037],[76.859261066000045,28.371444657000044],[76.858909217000075,28.371082714000067],[76.858692358000042,28.370535558000018],[76.85819727300003,28.369885226000058],[76.857754013000047,28.369234187000067],[76.857310761000065,28.368583145000049],[76.856735964000052,28.367322656000052],[76.856252863000066,28.366366533000075],[76.855930799000078,28.365729116000068],[76.855788636000057,28.365501836000071],[76.855628404000072,28.365228961000057],[76.855134961000033,28.364670279000048],[76.854497769000034,28.363792652000019],[76.853704351000033,28.362871302000023],[76.853292772000046,28.362051724000015],[76.853471339000066,28.361392211000059],[76.854119675000049,28.360924964000048],[76.854614428000048,28.360566769000048],[76.854589985000089,28.360154515000033],[76.854305681000099,28.359699951000032],[76.853865678000034,28.359232225000028],[76.853091162000055,28.358402298000044],[76.853322652000031,28.358093607000065],[76.853556970000056,28.357908960000039],[76.85374429500007,28.357505283000016],[76.853837294000073,28.357265253000037],[76.853510651000079,28.357107335000027],[76.853019612000082,28.356808389000033],[76.853046021000083,28.356464207000045],[76.853457364000064,28.355904677000062],[76.853734522000067,28.355700344000066],[76.853936786000077,28.355535234000044],[76.854337825000073,28.355004493000017],[76.855573135000043,28.353402279000086],[76.855326742000045,28.353140124000046],[76.854880387000037,28.35230573900003],[76.856213337000042,28.351477703000054],[76.85783957700005,28.350630377000066],[76.858165834000033,28.350518963000056],[76.858090637000018,28.350168524000019],[76.860121982000052,28.348780816000044],[76.86217560800003,28.347683113000073],[76.862032394000025,28.347394729000019],[76.865178615000048,28.345563850000076],[76.86693856200003,28.344470095000073],[76.868196628000078,28.343322071000028],[76.867343615000038,28.342570420000072],[76.866952931000071,28.340971265000064],[76.86599403200006,28.339471570000054],[76.865178557000036,28.337282259000055],[76.864113719000045,28.335646465000025],[76.86646290100002,28.333688929000058],[76.862860561000048,28.32915386600007],[76.864389346000053,28.327815944000058],[76.864461943000038,28.327337419000063],[76.865546337000069,28.326081008000067],[76.865403532000073,28.32562930600006],[76.866954845000066,28.324844031000051],[76.869647746000041,28.322992529000025],[76.870801035000056,28.322594695000074],[76.873725285000035,28.320095276000075],[76.873256239000057,28.319504802000033],[76.876031073000021,28.317723687000065],[76.876132266000056,28.317340270000045],[76.878972808000071,28.314698637000049],[76.878585939000075,28.314178679000054],[76.882228738000038,28.312672010000021],[76.883835365000024,28.311981297000045],[76.884413168000037,28.312617986000078],[76.884725083000035,28.312336196000036],[76.891664605000074,28.318138265000062],[76.890469999000061,28.321003666000024],[76.888269286000082,28.325243157000042],[76.88630001000007,28.328393684000051],[76.885042094000084,28.330129584000073],[76.884984849000034,28.330215506000059],[76.884939376000034,28.330296210000036],[76.883058820000031,28.333932266000023],[76.883054763000075,28.333940177000045],[76.883012673000053,28.334031757000044],[76.882990415000052,28.33408981000002],[76.881955042000087,28.337005660000038],[76.881942877000029,28.337041661000047],[76.881916303000082,28.337137686000055],[76.881912669000045,28.33715375600007],[76.881471488000045,28.339167318000069],[76.88145654300007,28.33924873300003],[76.881455713000022,28.339254403000037],[76.881184004000033,28.341147540000069],[76.881179453000072,28.341182965000019],[76.880967136000038,28.34305579700003],[76.880717574000087,28.344757495000053],[76.88040176500003,28.346504827000039],[76.879802520000055,28.34860368000005],[76.878587804000063,28.351898908000059],[76.87724283200005,28.355222649000037],[76.877230817000054,28.355253506000054],[76.875684130000081,28.359386952000072],[76.872677257000063,28.367251531000079],[76.872654811000075,28.367315393000069],[76.87263564800007,28.367381350000073],[76.871956682000075,28.369988583000069],[76.87194925700004,28.370018651000066],[76.871935028000038,28.370088898000056],[76.871218874000064,28.374254064000066],[76.870784289000085,28.375799212000043],[76.869122108000056,28.380160065000041],[76.869203619000075,28.37783360000002],[76.86889657200004,28.377073767000066]]]},"properties":{"FID":295,"OBJECTID":296,"Id":0,"Area":12298727.466700001,"Name":" ","Density":" ","Code":800,"val":" ","Text_":"820","ClassText":"800 Aggriculture Zone","Class":820,"CodeText":" ","Shape_Leng":0.184265309017,"Shape_Area":0.0011318166459}},{"type":"Feature","id":296,"geometry":{"type":"Polygon","coordinates":[[[76.851737085000082,28.386701834000061],[76.849618638000038,28.385387002000066],[76.848867350000035,28.384841000000048],[76.849260333000089,28.384539035000042],[76.850963943000053,28.383140610000048],[76.850888212000029,28.382759615000051],[76.854415413000083,28.379915229000062],[76.855116738000063,28.379508378000022],[76.855970865000074,28.378946629000037],[76.856633107000036,28.378280526000015],[76.857711299000073,28.377254738000026],[76.858333420000079,28.377261536000052],[76.858681423000064,28.37740195800006],[76.859709610000039,28.37741085100004],[76.859715448000031,28.378488079000071],[76.861937260000047,28.378578964000035],[76.863745188000053,28.380196949000027],[76.86403451700005,28.380624423000022],[76.864203275000079,28.383357401000065],[76.86708653200003,28.383226232000023],[76.867171440000064,28.382155404000049],[76.867826528000094,28.382070020000072],[76.86782826700005,28.383154941000047],[76.867924635000065,28.383152508000009],[76.866977967000082,28.385513334000056],[76.866949860000048,28.385590729000061],[76.866099020000036,28.388200291000039],[76.86609734600006,28.38820546400007],[76.866070748000084,28.388301486000042],[76.866052148000051,28.388398969000033],[76.866042790000051,28.38848146100003],[76.865654513000038,28.393423348000049],[76.865191374000062,28.393114773000036],[76.865154555000061,28.393091871000038],[76.865104737000095,28.393065572000072],[76.861394106000034,28.391289609000065],[76.857878486000061,28.38956811100006],[76.855728509000073,28.388512109000022],[76.855707288000076,28.388502108000068],[76.855652646000067,28.388480040000051],[76.854730559000075,28.388149758000043],[76.854862868000055,28.387495069000057],[76.854846909000059,28.386578429000053],[76.854702386000042,28.385720842000058],[76.854688425000063,28.384918781000056],[76.854805685000031,28.384210438000032],[76.854790727000093,28.38335108800004],[76.854838887000071,28.382395370000026],[76.853583489000073,28.382240545000059],[76.853499774000056,28.382394494000028],[76.853550269000024,28.382814034000024],[76.853695110000046,28.38369072000005],[76.853916028000086,28.383974232000067],[76.854248573000064,28.384466338000042],[76.854141758000083,28.385476167000039],[76.853727669000079,28.385562198000049],[76.851893184000062,28.385644450000019],[76.851737085000082,28.386701834000061]]]},"properties":{"FID":296,"OBJECTID":297,"Id":0,"Area":1642618.6159999999,"Name":" ","Density":" ","Code":800,"val":" ","Text_":"800","ClassText":"800 Aggriculture Zone","Class":800,"CodeText":" ","Shape_Leng":0.068707309580100004,"Shape_Area":0.00015122244341500001}},{"type":"Feature","id":297,"geometry":{"type":"Polygon","coordinates":[[[76.844266244000039,28.410455795000068],[76.849786676000051,28.407881220000029],[76.851839394000081,28.406661404000026],[76.851969387000054,28.405192667000048],[76.853447065000069,28.403705590000065],[76.854667131000042,28.402313694000032],[76.855510048000042,28.400996150000019],[76.865806723000063,28.406198506000059],[76.865759696000055,28.412834206000085],[76.865460637000069,28.415399714000035],[76.865020340000058,28.417259245000025],[76.864249543000085,28.417627699000036],[76.862746282000032,28.418765691000036],[76.861816685000065,28.419351441000067],[76.860788873000061,28.419881223000051],[76.859791949000055,28.42032462200007],[76.858504905000075,28.420857930000057],[76.857256750000033,28.421763167000034],[76.856421802000042,28.422204332000025],[76.855492638000044,28.422818687000063],[76.85499718300008,28.424143417000039],[76.855006674000037,28.424687670000022],[76.855214578000073,28.425458432000028],[76.855453891000082,28.426171461000028],[76.854651305000061,28.426612175000049],[76.853672263000078,28.428086748000052],[76.852515208000057,28.428646883000059],[76.852041619000047,28.429369620000038],[76.85169714400007,28.430061947000066],[76.850639264000037,28.430735327000033],[76.849242407000077,28.432111545000055],[76.848945577000066,28.431089101000058],[76.847180473000051,28.427995762000023],[76.846762643000034,28.424838278000042],[76.845894160000057,28.42260376300003],[76.845001869000043,28.418994274000056],[76.842971968000029,28.416005066000025],[76.843771682000082,28.414331654000019],[76.844094778000056,28.413028396000076],[76.84428826900006,28.411726891000047],[76.844266244000039,28.410455795000068]]]},"properties":{"FID":297,"OBJECTID":298,"Id":0,"Area":4314579.7736799996,"Name":" ","Density":" ","Code":800,"val":" ","Text_":"800","ClassText":"800 Aggriculture Zone","Class":800,"CodeText":" ","Shape_Leng":0.084867151329899998,"Shape_Area":0.00039732200014499998}},{"type":"Feature","id":298,"geometry":{"type":"MultiPolygon","coordinates":[[[[77.050118552000072,28.369566494000019],[77.046761969000045,28.368133334000046],[77.047362900000053,28.367765935000083],[77.050118552000072,28.369566494000019]]],[[[77.061850395000079,28.354663347000049],[77.061249939000049,28.357004485000061],[77.057235241000058,28.369801348000063],[77.056470892000064,28.372237385000055],[77.055314084000017,28.371784584000064],[77.053333519000034,28.37093907100007],[77.053524538000033,28.370914206000052],[77.054696224000054,28.370580442000051],[77.055348097000035,28.370394745000059],[77.055732859000045,28.37028513700005],[77.055762765000054,28.370275525000061],[77.055628019000039,28.368047388000029],[77.055552882000029,28.366950271000068],[77.053740331000029,28.366738849000058],[77.051557174000038,28.354403573000067],[77.061850395000079,28.354663347000049]]]]},"properties":{"FID":298,"OBJECTID":299,"Id":0,"Area":1118671.43928,"Name":" ","Density":" ","Code":800,"val":" ","Text_":"800","ClassText":"800 Aggriculture Zone","Class":800,"CodeText":" ","Shape_Leng":0.059923917663099999,"Shape_Area":0.00010294447953}},{"type":"Feature","id":299,"geometry":{"type":"Polygon","coordinates":[[[77.127406608000058,28.410589072000036],[77.12708783100004,28.414589559000031],[77.125882865000051,28.427261735000066],[77.126415811000072,28.427110721000076],[77.126566353000044,28.430378579000038],[77.127323763000049,28.430438362000075],[77.127344515000047,28.432825458000025],[77.126857562000069,28.432785322000026],[77.127451974000053,28.438195472000078],[77.127510997000059,28.438971392000045],[77.12727177000005,28.438959702000023],[77.127032358000065,28.438945456000056],[77.126779425000052,28.438876715000049],[77.126559726000053,28.438760518000027],[77.126424839000038,28.438592942000074],[77.126267821000056,28.438060261000032],[77.126264736000053,28.438050126000064],[77.125855302000033,28.436744474000086],[77.125853416000041,28.43673856200007],[77.125838028000032,28.436696426000022],[77.125836465000077,28.436692609000026],[77.125759339000069,28.436506381000058],[77.125742434000074,28.436469037000034],[77.125720957000055,28.436429035000046],[77.125700948000016,28.436396887000047],[77.125625264000064,28.436282723000019],[77.125620882000078,28.436276197000026],[77.125593683000034,28.436239016000048],[77.125563791000062,28.436203484000028],[77.125531332000037,28.436169760000034],[77.125517222000042,28.436156402000055],[77.12530950200005,28.435965003000025],[77.125288731000083,28.435946584000067],[77.125251571000035,28.435916891000037],[77.125212293000075,28.435889409000037],[77.125171067000053,28.435864259000027],[77.125144658000067,28.435849911000055],[77.125053887000036,28.435802805000034],[77.124634779000075,28.428420880000029],[77.124038890000051,28.427201511000078],[77.123343965000061,28.426158068000053],[77.122757301000036,28.425342126000018],[77.122254200000043,28.42351642900007],[77.122283177000043,28.422370012000048],[77.122727110000071,28.421554601000018],[77.121503523000058,28.418877062000028],[77.121181606000036,28.419132641000036],[77.120668756000029,28.419415664000038],[77.12051690900006,28.419601385000075],[77.120315968000071,28.419925385000059],[77.120169600000054,28.420386052000019],[77.11991682200005,28.420710858000064],[77.119558552000072,28.420945632000041],[77.118683758000032,28.421280123000024],[77.117170169000076,28.421367468000032],[77.117299169000034,28.421152048000053],[77.11731925900007,28.421109787000034],[77.117325772000072,28.421089290000054],[77.117542078000028,28.420288524000053],[77.117547114000061,28.420265501000074],[77.117550417000075,28.420229703000064],[77.117562340000049,28.419524683000073],[77.11816060700005,28.416185115000069],[77.118380818000063,28.41490193300006],[77.118465325000045,28.414430001000017],[77.11848457900004,28.41432246000004],[77.118595021000047,28.413705684000021],[77.118598525000039,28.413659837000065],[77.118593462000021,28.413615359000055],[77.11858018900007,28.413572226000042],[77.118559068000081,28.413531611000057],[77.118530673000066,28.413494625000062],[77.11849578100005,28.413462275000033],[77.118455341000058,28.413435444000072],[77.118413718000056,28.413416523000013],[77.118408524000074,28.413414163000031],[77.11805800500008,28.413289608000063],[77.117731964000029,28.411535350000058],[77.11773090500003,28.411529997000056],[77.117722860000072,28.411500748000041],[77.11693518900006,28.409202386000054],[77.116929962000029,28.409188501000052],[77.116915216000052,28.409158411000071],[77.115643276000057,28.406941765000045],[77.116369266000049,28.406917100000033],[77.117891346000079,28.407418669000041],[77.11870590400008,28.407644737000048],[77.119895521000046,28.407721717000072],[77.120002544000059,28.407672302000034],[77.120376652000061,28.407475482000052],[77.120862535000057,28.407467914000041],[77.121193116000029,28.407797004000024],[77.121687564000069,28.408219038000027],[77.121967969000082,28.408739903000022],[77.12208546100004,28.409215558000025],[77.122149921000073,28.409739787000024],[77.122168006000038,28.410646730000042],[77.122442708000051,28.410881190000051],[77.122977834000039,28.410634104000042],[77.123136942000016,28.410488377000036],[77.12345801400005,28.410340124000065],[77.123780040000042,28.410239604000022],[77.124103970000078,28.410234551000027],[77.124539688000084,28.410418745000062],[77.124873148000077,28.410891025000076],[77.125154531000092,28.411459616000055],[77.125264415000061,28.411553399000073],[77.125857340000039,28.411496391000078],[77.126608414000046,28.411245919000066],[77.127406608000058,28.410589072000036]]]},"properties":{"FID":299,"OBJECTID":300,"Id":0,"Area":1629099.5473,"Name":" ","Density":" ","Code":800,"val":" ","Text_":"800","ClassText":"800 Aggriculture Zone","Class":800,"CodeText":" ","Shape_Leng":0.089034555776400001,"Shape_Area":0.00014998741083000001}},{"type":"Feature","id":300,"geometry":{"type":"Polygon","coordinates":[[[77.115160465000017,28.467644103000058],[77.115106101000038,28.467713422000013],[77.114852971000062,28.468036181000066],[77.114457031000029,28.468265243000072],[77.114650498000046,28.467371262000032],[77.114821387000063,28.467290781000031],[77.114855047000049,28.467273239000061],[77.114864160000081,28.467268130000029],[77.114961865000041,28.467212490000062],[77.115002900000036,28.467187411000062],[77.115096296000061,28.46712626700003],[77.115110772000037,28.467116553000032],[77.115135393000074,28.467098883000055],[77.115224087000058,28.467032493000037],[77.115260093000074,28.467003760000072],[77.11534469200005,28.466931567000064],[77.115379430000075,28.466899925000057],[77.115457606000064,28.466823913000031],[77.115474911000035,28.466806497000054],[77.115489944000061,28.466790334000034],[77.11556235200004,28.46670998300004],[77.115592132000074,28.466674633000011],[77.115659976000074,28.466588356000049],[77.115691358000035,28.466544681000073],[77.11640026300006,28.465469119000026],[77.117104424000047,28.464422074000023],[77.117111543000064,28.464411261000066],[77.117653994000079,28.463569606000068],[77.117661560000059,28.463557583000068],[77.117687181000065,28.463511852000067],[77.117904363000036,28.463084331000061],[77.118230974000085,28.462528826000032],[77.118704400000084,28.46187605700004],[77.119185406000042,28.461216341000075],[77.119435894000048,28.460887655000064],[77.119445036000045,28.460875375000054],[77.11997300700007,28.460149008000027],[77.119980695000038,28.460138210000011],[77.120129868000049,28.459924215000054],[77.120478377000026,28.459424255000041],[77.120487211000068,28.459411257000049],[77.120757327000035,28.459003573000068],[77.120769492000079,28.458984512000033],[77.120772874000068,28.458978943000027],[77.121195664000084,28.458275104000037],[77.121850848000051,28.457300118000049],[77.122376355000029,28.456535816000031],[77.122394918000055,28.456507276000014],[77.122414265000032,28.456473567000035],[77.122528847000055,28.456259299000067],[77.122543492000034,28.456230155000071],[77.122561828000073,28.456187149000066],[77.122672230000035,28.455898937000022],[77.122680392000063,28.455876332000052],[77.12269911900006,28.455808661000049],[77.122702610000047,28.455791236000028],[77.122766004000084,28.455448845000035],[77.122773266000095,28.455397255000033],[77.122775111000081,28.455373137000038],[77.12281301400003,28.454698543000056],[77.122885860000039,28.453341073000043],[77.12296305700005,28.451943994000036],[77.123045335000029,28.450665802000064],[77.12304634000003,28.450644036000025],[77.123088823000046,28.449120198000056],[77.123088995000046,28.449111957000056],[77.123111325000082,28.447527300000047],[77.123141212000064,28.445917166000068],[77.123172734000036,28.444250358000026],[77.123172839000063,28.444240543000042],[77.123174641000062,28.443519515000052],[77.123174523000046,28.443506074000027],[77.123172392000072,28.443466165000078],[77.123149529000045,28.443203252000046],[77.123091829000032,28.442539732000053],[77.123054576000072,28.442092161000062],[77.123040020000076,28.440965297000055],[77.123031893000061,28.440287673000054],[77.123030261000054,28.440251986000078],[77.12295325000008,28.439236147000027],[77.122951866000051,28.439220582000075],[77.122920373000056,28.43891206800004],[77.122894143000053,28.438123159000046],[77.12288413900005,28.437590501000031],[77.122893224000038,28.43748358900006],[77.12293461700007,28.437356756000039],[77.122989615000051,28.437251397000075],[77.123083394000062,28.437137236000073],[77.123165536000045,28.437065029000053],[77.123355208000078,28.436970408000029],[77.12371098800007,28.436889641000036],[77.124015550000095,28.436863819000042],[77.124145751000071,28.436900798000067],[77.124278081000057,28.436969472000037],[77.12434711500002,28.437033085000053],[77.124388166000074,28.437132212000044],[77.124787766000054,28.438406548000025],[77.124978751000071,28.439054482000071],[77.124983721000035,28.43907053200007],[77.124999108000068,28.439112670000039],[77.12501757800004,28.439153829000073],[77.125039056000048,28.439193829000025],[77.12506344600007,28.439232506000057],[77.125090646000046,28.439269687000024],[77.125095781000084,28.439276146000054],[77.125405236000063,28.439660599000035],[77.125429994000044,28.439689672000039],[77.125462454000058,28.439723398000069],[77.125497339000049,28.439755175000069],[77.125534500000072,28.439784868000061],[77.125573779000035,28.43981234700005],[77.125615007000093,28.439837498000035],[77.125635919000032,28.439848967000039],[77.12607280800006,28.440080037000026],[77.126094897000044,28.440091284000061],[77.126139488000035,28.440111462000051],[77.126185475000057,28.440129021000072],[77.126232662000064,28.440143882000019],[77.126240898000049,28.440146166000034],[77.126667329000043,28.440262056000055],[77.126707277000023,28.44027187600004],[77.126756257000082,28.440281164000051],[77.126805820000072,28.440287603000051],[77.126840883000057,28.440290408000067],[77.127305586000034,28.440318059000049],[77.127320455000074,28.440318815000062],[77.127370542000051,28.440319481000067],[77.127420574000055,28.440317249000021],[77.12747033200003,28.440312130000056],[77.127489359000023,28.440309050000049],[77.127631686000029,28.440312261000031],[77.127789383000035,28.442169655000036],[77.126355140000044,28.443385789000033],[77.125473261000081,28.443184703000032],[77.12469854000004,28.443614604000057],[77.123543114000029,28.450675530000069],[77.123186395000062,28.457831412000068],[77.121299382000075,28.459905977000055],[77.118428092000045,28.463062444000059],[77.118027802000029,28.463987836000058],[77.115160465000017,28.467644103000058]]]},"properties":{"FID":300,"OBJECTID":301,"Id":0,"Area":442964.41765399999,"Name":" ","Density":" ","Code":800,"val":" ","Text_":"850","ClassText":"800 Aggriculture Zone","Class":850,"CodeText":" ","Shape_Leng":0.074011300482699993,"Shape_Area":4.0793515301600002e-05}},{"type":"Feature","id":301,"geometry":{"type":"Polygon","coordinates":[[[76.907839828000093,28.42708582800002],[76.912696392000058,28.429517459000067],[76.917465355000047,28.43189003100002],[76.91661091800006,28.43210171600003],[76.91536908900008,28.432256726000041],[76.914077883000061,28.432549945000062],[76.91253073300004,28.433030116000054],[76.910116168000059,28.434301757000064],[76.908323721000045,28.435564636000027],[76.907196218000081,28.436313913000038],[76.905810277000043,28.437112644000013],[76.904058087000067,28.437733118000033],[76.902410392000036,28.43839795100007],[76.901995595000074,28.438403750000067],[76.898468718000061,28.441295208000039],[76.894675466000095,28.446711596000053],[76.893299091000074,28.448060176000077],[76.891570300000069,28.450009589000036],[76.891184005000071,28.451619432000022],[76.891194610000085,28.452215229000043],[76.891150911000068,28.452674258000055],[76.891108844000016,28.453224946000034],[76.891118633000076,28.453774915000061],[76.890775207000061,28.454879894000033],[76.890521627000055,28.455204314000074],[76.890420358000029,28.455343248000066],[76.890167590000033,28.455713497000019],[76.889597964000075,28.455767254000079],[76.88897566100006,28.455775898000056],[76.888303129000064,28.455876921000026],[76.88742234900009,28.45593498900007],[76.887214917000051,28.455937867000046],[76.886232043000064,28.456089025000029],[76.885721593000085,28.456554525000062],[76.885156837000068,28.456883249000043],[76.884280923000077,28.457216280000075],[76.883453613000029,28.457365265000075],[76.88262386100007,28.457376753000052],[76.881749558000081,28.457801432000053],[76.881648536000057,28.458124680000029],[76.883392580000091,28.463260490000032],[76.884658735000073,28.463051940000074],[76.884996006000051,28.463787422000053],[76.887338811000063,28.463349035000068],[76.887942826000071,28.463889799000061],[76.88850272600007,28.466966447000065],[76.887879762000068,28.466842427000067],[76.885413791000062,28.466366961000059],[76.882446897000079,28.465777073000019],[76.875778854000032,28.464451138000072],[76.87576781100006,28.464449025000082],[76.870887680000052,28.463552395000079],[76.870158158000038,28.46341840000002],[76.870118809000061,28.463412219000073],[76.870094897000058,28.463409469000041],[76.869605105000062,28.463360810000029],[76.869574653000029,28.463358388000071],[76.868972255000088,28.463322352000045],[76.868952313000094,28.463321415000046],[76.868877696000084,28.463322441000056],[76.86883216300005,28.463327452000048],[76.866206723000062,28.461054879000066],[76.865848922000055,28.461114976000037],[76.86273252400008,28.460890283000023],[76.859064747000048,28.46012944000006],[76.860725494000064,28.451012073000072],[76.86195594600008,28.445445378000034],[76.863871203000016,28.437200111000031],[76.86454029600003,28.436903574000038],[76.86701576600008,28.435806431000064],[76.907839828000093,28.42708582800002]]]},"properties":{"FID":301,"OBJECTID":302,"Id":0,"Area":11793163.090700001,"Name":" ","Density":" ","Code":800,"val":" ","Text_":"800","ClassText":"800 Aggriculture Zone","Class":800,"CodeText":" ","Shape_Leng":0.17186683402399999,"Shape_Area":0.00108633390244}},{"type":"Feature","id":302,"geometry":{"type":"Polygon","coordinates":[[[76.895589076000078,28.457838312000035],[76.891645605000065,28.457893217000034],[76.891581809000058,28.457344956000036],[76.890851266000084,28.457283486000058],[76.890700071000083,28.456378300000047],[76.886362094000049,28.457035433000044],[76.885812684000044,28.458045848000026],[76.881648536000057,28.458124680000029],[76.881749558000081,28.457801432000053],[76.88262386100007,28.457376753000052],[76.883453613000029,28.457365265000075],[76.884280923000077,28.457216280000075],[76.885156837000068,28.456883249000043],[76.885721593000085,28.456554525000062],[76.886232043000064,28.456089025000029],[76.887214917000051,28.455937867000046],[76.88742234900009,28.45593498900007],[76.888303129000064,28.455876921000026],[76.88897566100006,28.455775898000056],[76.889597964000075,28.455767254000079],[76.890167590000033,28.455713497000019],[76.890420358000029,28.455343248000066],[76.890521627000055,28.455204314000074],[76.890775207000061,28.454879894000033],[76.891118633000076,28.453774915000061],[76.891108844000016,28.453224946000034],[76.891150911000068,28.452674258000055],[76.891194610000085,28.452215229000043],[76.891184005000071,28.451619432000022],[76.891570300000069,28.450009589000036],[76.893299091000074,28.448060176000077],[76.894675466000095,28.446711596000053],[76.898468718000061,28.441295208000039],[76.901995595000074,28.438403750000067],[76.902410392000036,28.43839795100007],[76.904058087000067,28.437733118000033],[76.905810277000043,28.437112644000013],[76.907196218000081,28.436313913000038],[76.908323721000045,28.435564636000027],[76.910116168000059,28.434301757000064],[76.91253073300004,28.433030116000054],[76.914077883000061,28.432549945000062],[76.91536908900008,28.432256726000041],[76.91661091800006,28.43210171600003],[76.917465355000047,28.43189003100002],[76.91880838200008,28.432558141000069],[76.917991982000046,28.433915927000037],[76.917284305000067,28.434934419000058],[76.916463833000066,28.435450235000076],[76.915958570000043,28.436190817000071],[76.916021981000029,28.436831710000032],[76.916237636000062,28.437287089000044],[76.916348768000034,28.437698100000031],[76.916408878000084,28.438155669000029],[76.91606080300005,28.438985724000073],[76.91529214500008,28.439500804000033],[76.914879823000035,28.439644133000051],[76.914056829000046,28.440022447000036],[76.91338937900008,28.440398568000028],[76.911904681000067,28.441473800000029],[76.911573869000051,28.443266275000045],[76.911480881000031,28.443863526000026],[76.91036649800003,28.445346113000024],[76.908238059000041,28.448126493000064],[76.906308710000076,28.450445633000076],[76.904984300000095,28.451793598000044],[76.902981615000044,28.452921834000044],[76.902112361000036,28.453621621000021],[76.901668616000052,28.454911396000053],[76.900067585000045,28.455300506000068],[76.898573537000061,28.455871473000062],[76.897081924000076,28.456579913000034],[76.895589076000078,28.457838312000035]]]},"properties":{"FID":302,"OBJECTID":303,"Id":0,"Area":3391098.7732500001,"Name":" ","Density":" ","Code":1000,"val":" ","Text_":"1000","ClassText":"1000 Natural Conservation Zone Hubs)","Class":1000,"CodeText":" ","Shape_Leng":0.102093301572,"Shape_Area":0.00031235461302700002}},{"type":"Feature","id":303,"geometry":{"type":"MultiPolygon","coordinates":[[[[76.876855173000081,28.423916470000044],[76.88605657800008,28.426124934000025],[76.878255576000072,28.42962463800006],[76.876504874000034,28.43042091300002],[76.873648324000044,28.431607389000074],[76.871290269000042,28.432586749000052],[76.871280101000096,28.432591062000018],[76.867596051000078,28.434186608000047],[76.867590357000026,28.434189102000069],[76.864224014000058,28.43568110700005],[76.864401066000084,28.434918810000045],[76.867016011000032,28.424159970000051],[76.867252313000051,28.423175998000019],[76.868451912000069,28.422555458000026],[76.869012267000087,28.422034224000068],[76.876855173000081,28.423916470000044]]],[[[76.898467382000035,28.429089112000039],[76.86701576600008,28.435806431000064],[76.868205181000064,28.435279251000058],[76.871881410000071,28.433687089000035],[76.874234328000071,28.432709860000038],[76.877102138000055,28.431518702000055],[76.877124351000077,28.43150904100002],[76.878882838000038,28.430709217000064],[76.887358027000047,28.426907008000043],[76.88805024800007,28.426601581000046],[76.898467382000035,28.429089112000039]]]]},"properties":{"FID":303,"OBJECTID":304,"Id":0,"Area":1476682.86934,"Name":"H6","Density":" ","Code":1100,"val":" ","Text_":"H6","ClassText":"H6 World Trade Hub","Class":1100,"CodeText":" ","Shape_Leng":0.12217779855700001,"Shape_Area":0.00020913248552399999}},{"type":"Feature","id":304,"geometry":{"type":"Polygon","coordinates":[[[76.855982448000077,28.400443094000032],[76.856531424000082,28.399216825000053],[76.857422827000065,28.39682084400004],[76.858169900000064,28.39506862700005],[76.858352427000057,28.393645009000068],[76.858241572000054,28.393233935000062],[76.85735888300006,28.393154291000034],[76.854714809000029,28.393144477000078],[76.852903985000069,28.393352493000059],[76.851451973000053,28.393326394000038],[76.850192150000055,28.392426655000062],[76.849194673000056,28.391706713000076],[76.848516133000032,28.391440864000053],[76.847058581000056,28.39109389400004],[76.84621979800005,28.390555148000033],[76.844279695000068,28.392277621000055],[76.842606206000099,28.393983408000054],[76.841681595000068,28.394925829000048],[76.839497226000049,28.397522559000041],[76.836898880000021,28.400170685000031],[76.835304698000073,28.400925668000074],[76.834142260000093,28.399657720000043],[76.832458375000044,28.398213408000064],[76.831504901000073,28.397034310000031],[76.83139966400006,28.396944039000054],[76.833337698000037,28.395084239000024],[76.835045448000074,28.391898064000038],[76.836107750000068,28.390751114000057],[76.837539207000077,28.389205542000067],[76.839277604000074,28.387806789000024],[76.841347506000034,28.387595454000056],[76.842590552000061,28.387532803000049],[76.844178755000016,28.388443454000026],[76.847812812000029,28.38565128100003],[76.848764321000033,28.38634279800004],[76.848805939000044,28.386370775000035],[76.851418239000068,28.387992117000049],[76.851436184000079,28.388002884000063],[76.851474750000079,28.388023686000043],[76.853364716000044,28.388969226000022],[76.853390631000082,28.388981552000068],[76.853445272000044,28.389003623000043],[76.855096495000055,28.389595081000028],[76.857210431000055,28.39063338000005],[76.860729605000074,28.392356622000079],[76.860735395000063,28.392359425000045],[76.864403682000045,28.394115126000028],[76.865540640000049,28.394872638000038],[76.855982448000077,28.400443094000032]]]},"properties":{"FID":304,"OBJECTID":305,"Id":0,"Area":2018197.9808,"Name":" ","Density":" ","Code":800,"val":" ","Text_":"800","ClassText":"800 Aggriculture Zone","Class":800,"CodeText":" ","Shape_Leng":0.094276192719400007,"Shape_Area":0.00018581435203499999}},{"type":"Feature","id":305,"geometry":{"type":"Polygon","coordinates":[[[77.099134715000048,28.501354629000048],[77.099524348000045,28.50117614100002],[77.106378818000053,28.498413446000029],[77.107370337000063,28.500369565000021],[77.107371894000039,28.500373628000034],[77.107394107000061,28.500416460000061],[77.103809643000048,28.502175774000076],[77.100828550000074,28.503397542000073],[77.099134715000048,28.501354629000048]]]},"properties":{"FID":305,"OBJECTID":306,"Id":0,"Area":200620.757189,"Name":" ","Density":" ","Code":900,"val":" ","Text_":"900","ClassText":"900 Special Zone","Class":900,"CodeText":" ","Shape_Leng":0.019932977754500002,"Shape_Area":1.8485394381099999e-05}},{"type":"Feature","id":306,"geometry":{"type":"Polygon","coordinates":[[[77.098533571000075,28.501630007000074],[77.097983291000048,28.501882080000026],[77.097384457000032,28.500287701000037],[77.097399214000063,28.500311292000049],[77.098533571000075,28.501630007000074]]]},"properties":{"FID":306,"OBJECTID":307,"Id":0,"Area":5540.4432940999995,"Name":"24","Density":"250","Code":100,"val":"250/100","Text_":"100/250","ClassText":"100 Residential (Group Housing/Plotted)","Class":100,"CodeText":" ","Shape_Leng":0.0040756979036800003,"Shape_Area":5.1050221015999997e-07}},{"type":"Feature","id":307,"geometry":{"type":"Polygon","coordinates":[[[77.100255939000078,28.503632210000035],[77.099263945000089,28.504038741000052],[77.098656941000058,28.505355346000037],[77.098346426000035,28.505787464000033],[77.09780526600008,28.506540530000052],[77.09752459300006,28.507208295000069],[77.097247722000077,28.507866997000058],[77.098041088000059,28.510646290000068],[77.094292635000045,28.512428527000065],[77.09429573400007,28.512149552000043],[77.094421127000032,28.511688212000013],[77.09479252400007,28.510981061000042],[77.095651688000018,28.509507165000056],[77.095667296000059,28.509479533000032],[77.096008704000042,28.508855451000041],[77.09601337900007,28.508846821000066],[77.096054896000069,28.508761028000031],[77.096071423000055,28.508720801000035],[77.096315625000045,28.508092094000066],[77.096333064000063,28.508043973000039],[77.096359269000061,28.507953589000071],[77.096377565000068,28.507861695000024],[77.096382461000076,28.507821754000069],[77.09646179300006,28.507348698000058],[77.096491581000066,28.506701031000016],[77.096417922000057,28.506186133000025],[77.096314088000042,28.505630619000041],[77.09631246400005,28.505622109000051],[77.096290545000045,28.50553083800002],[77.096265769000055,28.50545468700005],[77.096089787000039,28.504973379000038],[77.096084801000075,28.504960007000072],[77.09604736600005,28.504872760000065],[77.096002483000063,28.504788302000062],[77.095975206000048,28.504743976000043],[77.095524454000042,28.504046342000034],[77.095499659000041,28.504009489000047],[77.095443691000057,28.503935697000031],[77.094913063000035,28.503288434000066],[77.097983291000048,28.501882080000026],[77.098533571000075,28.501630007000074],[77.100255939000078,28.503632210000035]]]},"properties":{"FID":307,"OBJECTID":308,"Id":0,"Area":254865.760889,"Name":" ","Density":" ","Code":900,"val":" ","Text_":"900","ClassText":"900 Special Zone","Class":900,"CodeText":" ","Shape_Leng":0.029161547617099999,"Shape_Area":2.3484656135699999e-05}},{"type":"Feature","id":308,"geometry":{"type":"Polygon","coordinates":[[[77.112926235000032,28.471058496000069],[77.111202154000068,28.472941162000037],[77.111171447000061,28.472875508000069],[77.111159927000088,28.472852136000025],[77.11113793800007,28.472813098000078],[77.110572000000047,28.471884595000056],[77.110125120000063,28.471088920000057],[77.110059506000084,28.47075626100008],[77.11006061300003,28.47000539600003],[77.110060494000038,28.469992631000018],[77.110047136000048,28.469320541000041],[77.110041695000064,28.469251043000043],[77.110028197000076,28.46918240400003],[77.110006783000074,28.469115359000057],[77.109977682000064,28.469050613000029],[77.109966407000059,28.469029807000027],[77.10976927900002,28.468681437000043],[77.109744075000037,28.468640484000044],[77.109700601000043,28.468582366000078],[77.109688819000041,28.468568624000053],[77.109370388000059,28.468206857000041],[77.109332167000048,28.468166741000054],[77.109285708000058,28.468125379000085],[77.109227039000089,28.468074936000047],[77.109515315000053,28.467865572000054],[77.109737920000057,28.467710905000029],[77.109966596000049,28.467566119000026],[77.11017119800006,28.46748257500008],[77.110329766000064,28.46744941400004],[77.110557376000031,28.467436293000038],[77.11129397600007,28.467476248000015],[77.112156283000047,28.467527271000041],[77.113135430000042,28.467581488000061],[77.113174403000087,28.467582717000028],[77.113660799000058,28.467587093000077],[77.113701772000084,28.46758649100008],[77.113749797000082,28.467583311000052],[77.113992497000083,28.46756043900006],[77.114022956000042,28.467557021000051],[77.114098245000037,28.467543779000042],[77.11421196700006,28.467518477000041],[77.114258924000069,28.467506549000067],[77.114369555000053,28.467475038000032],[77.114398898000047,28.467466095000066],[77.114416522000042,28.467460151000068],[77.11452459700007,28.467422340000041],[77.114570331000039,28.467404794000057],[77.114650498000046,28.467371262000032],[77.114457031000029,28.468265243000072],[77.112435724000079,28.469434588000059],[77.112445016000038,28.470580408000043],[77.112926235000032,28.471058496000069]]]},"properties":{"FID":308,"OBJECTID":309,"Id":0,"Area":158656.265721,"Name":" ","Density":" ","Code":1000,"val":" ","Text_":"1000","ClassText":"1000 Natural Conservation Zone Hubs)","Class":1000,"CodeText":" ","Shape_Leng":0.018701921793500002,"Shape_Area":1.4614173293300001e-05}},{"type":"Feature","id":309,"geometry":{"type":"MultiPolygon","coordinates":[[[[77.113160164000078,28.471290904000057],[77.111498713000046,28.473575209000046],[77.111202154000068,28.472941162000037],[77.112926235000032,28.471058496000069],[77.113160164000078,28.471290904000057]]],[[[77.110162174000038,28.474394972000034],[77.110045443000047,28.475017918000049],[77.109836654000063,28.475860240000024],[77.105675560000066,28.48158049400006],[77.105142429000068,28.482040814000069],[77.105128557000057,28.482039426000025],[77.104380590000062,28.481994964000023],[77.105107637000046,28.481283699000063],[77.110148896000055,28.47432436400004],[77.110162174000038,28.474394972000034]]],[[[77.104816221000078,28.482292133000048],[77.095924460000035,28.489141789000019],[77.094306092000068,28.49038910300003],[77.092997042000036,28.491975426000064],[77.09300608500007,28.492433675000022],[77.095190491000039,28.495761512000058],[77.095954773000059,28.497239479000026],[77.098352497000064,28.500411170000067],[77.099134715000048,28.501354629000048],[77.100828550000074,28.503397542000073],[77.100255939000078,28.503632210000035],[77.098533571000075,28.501630007000074],[77.097399214000063,28.500311292000049],[77.097384457000032,28.500287701000037],[77.092775427000063,28.492688434000058],[77.092599730000074,28.491561357000023],[77.093308923000052,28.490251671000063],[77.09544070100003,28.488729063000054],[77.097821182000075,28.486667798000035],[77.100040777000061,28.485220162000065],[77.101830370000073,28.483893738000063],[77.103877726000064,28.48248690400003],[77.104119182000019,28.482250694000058],[77.104816221000078,28.482292133000048]]]]},"properties":{"FID":309,"OBJECTID":310,"Id":0,"Area":255753.95936800001,"Name":" ","Density":" ","Code":800,"val":" ","Text_":"800","ClassText":"800 Aggriculture Zone","Class":800,"CodeText":" ","Shape_Leng":0.086126021637199998,"Shape_Area":2.3561137584200001e-05}},{"type":"Feature","id":310,"geometry":{"type":"Polygon","coordinates":[[[77.119293649000056,28.458534443000076],[77.119170113000052,28.458720889000059],[77.118680687000051,28.459422988000028],[77.118161116000067,28.460137786000065],[77.117910915000039,28.460466085000053],[77.11790235200003,28.460477571000073],[77.117415894000018,28.461144755000074],[77.117065878000062,28.461627359000026],[77.11421677800007,28.459893878000052],[77.116362329000069,28.456938299000054],[77.119293649000056,28.458534443000076]]]},"properties":{"FID":310,"OBJECTID":311,"Id":0,"Area":134873.887112,"Name":" ","Density":" ","Code":600,"val":" ","Text_":"650","ClassText":"600 Public and Semi Public Use","Class":600,"CodeText":" ","Shape_Leng":0.014137118027499999,"Shape_Area":1.2422331089200001e-05}},{"type":"Feature","id":311,"geometry":{"type":"Polygon","coordinates":[[[77.115017465000051,28.439636863000025],[77.116020258000063,28.437399524000053],[77.115713054000082,28.432820436000046],[77.115805636000061,28.431395740000021],[77.115814439000076,28.431260287000043],[77.115823186000057,28.431125661000056],[77.115971427000034,28.428844453000064],[77.116731691000041,28.429450940000034],[77.116957121000041,28.429720173000074],[77.117471399000067,28.430401924000023],[77.117969959000064,28.431236984000058],[77.117986899000059,28.431263860000048],[77.118731866000076,28.432384974000051],[77.119338637000055,28.433343320000045],[77.119361916000059,28.433377662000048],[77.120020141000055,28.434286565000033],[77.120026285000051,28.434294912000041],[77.120035204000033,28.434306573000072],[77.121284470000049,28.435903656000047],[77.121725271000059,28.436487291000041],[77.121706602000074,28.436510014000081],[77.121672970000077,28.436554565000044],[77.121635364000042,28.436615789000033],[77.121630951000057,28.436624096000052],[77.121520128000043,28.436836395000039],[77.12149426100008,28.436892405000041],[77.121479696000065,28.436932335000044],[77.12140028400006,28.437175658000058],[77.121392207000042,28.437202456000023],[77.121377447000043,28.437270890000029],[77.121372439000083,28.437312526000014],[77.121354804000077,28.437520031000066],[77.121353092000035,28.437547808000026],[77.121352760000036,28.437581939000033],[77.121363421000069,28.438149978000052],[77.121363645000031,28.438158624000039],[77.121390689000066,28.438972314000075],[77.121392186000037,28.438999191000054],[77.121393454000042,28.439013242000037],[77.121426232000033,28.439334403000029],[77.121501199000079,28.44032344000005],[77.121508791000053,28.440958021000014],[77.115017465000051,28.439636863000025]]]},"properties":{"FID":311,"OBJECTID":312,"Id":0,"Area":501237.29648000002,"Name":" ","Density":" ","Code":1000,"val":" ","Text_":"1000","ClassText":"1000 Natural Conservation Zone Hubs)","Class":1000,"CodeText":" ","Shape_Leng":0.031817621103200001,"Shape_Area":4.6155313558799999e-05}},{"type":"Feature","id":312,"geometry":{"type":"Polygon","coordinates":[[[77.127406608000058,28.410589072000036],[77.126608414000046,28.411245919000066],[77.125857340000039,28.411496391000078],[77.125264415000061,28.411553399000073],[77.125154531000092,28.411459616000055],[77.124873148000077,28.410891025000076],[77.124539688000084,28.410418745000062],[77.124103970000078,28.410234551000027],[77.123780040000042,28.410239604000022],[77.12345801400005,28.410340124000065],[77.123136942000016,28.410488377000036],[77.122977834000039,28.410634104000042],[77.122442708000051,28.410881190000051],[77.122168006000038,28.410646730000042],[77.122149921000073,28.409739787000024],[77.12208546100004,28.409215558000025],[77.121967969000082,28.408739903000022],[77.121687564000069,28.408219038000027],[77.121193116000029,28.407797004000024],[77.120862535000057,28.407467914000041],[77.120376652000061,28.407475482000052],[77.120002544000059,28.407672302000034],[77.119895521000046,28.407721717000072],[77.11870590400008,28.407644737000048],[77.117891346000079,28.407418669000041],[77.116369266000049,28.406917100000033],[77.115643276000057,28.406941765000045],[77.114212996000049,28.404449041000071],[77.11261328900008,28.401660870000072],[77.112606917000065,28.401650345000057],[77.112590803000046,28.401627765000061],[77.113189378000087,28.401475855000051],[77.11347534600003,28.401403277000043],[77.114034515000071,28.401824335000065],[77.11478803200005,28.402242374000025],[77.115662582000084,28.402228788000048],[77.116505879000044,28.402272980000067],[77.117128137000066,28.402607099000075],[77.117723137000041,28.403199480000069],[77.118120376000036,28.40362304000007],[77.118652883000053,28.404330986000051],[77.119700812000076,28.404887660000043],[77.119965076000071,28.405141390000033],[77.123044552000053,28.405208003000034],[77.12537216100003,28.404942498000008],[77.127483892000043,28.405224658000069],[77.127708924000032,28.406486479000019],[77.127593040000079,28.407443260000033],[77.127541163000046,28.408900401000036],[77.127406608000058,28.410589072000036]]]},"properties":{"FID":312,"OBJECTID":313,"Id":0,"Area":667401.54217599996,"Name":" ","Density":" ","Code":1000,"val":" ","Text_":"1000","ClassText":"1000 Natural Conservation Zone Hubs)","Class":1000,"CodeText":" ","Shape_Leng":0.0432970112765,"Shape_Area":6.1439412335500006e-05}},{"type":"Feature","id":313,"geometry":{"type":"MultiPolygon","coordinates":[[[[77.074877319000038,28.379135274000085],[77.086262608000084,28.384942624000072],[77.08625599700008,28.384952392000059],[77.086246937000055,28.384967280000065],[77.085478465000051,28.386268560000076],[77.058597193000097,28.373072636000074],[77.058536845000049,28.373046009000067],[77.057602299000052,28.372680228000036],[77.058078916000056,28.371161179000065],[77.074877319000038,28.379135274000085]]],[[[77.107016177000048,28.395524295000033],[77.11013468000003,28.398417663000021],[77.103296955000076,28.395135037000031],[77.096145325000052,28.39163257500007],[77.086747374000083,28.387043284000061],[77.087588559000039,28.385618852000047],[77.107016177000048,28.395524295000033]]]]},"properties":{"FID":313,"OBJECTID":314,"Id":0,"Area":925153.85575999995,"Name":" ","Density":" ","Code":600,"val":" ","Text_":"600","ClassText":"600 Public and Semi Public Use","Class":600,"CodeText":" ","Shape_Leng":0.11924554918999999,"Shape_Area":8.5145626653899994e-05}},{"type":"Feature","id":314,"geometry":{"type":"Polygon","coordinates":[[[77.108886705000032,28.38892642900004],[77.11099760500008,28.390818966000044],[77.10985658500006,28.393403629000026],[77.110060260000054,28.397075931000071],[77.11013468000003,28.398417663000021],[77.107016177000048,28.395524295000033],[77.105638026000065,28.394048018000021],[77.106335055000045,28.393798496000041],[77.107026413000085,28.393262562000068],[77.107018858000075,28.392880688000034],[77.10689201200006,28.391927670000026],[77.105844691000073,28.390845640000066],[77.105235827000072,28.390091068000061],[77.104909123000084,28.389952869000073],[77.103980171000046,28.389394234000058],[77.103437559000042,28.389259367000079],[77.10338358100006,28.38926020000001],[77.098124164000069,28.368952402000044],[77.099157533000039,28.368678255000074],[77.107520773000047,28.372304461000045],[77.106936357000052,28.379422083000055],[77.108436253000036,28.379261361000022],[77.108886705000032,28.38892642900004]]]},"properties":{"FID":314,"OBJECTID":315,"Id":0,"Area":1778602.6768799999,"Name":" ","Density":" ","Code":1000,"val":" ","Text_":"1000","ClassText":"1000 Natural Conservation Zone Hubs)","Class":1000,"CodeText":" ","Shape_Leng":0.073929550730400001,"Shape_Area":0.00016369542022599999}},{"type":"Feature","id":315,"geometry":{"type":"Polygon","coordinates":[[[76.991681129000085,28.367101611000066],[76.99174285600003,28.368093928000064],[76.99167398000003,28.369030857000038],[76.991281271000048,28.369972515000025],[76.991146196000045,28.370834008000017],[76.990732955000055,28.37183326700006],[76.990236916000057,28.373024738000019],[76.989356167000039,28.374431930000071],[76.989350971000079,28.375310626000051],[76.988604942000052,28.377196269000027],[76.985797663000099,28.375282982000048],[76.985786387000076,28.375267491000042],[76.985871623000037,28.37518962300004],[76.986915735000082,28.373871607000062],[76.988992343000049,28.371740266000067],[76.990002967000052,28.370350280000018],[76.990947567000021,28.36773882500006],[76.98863513600007,28.361851453000035],[76.987870797000085,28.360861555000035],[76.98839974200007,28.360539515000017],[76.988507877000075,28.360473679000059],[76.988523109000084,28.360463784000039],[76.988548019000049,28.360444952000019],[76.988558856000054,28.360435380000059],[76.988585339000053,28.360408177000082],[76.988596716000075,28.360393878000025],[76.988614247000044,28.360368166000054],[76.989923468000029,28.363173497000044],[76.990213974000085,28.363737063000031],[76.990710605000061,28.363696814000033],[76.991389260000062,28.365348636000068],[76.991402812000047,28.366074254000079],[76.99163956700005,28.366032595000039],[76.991681129000085,28.367101611000066]]]},"properties":{"FID":315,"OBJECTID":316,"Id":0,"Area":271911.13220400002,"Name":" ","Density":" ","Code":700,"val":" ","Text_":"700","ClassText":"700 Open Spaces","Class":700,"CodeText":" ","Shape_Leng":0.039972044213500001,"Shape_Area":2.5026241655100001e-05}},{"type":"Feature","id":316,"geometry":{"type":"MultiPolygon","coordinates":[[[[76.990947806000065,28.355201733000058],[76.988280648000057,28.359653349000045],[76.988138811000056,28.359557976000069],[76.984815231000084,28.357323016000063],[76.984734580000065,28.357226533000066],[76.984263136000038,28.35666253800002],[76.984522306000045,28.35608575000003],[76.983415480000076,28.354621571000038],[76.983771927000078,28.35347035400002],[76.985619152000083,28.354111978000045],[76.987609615000054,28.353748712000016],[76.990947806000065,28.355201733000058]]],[[[76.997356158000073,28.376102653000022],[76.996587790000035,28.376580000000043],[76.996222544000034,28.376680854000018],[76.996005212000043,28.37660763600006],[76.995781801000078,28.376209802000055],[76.995320540000066,28.375796348000041],[76.99510213800005,28.375665845000071],[76.994931207000036,28.375763849000059],[76.994478526000094,28.375808676000069],[76.994388595000032,28.375618989000021],[76.994032794000063,28.375070285000039],[76.993701801000029,28.374693122000046],[76.99324912500002,28.37473794400006],[76.992770937000046,28.374573036000069],[76.992503291000062,28.374118541000026],[76.992147504000059,28.37356983100004],[76.99179636000008,28.373269358000069],[76.991231462000016,28.373086610000037],[76.990895850000072,28.372461200000036],[76.990732955000055,28.37183326700006],[76.991146196000045,28.370834008000017],[76.991281271000048,28.369972515000025],[76.99167398000003,28.369030857000038],[76.99174285600003,28.368093928000064],[76.991681129000085,28.367101611000066],[76.99163956700005,28.366032595000039],[76.991402812000047,28.366074254000079],[76.991389260000062,28.365348636000068],[76.990710605000061,28.363696814000033],[76.990213974000085,28.363737063000031],[76.989923468000029,28.363173497000044],[76.988614247000044,28.360368166000054],[76.988614301000041,28.360368083000019],[76.991969697000044,28.354767693000042],[76.993587344000048,28.355213008000081],[76.994122469000047,28.355836110000045],[76.994927424000068,28.357314164000055],[76.99484480600006,28.358750471000072],[76.995113779000064,28.359579325000023],[76.994911482000077,28.360308102000019],[76.994777359000068,28.36237290900004],[76.994849111000065,28.363899893000038],[76.995041819000051,28.364966695000074],[76.995579940000084,28.36602843900004],[76.996048880000046,28.368008012000058],[76.99664236600006,28.369718350000024],[76.997436021000055,28.370585337000023],[76.997342264000039,28.372496748000049],[76.997662408000053,28.373447075000055],[76.997805547000041,28.374170788000072],[76.997614699000053,28.375510613000067],[76.997356158000073,28.376102653000022]]]]},"properties":{"FID":316,"OBJECTID":317,"Id":0,"Area":1394315.7230199999,"Name":" ","Density":" ","Code":800,"val":" ","Text_":"850","ClassText":"800 Aggriculture Zone","Class":850,"CodeText":" ","Shape_Leng":0.074216406803600005,"Shape_Area":0.000128323031266}},{"type":"Feature","id":317,"geometry":{"type":"Polygon","coordinates":[[[76.941265357000077,28.338113188000079],[76.942782719000036,28.338033223000011],[76.943031766000047,28.33880895500004],[76.943464126000038,28.338840997000041],[76.943728689000068,28.339142839000029],[76.944285682000043,28.338905689000065],[76.944851023000069,28.339126838000013],[76.945327943000052,28.339234639000043],[76.94546927500005,28.339882050000021],[76.94577492600007,28.340068696000063],[76.946427307000064,28.340326797000042],[76.947466800000043,28.340502965000042],[76.948332234000077,28.340605206000081],[76.949806894000062,28.340966145000031],[76.952717264000043,28.34191773800006],[76.955884815000061,28.345119460000028],[76.958145007000041,28.345927450000033],[76.964090079000073,28.359250585000037],[76.966908294000078,28.35976365200003],[76.96654649900006,28.360737157000084],[76.96654460600007,28.360742463000062],[76.966542577000027,28.36074852600008],[76.96611568000003,28.362080617000075],[76.965920646000015,28.362087354000035],[76.964553386000034,28.361128162000064],[76.958346956000071,28.361217475000036],[76.958405734000053,28.355810955000042],[76.958407185000056,28.355677422000038],[76.957932701000061,28.354824709000074],[76.955479902000036,28.353141285000046],[76.955477978000033,28.353143802000034],[76.955359199000043,28.353058497000063],[76.955148175000033,28.352913611000073],[76.952821347000054,28.351316644000065],[76.952480525000055,28.350390366000045],[76.950372009000034,28.350205662000054],[76.947347833000038,28.348649205000076],[76.945037867000053,28.347774891000022],[76.939912722000045,28.346242256000039],[76.939752783000074,28.344914473000067],[76.939633857000047,28.343725890000037],[76.93965148500007,28.342635270000066],[76.939651624000078,28.342618514000041],[76.939652705000071,28.34085566300006],[76.93965256000007,28.34083728500007],[76.939637585000071,28.339926358000071],[76.940085508000038,28.339874308000045],[76.940059581000057,28.340348378000051],[76.940957182000034,28.340320324000064],[76.940950515000054,28.339953683000033],[76.942124938000063,28.339952243000031],[76.942055905000075,28.339005827000058],[76.941313161000039,28.339001121000017],[76.941265357000077,28.338113188000079]]]},"properties":{"FID":317,"OBJECTID":318,"Id":0,"Area":2278495.8201100002,"Name":" ","Density":" ","Code":600,"val":" ","Text_":"650","ClassText":"600 Public and Semi Public Use","Class":600,"CodeText":" ","Shape_Leng":0.087298839552800003,"Shape_Area":0.00020967621893499999}},{"type":"Feature","id":318,"geometry":{"type":"Polygon","coordinates":[[[76.957236099000056,28.481888393000066],[76.952988753000056,28.483486155000033],[76.952972208000062,28.483492533000064],[76.952925163000032,28.483512392000009],[76.952910176000046,28.483519139000066],[76.952875319000057,28.483535589000045],[76.952797432000068,28.48357823700006],[76.952774542000043,28.483592475000016],[76.952757247000079,28.483603549000065],[76.952706893000098,28.483637955000056],[76.952638876000037,28.48369220600005],[76.944849765000072,28.47868866400005],[76.944908091000059,28.478671757000026],[76.944919600000048,28.478667491000067],[76.945331741000075,28.478508788000056],[76.945375489000071,28.478489433000053],[76.945406913000056,28.478472109000048],[76.949379560000068,28.476080195000065],[76.957236099000056,28.481888393000066]]]},"properties":{"FID":318,"OBJECTID":319,"Id":0,"Area":450700.90252300003,"Name":" ","Density":" ","Code":800,"val":" ","Text_":"890","ClassText":"800 Aggriculture Zone","Class":890,"CodeText":" ","Shape_Leng":0.029209619098999998,"Shape_Area":4.1525698794299999e-05}},{"type":"Feature","id":319,"geometry":{"type":"Polygon","coordinates":[[[76.856141329000096,28.45615093400005],[76.853493017000062,28.455842251000032],[76.852675086000033,28.451078132000067],[76.851979609000068,28.448375250000019],[76.85021907600003,28.440949142000072],[76.853475764000066,28.440093301000047],[76.859923869000042,28.438491610000032],[76.858453936000046,28.444818730000062],[76.858451053000067,28.444831442000073],[76.857212902000072,28.45043212700006],[76.857205031000021,28.450470689000035],[76.856141329000096,28.45615093400005]]]},"properties":{"FID":319,"OBJECTID":320,"Id":0,"Area":1056818.09033,"Name":" ","Density":" ","Code":800,"val":" ","Text_":"800","ClassText":"800 Aggriculture Zone","Class":800,"CodeText":" ","Shape_Leng":0.045997165577899998,"Shape_Area":9.7348182165300006e-05}},{"type":"Feature","id":320,"geometry":{"type":"Polygon","coordinates":[[[76.882086173000076,28.412640561000032],[76.883236308000065,28.413223013000042],[76.882779223000057,28.413673662000061],[76.881546384000046,28.413060606000055],[76.882086173000076,28.412640561000032]]]},"properties":{"FID":320,"OBJECTID":321,"Id":0,"Area":8868.5464425299997,"Name":"RS-2","Density":" ","Code":400,"val":"400","Text_":"400","ClassText":"400 Transport and Communication","Class":400,"CodeText":" ","Shape_Leng":0.0039919117273299999,"Shape_Area":8.1665300150399999e-07}},{"type":"Feature","id":321,"geometry":{"type":"Polygon","coordinates":[[[77.010987712000016,28.488310316000021],[77.011130667000032,28.488361368000028],[77.01127161800008,28.488413145000031],[77.011534363000052,28.488832971000082],[77.01129606800005,28.488956082000072],[77.011215897000056,28.488862648000065],[77.011041057000057,28.488655909000041],[77.010867075000078,28.488450183000058],[77.010988157000043,28.488309249000054],[77.010987712000016,28.488310316000021]]]},"properties":{"FID":321,"OBJECTID":322,"Id":0,"Area":2202.13191568,"Name":"RS-1","Density":" ","Code":300,"val":" ","Text_":"300","ClassText":"300 Industrial","Class":300,"CodeText":" ","Shape_Leng":0.00191570607522,"Shape_Area":2.0289941810800001e-07}},{"type":"Feature","id":322,"geometry":{"type":"Polygon","coordinates":[[[76.888107012000035,28.356923072000022],[76.885887315000048,28.36034615300002],[76.88397188700003,28.360464326000042],[76.883975126000053,28.360647652000065],[76.882180298000037,28.361726829000073],[76.881602692000058,28.360270219000036],[76.882821536000051,28.356950333000036],[76.884334563000053,28.354591452000079],[76.888107012000035,28.356923072000022]]]},"properties":{"FID":322,"OBJECTID":323,"Id":0,"Area":266733.54566900001,"Name":" ","Density":" ","Code":800,"val":" ","Text_":"850","ClassText":"800 Aggriculture Zone","Class":850,"CodeText":" ","Shape_Leng":0.020617253999299999,"Shape_Area":2.4549428962399999e-05}},{"type":"Feature","id":323,"geometry":{"type":"Polygon","coordinates":[[[76.904823519000047,28.360606032000078],[76.90308080300008,28.361025846000075],[76.902230214000042,28.361763557000074],[76.901426195000056,28.36269162300005],[76.90008769700006,28.362710288000073],[76.898270170000046,28.362506401000076],[76.897355971000081,28.362098907000082],[76.896019153000054,28.361810086000048],[76.895747055000086,28.361080390000033],[76.893821054000057,28.360602896000042],[76.892803522000065,28.36167140800006],[76.891338953000073,28.360912413000047],[76.889657752000062,28.360413621000077],[76.889539987000035,28.358828605000035],[76.897707984000093,28.35871513700004],[76.897608425000044,28.358341298000031],[76.89879661100008,28.354733758000062],[76.900266573000067,28.354827884000031],[76.900596567000036,28.354310666000057],[76.90283527900003,28.354609530000062],[76.903277412000079,28.353165764000035],[76.904542777000074,28.351560088000049],[76.906185052000083,28.350666131000015],[76.907722867000075,28.349727775000066],[76.908952783000075,28.349338059000047],[76.909227828000041,28.360542392000053],[76.905570664000038,28.360583381000026],[76.904823519000047,28.360606032000078]]]},"properties":{"FID":323,"OBJECTID":324,"Id":0,"Area":1285116.74933,"Name":" ","Density":" ","Code":800,"val":" ","Text_":"850","ClassText":"800 Aggriculture Zone","Class":850,"CodeText":" ","Shape_Leng":0.059740962041400003,"Shape_Area":0.000118276200823}},{"type":"Feature","id":324,"geometry":{"type":"Polygon","coordinates":[[[76.908952783000075,28.349338059000047],[76.907722867000075,28.349727775000066],[76.906185052000083,28.350666131000015],[76.904542777000074,28.351560088000049],[76.903277412000079,28.353165764000035],[76.90283527900003,28.354609530000062],[76.900596567000036,28.354310666000057],[76.90127484500006,28.353247543000066],[76.901638899000034,28.351867191000039],[76.901275822000059,28.350879002000053],[76.902905478000037,28.350245034000071],[76.904015006000066,28.349503705000071],[76.904695992000029,28.348745434000023],[76.908920660000035,28.348029121000028],[76.908952783000075,28.349338059000047]]]},"properties":{"FID":324,"OBJECTID":325,"Id":0,"Area":216555.79887299999,"Name":" ","Density":" ","Code":1000,"val":" ","Text_":"1000","ClassText":"1000 Natural Conservation Zone Hubs)","Class":1000,"CodeText":" ","Shape_Leng":0.0242122592499,"Shape_Area":1.9929523403e-05}},{"type":"Feature","id":325,"geometry":{"type":"Polygon","coordinates":[[[76.896210561000046,28.363260909000079],[76.895260653000037,28.363274121000067],[76.892620031000035,28.362928794000023],[76.888731337000081,28.362829926000082],[76.886661511000057,28.363011401000048],[76.883667398000043,28.362212365000058],[76.878921454000078,28.362508743000024],[76.878916933000085,28.36215025800005],[76.879453797000053,28.361074635000019],[76.881190890000084,28.356443020000025],[76.882532418000039,28.35312746500006],[76.882534505000081,28.35312222400005],[76.882537969000069,28.353113115000038],[76.88305413300003,28.351715144000011],[76.883078481000027,28.35164867300006],[76.884235389000082,28.351841415000028],[76.886939828000038,28.353370302000013],[76.88975356900005,28.353751552000062],[76.890436907000037,28.353321854000058],[76.891485943000063,28.354033145000074],[76.892261903000076,28.356390907000055],[76.895222317000048,28.357906760000034],[76.895833157000084,28.358104888000067],[76.897608425000044,28.358341298000031],[76.897707984000093,28.35871513700004],[76.889539987000035,28.358828605000035],[76.889657752000062,28.360413621000077],[76.891338953000073,28.360912413000047],[76.892803522000065,28.36167140800006],[76.893821054000057,28.360602896000042],[76.895747055000086,28.361080390000033],[76.896019153000054,28.361810086000048],[76.897355971000081,28.362098907000082],[76.896582858000045,28.362338880000042],[76.896210561000046,28.363260909000079]],[[76.882821536000051,28.356950333000036],[76.881602692000058,28.360270219000036],[76.882180298000037,28.361726829000073],[76.883975126000053,28.360647652000065],[76.88397188700003,28.360464326000042],[76.885887315000048,28.36034615300002],[76.888107012000035,28.356923072000022],[76.884334563000053,28.354591452000079],[76.882821536000051,28.356950333000036]]]},"properties":{"FID":325,"OBJECTID":326,"Id":0,"Area":1030373.25397,"Name":" ","Density":" ","Code":1000,"val":" ","Text_":"1000","ClassText":"1000 Natural Conservation Zone Hubs)","Class":1000,"CodeText":" ","Shape_Leng":0.088105743858999996,"Shape_Area":9.4832162744599999e-05}},{"type":"Feature","id":326,"geometry":{"type":"Polygon","coordinates":[[[76.916502288000061,28.349928795000036],[76.918287201000055,28.349999901000036],[76.918269693000084,28.349026000000034],[76.919957497000041,28.349231454000051],[76.920170325000072,28.350259907000062],[76.921917750000034,28.350177982000055],[76.922235344000057,28.349829689000039],[76.92307822500004,28.34987510600007],[76.923676532000059,28.350726204000065],[76.92477844900003,28.350767953000055],[76.925249864000079,28.351418206000062],[76.925359485000058,28.351389376000022],[76.925682930000065,28.351365707000063],[76.925920033000068,28.351343258000039],[76.92613072100005,28.351053769000014],[76.92610327500006,28.350729442000041],[76.926076865000084,28.350462402000062],[76.926005557000053,28.350100493000078],[76.92551688500005,28.34934336100002],[76.925251311000068,28.348984193000035],[76.92533145200008,28.348639246000058],[76.925281735000056,28.348277032000055],[76.925020987000053,28.348185210000057],[76.924539220000042,28.347809993000052],[76.924377446000037,28.347220149000059],[76.92439352100007,28.346914307000066],[76.924299261000044,28.346476317000061],[76.924077902000079,28.34617382700003],[76.923535178000051,28.346009576000029],[76.923469736000072,28.34597229600007],[76.923376513000036,28.34559159500003],[76.922689836000075,28.344627133000078],[76.922359872000072,28.34428796900005],[76.921852766000029,28.343702989000068],[76.921605708000072,28.343171644000048],[76.92138161400004,28.342716381000063],[76.921241450000068,28.342126228000037],[76.921130724000093,28.341709942000012],[76.921102542000099,28.340144063000011],[76.920679675000031,28.338239927000068],[76.919192773000077,28.337191207000032],[76.917921733000071,28.336139434000064],[76.918112862000044,28.334761478000068],[76.91814645400008,28.334727863000062],[76.918356170000024,28.335009622000026],[76.918648670000039,28.335402600000069],[76.918685128000064,28.335449186000059],[76.918705993000046,28.335473902000047],[76.919344549000073,28.336210618000049],[76.919388944000033,28.336259204000037],[76.919460357000048,28.336327871000037],[76.919490421000035,28.33635383800004],[76.920309326000051,28.337039902000054],[76.920356407000057,28.337077561000051],[76.92043883000008,28.337135778000061],[76.920507535000056,28.337177816000068],[76.921313355000052,28.337639547000034],[76.921331869000085,28.337649971000072],[76.921423372000064,28.337696373000025],[76.921518621000075,28.337736442000054],[76.92154706000008,28.337746910000075],[76.92230412300006,28.338016880000051],[76.922374120000043,28.33803990900002],[76.922475166000083,28.338066642000054],[76.922484714000063,28.338068787000051],[76.92381316400008,28.338362768000017],[76.923906678000037,28.33838043400003],[76.924011152000048,28.338393206000024],[76.924083923000069,28.338397881000049],[76.925253873000031,28.338445515000046],[76.925286375000042,28.338446497000056],[76.925391829000034,28.338445008000065],[76.925496844000065,28.338436382000054],[76.925567896000075,28.33842643000003],[76.931275071000073,28.337491007000025],[76.933144125000084,28.337238797000044],[76.934239246000061,28.33712816100007],[76.934884174000047,28.33717635500005],[76.935421964000042,28.337334874000064],[76.936127437000039,28.337734779000066],[76.936266967000051,28.337860021000036],[76.936713831000091,28.338597824000033],[76.936871711000038,28.33919208300005],[76.936899144000051,28.340863368000043],[76.936898032000045,28.342608736000045],[76.936879497000064,28.343753545000027],[76.93687953400007,28.343790543000061],[76.93688471500009,28.34387836500002],[76.937010929000053,28.345140100000034],[76.937011477000055,28.345145453000036],[76.937013317000037,28.345161768000022],[76.937311806000096,28.347640273000021],[76.93731378800004,28.34765577700005],[76.937496058000079,28.349004921000073],[76.937416731000042,28.34983469400003],[76.93727502400003,28.350396478000047],[76.937067221000049,28.350984260000082],[76.936760164000091,28.351721596000047],[76.936736665000069,28.351783021000077],[76.936389004000034,28.352778207000025],[76.936385284000039,28.352789034000054],[76.936358971000075,28.352879396000052],[76.936347562000037,28.352931265000056],[76.936264658000084,28.353357409000068],[76.936257646000058,28.353397418000036],[76.936247233000074,28.353490274000027],[76.936244885000065,28.353583562000029],[76.936252886000034,28.354024452000026],[76.936258620000046,28.354117627000043],[76.936260393000055,28.354133410000035],[76.936345837000047,28.354845820000037],[76.936357841000074,28.354922547000051],[76.936379581000025,28.355013857000081],[76.936388076000057,28.35504233000006],[76.936607277000078,28.35574267700002],[76.936628365000047,28.355803770000009],[76.936635362000061,28.35582182100006],[76.937627004000035,28.358315700000055],[76.937629385000037,28.35832163700006],[76.938333476000082,28.360063436000079],[76.935349561000066,28.36003404400002],[76.934727723000037,28.36007556700001],[76.933099435000031,28.360084683000029],[76.933041247000062,28.360448423000026],[76.92401391900006,28.360426295000018],[76.923963403000087,28.361733490000056],[76.921765993000065,28.36174289000007],[76.92173258600009,28.360420608000009],[76.909800907000019,28.36053867400005],[76.909556673000054,28.349146703000034],[76.910331839000037,28.348983941000018],[76.91120967300003,28.348570518000031],[76.911633175000077,28.348106160000039],[76.912188240000035,28.347754557000023],[76.912682654000037,28.347633017000074],[76.913178434000031,28.347587861000061],[76.913760898000078,28.347560584000053],[76.914216933000048,28.347706990000066],[76.91480487900003,28.347985248000036],[76.915113932000054,28.348362927000043],[76.915032045000046,28.348612389000042],[76.915037528000084,28.348917928000041],[76.915430184000058,28.349141624000026],[76.915758426000082,28.349385324000028],[76.916502288000061,28.349928795000036],[76.916721922000079,28.350135819000048],[76.916951160000053,28.350877533000077],[76.917115988000049,28.351639251000048],[76.917168768000053,28.352173336000064],[76.917204423000044,28.352955971000036],[76.916887862000067,28.35456490100006],[76.91648033000007,28.354523282000052],[76.915786264000076,28.355745543000069],[76.916121734000058,28.356390259000079],[76.917116802000066,28.356490873000027],[76.917830210000034,28.356538142000026],[76.918394567000064,28.356702109000029],[76.918595035000081,28.35704310400007],[76.919384831000059,28.356535362000038],[76.919921074000058,28.356336802000037],[76.920264748000079,28.356236455000033],[76.920818791000045,28.355827533000017],[76.922475140000074,28.355479469000041],[76.923513378000052,28.355579428000045],[76.924043064000045,28.355018027000021],[76.924617294000029,28.35453239900005],[76.924912274000064,28.354127118000054],[76.92377265800009,28.354391515000032],[76.92300001200006,28.354650728000017],[76.922519598000051,28.354351889000039],[76.922227616000043,28.353725676000067],[76.92200555600003,28.353384992000031],[76.921482322000031,28.35310585500002],[76.920803860000035,28.352599690000016],[76.920214153000074,28.352225980000064],[76.919945154000061,28.351675842000073],[76.919809794000045,28.351353033000059],[76.920781858000069,28.351377544000055],[76.921608321000065,28.351709713000062],[76.922192867000035,28.35179697700006],[76.925261730000045,28.352422908000044],[76.926365733000068,28.352579220000059],[76.92714077100004,28.352453662000062],[76.927461459000085,28.352277219000019],[76.924689385000079,28.351550676000041],[76.916502288000061,28.349928795000036]]]},"properties":{"FID":326,"OBJECTID":327,"Id":0,"Area":4785906.9097199999,"Name":" ","Density":" ","Code":800,"val":" ","Text_":"850","ClassText":"800 Aggriculture Zone","Class":850,"CodeText":" ","Shape_Leng":0.16946972276200001,"Shape_Area":0.00044043157621799999}},{"type":"Feature","id":327,"geometry":{"type":"Polygon","coordinates":[[[77.003545282000061,28.387384861000033],[77.004000057000027,28.387693126000041],[77.004309619000082,28.388405032000037],[77.004419718000051,28.389091022000059],[77.00377517000004,28.389272407000085],[77.002839120000033,28.389458077000018],[77.002126558000057,28.389468552000046],[77.001338801000031,28.389468214000033],[77.000533032000078,28.389148160000047],[76.99965046300008,28.388731364000027],[76.998599504000069,28.387973225000049],[76.998194722000051,28.387119648000063],[76.997822334000034,28.386265596000037],[76.997419176000037,28.385497944000051],[76.997179037000066,28.384785202000046],[76.997068987000034,28.384099202000069],[76.997148971000058,28.383181213000064],[76.996384204000037,28.382132354000071],[76.99639942000006,28.381215315000073],[76.996956974000057,28.381579600000062],[76.997642466000059,28.381856054000018],[76.997917878000067,28.382323648000067],[76.997880989000066,28.382482869000064],[76.998212919000068,28.382907759000034],[76.998519983000051,28.383734118000064],[76.998824904000045,28.384445906000042],[76.999227530000027,28.385184910000081],[76.999598851000016,28.385981675000036],[76.999870858000079,28.386665295000043],[76.999976090000075,28.387093505000045],[77.00010779400003,28.387206174000013],[77.00085757800008,28.387172546000048],[77.001987941000039,28.387264506000065],[77.002603322000084,28.387255460000063],[77.002959058000044,28.387221579000023],[77.003545282000061,28.387384861000033]]]},"properties":{"FID":327,"OBJECTID":328,"Id":0,"Area":213481.21333,"Name":" ","Density":" ","Code":1000,"val":" ","Text_":"1000","ClassText":"1000 Natural Conservation Zone Hubs)","Class":1000,"CodeText":" ","Shape_Leng":0.0264536590456,"Shape_Area":1.9651270468099999e-05}},{"type":"Feature","id":328,"geometry":{"type":"Polygon","coordinates":[[[76.971672478000073,28.349486717000044],[76.970801405000017,28.352835509000048],[76.970646095000063,28.353435160000053],[76.970333726000035,28.354470536000072],[76.970359221000081,28.354536737000039],[76.970373333000055,28.354675250000074],[76.970344657000055,28.35477054200004],[76.970284932000084,28.354872848000067],[76.970086091000042,28.355079738000018],[76.968776864000077,28.356177807000041],[76.968766487000039,28.356186948000072],[76.968756389000063,28.356196582000045],[76.968144221000045,28.356809475000023],[76.968139483000058,28.356814332000052],[76.968128194000016,28.356826819000041],[76.968120814000031,28.356835871000047],[76.968107784000054,28.356853510000064],[76.967766204000043,28.357357445000041],[76.967763351000031,28.35736174300007],[76.967756681000083,28.357372481000024],[76.967747683000084,28.35738912100004],[76.967734575000065,28.357419079000056],[76.967732219000084,28.357425779000039],[76.967311425000062,28.358678903000051],[76.966908294000078,28.35976365200003],[76.964090079000073,28.359250585000037],[76.958145007000041,28.345927450000033],[76.95774295800004,28.345783728000072],[76.95881838300005,28.34560409300007],[76.959587536000072,28.345163275000058],[76.959971320000079,28.344899901000073],[76.960572791000047,28.344146328000082],[76.960978945000079,28.34333825900006],[76.960867335000032,28.344313999000047],[76.961312181000039,28.343849184000071],[76.961860468000054,28.343726693000061],[76.961946013000045,28.343095140000056],[76.962444752000067,28.342778927000037],[76.963085565000029,28.343263598000075],[76.962671449000084,28.343800974000029],[76.962229242000035,28.344409010000042],[76.961979763000045,28.344708688000015],[76.962100539000062,28.346215876000024],[76.963883896000084,28.346333455000035],[76.964260294000042,28.34566906200007],[76.965286850000027,28.345138551000048],[76.965873309000074,28.344555962000062],[76.966932703000055,28.344909360000013],[76.968079218000071,28.34529919900007],[76.968318091000071,28.345551160000063],[76.96840373100008,28.345638516000058],[76.969590672000024,28.346707801000026],[76.969654426000034,28.346748705000042],[76.969722594000089,28.346783590000037],[76.969794501000095,28.346812106000069],[76.972156369000061,28.347626332000058],[76.971960134000085,28.348380788000039],[76.970790801000078,28.347608122000047],[76.969838097000036,28.347168250000035],[76.968917228000066,28.346990546000018],[76.968406795000078,28.347117294000046],[76.967655734000047,28.347366893000071],[76.967852962000052,28.34781768600002],[76.968487616000061,28.348572549000043],[76.969365991000075,28.349371641000058],[76.97031871300004,28.349811514000059],[76.971672478000073,28.349486717000044]]]},"properties":{"FID":328,"OBJECTID":329,"Id":0,"Area":1325226.59556,"Name":" ","Density":" ","Code":800,"val":" ","Text_":"800","ClassText":"800 Aggriculture Zone","Class":800,"CodeText":" ","Shape_Leng":0.063692059335499998,"Shape_Area":0.00012195122202}},{"type":"Feature","id":329,"geometry":{"type":"Polygon","coordinates":[[[76.916502288000061,28.349928795000036],[76.915758426000082,28.349385324000028],[76.915430184000058,28.349141624000026],[76.915037528000084,28.348917928000041],[76.915032045000046,28.348612389000042],[76.915113932000054,28.348362927000043],[76.91480487900003,28.347985248000036],[76.914216933000048,28.347706990000066],[76.913760898000078,28.347560584000053],[76.913178434000031,28.347587861000061],[76.912682654000037,28.347633017000074],[76.912188240000035,28.347754557000023],[76.911633175000077,28.348106160000039],[76.91120967300003,28.348570518000031],[76.910331839000037,28.348983941000018],[76.909556673000054,28.349146703000034],[76.909527512000068,28.347786111000065],[76.91523996200003,28.345498390000049],[76.917902086000083,28.344658732000017],[76.919815863000053,28.34302732400004],[76.921130724000093,28.341709942000012],[76.921241450000068,28.342126228000037],[76.92138161400004,28.342716381000063],[76.921605708000072,28.343171644000048],[76.921852766000029,28.343702989000068],[76.922359872000072,28.34428796900005],[76.922689836000075,28.344627133000078],[76.923376513000036,28.34559159500003],[76.923469736000072,28.34597229600007],[76.923535178000051,28.346009576000029],[76.924077902000079,28.34617382700003],[76.924299261000044,28.346476317000061],[76.92439352100007,28.346914307000066],[76.924377446000037,28.347220149000059],[76.924539220000042,28.347809993000052],[76.925020987000053,28.348185210000057],[76.925281735000056,28.348277032000055],[76.92533145200008,28.348639246000058],[76.925251311000068,28.348984193000035],[76.92551688500005,28.34934336100002],[76.926005557000053,28.350100493000078],[76.926076865000084,28.350462402000062],[76.92610327500006,28.350729442000041],[76.92613072100005,28.351053769000014],[76.925920033000068,28.351343258000039],[76.925682930000065,28.351365707000063],[76.925359485000058,28.351389376000022],[76.925249864000079,28.351418206000062],[76.92477844900003,28.350767953000055],[76.923676532000059,28.350726204000065],[76.92307822500004,28.34987510600007],[76.922235344000057,28.349829689000039],[76.921917750000034,28.350177982000055],[76.920170325000072,28.350259907000062],[76.919957497000041,28.349231454000051],[76.918269693000084,28.349026000000034],[76.918287201000055,28.349999901000036],[76.916502288000061,28.349928795000036]]]},"properties":{"FID":329,"OBJECTID":330,"Id":0,"Area":692426.30241500004,"Name":" ","Density":" ","Code":1000,"val":" ","Text_":"1000","ClassText":"1000 Natural Conservation Zone Hubs)","Class":1000,"CodeText":" ","Shape_Leng":0.047097616764199997,"Shape_Area":6.3720657226799994e-05}},{"type":"Feature","id":330,"geometry":{"type":"Polygon","coordinates":[[[76.925416423000058,28.316878229000054],[76.924176636000084,28.316909810000027],[76.922981464000031,28.315264873000029],[76.920329330000072,28.315416831000046],[76.91889586700006,28.314921271000063],[76.917597028000031,28.314710319000021],[76.916817108000032,28.314549368000041],[76.916731822000031,28.313404505000044],[76.916968157000028,28.312140518000042],[76.916047491000015,28.311351205000051],[76.914420922000033,28.31091560700003],[76.913648217000045,28.311155659000057],[76.912945368000067,28.311681241000031],[76.912502480000057,28.312260481000067],[76.911997923000058,28.313012492000038],[76.911493363000034,28.313764502000016],[76.91026542600008,28.313896306000064],[76.908648049000078,28.313976242000013],[76.907038847000081,28.314514471000042],[76.90653526300008,28.315323754000076],[76.906675981000035,28.315952122000066],[76.906570018000082,28.317271577000028],[76.905930811000061,28.317738934000026],[76.904970969000033,28.318382673000034],[76.904589682000051,28.318789119000023],[76.90322199600007,28.318349779000069],[76.902508846000046,28.318302421000045],[76.901406243000039,28.318203184000012],[76.901346603000036,28.318490533000041],[76.901167677000046,28.319352575000028],[76.900796565000078,28.320331902000071],[76.90087659600006,28.321190338000058],[76.902119931000072,28.321917951000039],[76.904047595000065,28.324852681000031],[76.895599755000035,28.317869710000021],[76.896735510000042,28.315361184000032],[76.896735529000068,28.315361144000054],[76.896987680000052,28.314785364000041],[76.899525264000047,28.309074141000053],[76.90182857700006,28.304202896000046],[76.902089163000085,28.303658340000016],[76.902589405000072,28.303546782000062],[76.904900082000026,28.304230843000017],[76.907759111000075,28.302987542000039],[76.909298805000063,28.302192417000068],[76.910022720000029,28.30103622200004],[76.910842573000068,28.30162643200002],[76.915310416000068,28.299844714000063],[76.919457689000069,28.305459463000027],[76.924253387000078,28.312898619000062],[76.925416423000058,28.316878229000054]]]},"properties":{"FID":330,"OBJECTID":331,"Id":0,"Area":3321784.9041300002,"Name":" ","Density":" ","Code":800,"val":" ","Text_":"800","ClassText":"800 Aggriculture Zone","Class":800,"CodeText":" ","Shape_Leng":0.101905563768,"Shape_Area":0.00030558566882800002}},{"type":"Feature","id":331,"geometry":{"type":"Polygon","coordinates":[[[76.928936124000089,28.326597830000015],[76.927854395000068,28.326943186000051],[76.925599742000017,28.327605363000028],[76.923981148000053,28.327628202000021],[76.921202313000038,28.327953881000038],[76.918297058000064,28.328453193000009],[76.916743187000066,28.328475036000043],[76.916032023000071,28.328542329000065],[76.915248095000038,28.329064872000064],[76.915160886000081,28.329012406000061],[76.915069395000046,28.328966000000026],[76.914973097000029,28.328925525000045],[76.911681547000057,28.327680709000045],[76.910532024000091,28.32720462900005],[76.910491628000045,28.327188593000077],[76.910470231000033,28.327180652000035],[76.904047595000065,28.324852681000031],[76.902119931000072,28.321917951000039],[76.90087659600006,28.321190338000058],[76.900796565000078,28.320331902000071],[76.901167677000046,28.319352575000028],[76.901346603000036,28.318490533000041],[76.901406243000039,28.318203184000012],[76.902508846000046,28.318302421000045],[76.90322199600007,28.318349779000069],[76.904589682000051,28.318789119000023],[76.904970969000033,28.318382673000034],[76.905930811000061,28.317738934000026],[76.906570018000082,28.317271577000028],[76.906675981000035,28.315952122000066],[76.90653526300008,28.315323754000076],[76.907038847000081,28.314514471000042],[76.908648049000078,28.313976242000013],[76.91026542600008,28.313896306000064],[76.911493363000034,28.313764502000016],[76.911997923000058,28.313012492000038],[76.912502480000057,28.312260481000067],[76.912945368000067,28.311681241000031],[76.913648217000045,28.311155659000057],[76.914420922000033,28.31091560700003],[76.916047491000015,28.311351205000051],[76.916968157000028,28.312140518000042],[76.916731822000031,28.313404505000044],[76.916817108000032,28.314549368000041],[76.917597028000031,28.314710319000021],[76.91889586700006,28.314921271000063],[76.920329330000072,28.315416831000046],[76.922981464000031,28.315264873000029],[76.924176636000084,28.316909810000027],[76.925416423000058,28.316878229000054],[76.926435714000036,28.320365698000039],[76.929191808000041,28.323573912000022],[76.928936124000089,28.326597830000015]]]},"properties":{"FID":331,"OBJECTID":332,"Id":0,"Area":3395257.3591999998,"Name":" ","Density":" ","Code":1000,"val":" ","Text_":"1000","ClassText":"1000 Natural Conservation Zone Hubs)","Class":1000,"CodeText":" ","Shape_Leng":0.077314591396799998,"Shape_Area":0.000312373880389}},{"type":"Feature","id":332,"geometry":{"type":"Polygon","coordinates":[[[76.947608101000071,28.321402153000065],[76.949195277000072,28.322621040000055],[76.949178975000052,28.323947548000021],[76.946529573000078,28.324729693000045],[76.944652078000047,28.324756470000064],[76.942256647000079,28.324790596000074],[76.939196855000034,28.325466937000037],[76.93816106800007,28.324101674000072],[76.938895836000029,28.323836313000076],[76.938552896000033,28.322781089000035],[76.939131401000054,28.322543657000029],[76.939386720000073,28.322339468000038],[76.938620898000067,28.32117564900004],[76.940383948000033,28.321981473000047],[76.940969728000084,28.322145048000042],[76.941488166000056,28.32216632200004],[76.941744523000068,28.322019418000011],[76.941899603000081,28.321644744000025],[76.94205364000004,28.321212782000032],[76.942141897000056,28.320724455000057],[76.942362755000033,28.320406145000046],[76.942780431000074,28.320228291000021],[76.943589663000068,28.320216765000048],[76.94430648000008,28.320464413000021],[76.94495125900005,28.320311967000073],[76.946147878000033,28.320237600000027],[76.947608101000071,28.321402153000065]]]},"properties":{"FID":332,"OBJECTID":333,"Id":0,"Area":413590.64950599999,"Name":" ","Density":" ","Code":800,"val":" ","Text_":"800","ClassText":"800 Aggriculture Zone","Class":850,"CodeText":" ","Shape_Leng":0.030306850526599999,"Shape_Area":3.8051222634700001e-05}},{"type":"Feature","id":333,"geometry":{"type":"Polygon","coordinates":[[[76.942149308000069,28.333518746000028],[76.940767199000049,28.331917305000044],[76.939721900000052,28.331416453000024],[76.939461877000042,28.33136284700004],[76.938103260000048,28.331439462000041],[76.937007780000059,28.331741536000035],[76.93584547200004,28.331929946000049],[76.934076577000042,28.330808989000037],[76.931564801000036,28.329461610000056],[76.936482669000057,28.326861017000049],[76.938396996000051,28.328266393000028],[76.940536900000026,28.327233172000039],[76.939196855000034,28.325466937000037],[76.942256647000079,28.324790596000074],[76.944652078000047,28.324756470000064],[76.946529573000078,28.324729693000045],[76.949178975000052,28.323947548000021],[76.94917355900003,28.324388171000059],[76.952727482000057,28.32691595000005],[76.953629139000043,28.32900412300005],[76.95830804700006,28.336428062000032],[76.957702233000077,28.336304758000043],[76.957694340000046,28.336303191000074],[76.957616649000045,28.336291813000049],[76.957538052000075,28.336287564000031],[76.957528553000031,28.336287535000054],[76.955099984000057,28.336293721000057],[76.955089787000063,28.336293807000057],[76.952208504000055,28.336335081000069],[76.952194080000083,28.336335409000061],[76.948763476000067,28.336441776000068],[76.948731939000083,28.336443330000066],[76.948330672000054,28.336470479000063],[76.947777337000048,28.336507912000059],[76.947286235000036,28.336541132000033],[76.946664913000063,28.33658315800005],[76.946070449000047,28.336623365000033],[76.944248128000083,28.336649357000063],[76.943554736000053,28.336659240000078],[76.942149308000069,28.333518746000028]]]},"properties":{"FID":333,"OBJECTID":334,"Id":0,"Area":2030485.37793,"Name":" ","Density":" ","Code":1000,"val":" ","Text_":"1000","ClassText":"1000 Natural Conservation Zone Hubs)","Class":1000,"CodeText":" ","Shape_Leng":0.068927366000400003,"Shape_Area":0.00018682274625400001}},{"type":"Feature","id":334,"geometry":{"type":"MultiPolygon","coordinates":[[[[76.87534938500005,28.410910472000065],[76.87483362200004,28.411350917000039],[76.873928487000057,28.411477983000054],[76.873156474000041,28.411803773000031],[76.872386471000084,28.412244139000055],[76.871484348000081,28.41254305700005],[76.870938607000085,28.41283707500002],[76.870659604000082,28.413557198000031],[76.870059627000046,28.414453639000037],[76.869051868000042,28.415397302000009],[76.869320769000069,28.413089831000036],[76.869329174000029,28.412991356000067],[76.869331517000035,28.412907790000073],[76.86934061900007,28.407921791000042],[76.87534938500005,28.410910472000065]]],[[[76.876855173000081,28.423916470000044],[76.876854801000036,28.423916910000052],[76.86901219800005,28.422034288000066],[76.870046322000064,28.421072334000023],[76.870755624000083,28.420862027000044],[76.872208639000064,28.420555535000066],[76.873637818000077,28.420736432000069],[76.874313193000035,28.42044061800004],[76.87511463800007,28.419942506000041],[76.875529285000084,28.419564324000071],[76.876840533000063,28.418572100000063],[76.877286053000034,28.418107531000025],[76.878027215000017,28.41786809600006],[76.878801278000083,28.417656856000065],[76.878950126000063,28.416909864000051],[76.878945068000064,28.416623418000029],[76.878940516000057,28.416365618000036],[76.878801309000039,28.415823159000073],[76.87856288100005,28.415167466000064],[76.877937689000078,28.414631713000048],[76.877670913000031,28.414205620000065],[76.877080657000079,28.413812637000039],[76.877014342000052,28.413727598000033],[76.876943986000057,28.413413400000014],[76.876837698000045,28.412899139000036],[76.876800753000055,28.412641785000066],[76.876791155000035,28.412097537000079],[76.876650407000056,28.411557524000035],[76.882468505000077,28.414450851000026],[76.884179384000035,28.415301568000078],[76.876855173000081,28.423916470000044]]]]},"properties":{"FID":334,"OBJECTID":335,"Id":0,"Area":833957.07007200003,"Name":"H5","Density":" ","Code":1000,"val":" ","Text_":"H5","ClassText":"Hubs","Class":1100,"CodeText":" ","Shape_Leng":0.068209049051100007,"Shape_Area":7.67962822269e-05}},{"type":"Feature","id":335,"geometry":{"type":"Polygon","coordinates":[[[76.863275976000068,28.424514503000065],[76.860906131000036,28.43426347900003],[76.860903435000068,28.434274814000037],[76.860231181000074,28.437168733000082],[76.859620772000085,28.437301926000035],[76.859599476000085,28.43730689300002],[76.853097928000082,28.438921856000029],[76.853088865000075,28.438924167000042],[76.849935493000032,28.439752857000023],[76.849141727000074,28.436404189000026],[76.850655753000069,28.436979561000037],[76.850596272000075,28.436774700000051],[76.849874449000083,28.43428855500002],[76.849550420000071,28.433172480000035],[76.851090939000073,28.432476935000071],[76.852664316000073,28.431624628000058],[76.853919115000068,28.431091810000055],[76.854364791000066,28.43062731100003],[76.855477456000074,28.429380125000026],[76.85669831000007,28.428761790000063],[76.857592611000044,28.428004644000055],[76.857746123000084,28.427515472000035],[76.858383181000065,28.42687643800009],[76.858895127000039,28.42649697600006],[76.859216654000065,28.426349327000018],[76.860569067000029,28.42584376700006],[76.860821776000066,28.425467841000057],[76.862044056000059,28.424935397000077],[76.862752398000055,28.424667839000051],[76.863275976000068,28.424514503000065]]]},"properties":{"FID":335,"OBJECTID":336,"Id":0,"Area":1170443.9157100001,"Name":" ","Density":" ","Code":800,"val":" ","Text_":"800","ClassText":"800 Aggriculture Zone","Class":800,"CodeText":" ","Shape_Leng":0.049293609164699999,"Shape_Area":0.000107801175169}},{"type":"Feature","id":336,"geometry":{"type":"MultiPolygon","coordinates":[[[[76.876254159000041,28.409937601000024],[76.876504056000044,28.410020111000037],[76.876616089000038,28.410247779000024],[76.876629751000053,28.410409949000041],[76.876687452000056,28.410619267000065],[76.876701110000056,28.410752413000061],[76.875713146000066,28.410261056000028],[76.875856269000053,28.410038589000063],[76.87608036000006,28.409882693000036],[76.876254159000041,28.409937601000024]]],[[[76.870665246000044,28.420918481000047],[76.869955943000036,28.421128788000036],[76.868921887000056,28.422090677000028],[76.868921818000047,28.422090741000041],[76.868361531000062,28.42261191100005],[76.867161931000055,28.423232450000047],[76.867517072000069,28.421753598000066],[76.867517099000068,28.42175348000006],[76.868348697000044,28.41829046000003],[76.868349901000045,28.418285411000053],[76.868882805000055,28.416034463000067],[76.868894967000074,28.415978735000056],[76.868913445000032,28.415865393000047],[76.86891534800003,28.415849718000064],[76.868961493000029,28.415453755000044],[76.869969254000068,28.414510092000047],[76.870569232000037,28.41361365200002],[76.870848235000039,28.412893529000009],[76.871393977000068,28.41259951100005],[76.872296101000074,28.412300594000033],[76.873066105000078,28.411860228000023],[76.873838118000037,28.411534439000039],[76.874743254000066,28.411407373000024],[76.875259018000065,28.41096692900004],[76.876560040000072,28.411613981000063],[76.876700787000061,28.412153995000036],[76.876710385000081,28.412698243000072],[76.876747330000057,28.412955597000057],[76.876853617000052,28.413469858000035],[76.876923973000032,28.41378405600004],[76.876990288000044,28.413869095000045],[76.877580544000082,28.414262078000032],[76.877847320000058,28.41468817100003],[76.878472512000016,28.41522392500006],[76.87871093900003,28.415879618000073],[76.878850146000048,28.416422077000046],[76.87885469800004,28.416679877000028],[76.878859756000054,28.416966323000047],[76.878710907000084,28.417713315000078],[76.877936843000043,28.417924555000074],[76.877195681000032,28.418163989000057],[76.876750160000043,28.41862855800002],[76.87543891100006,28.419620781000049],[76.875024263000057,28.419998963000069],[76.874222817000032,28.420497074000025],[76.873547441000099,28.420792888000054],[76.872118262000072,28.420611990000058],[76.870665246000044,28.420918481000047]]]]},"properties":{"FID":336,"OBJECTID":337,"Id":0,"Area":768133.82198799995,"Name":" ","Density":" ","Code":1000,"val":" ","Text_":"1000","ClassText":"1000 Natural Conservation Zone Hubs)","Class":1000,"CodeText":" ","Shape_Leng":0.040634294506900002,"Shape_Area":7.6077213843199994e-05}},{"type":"Feature","id":337,"geometry":{"type":"Polygon","coordinates":[[[76.852102399000032,28.386928562000037],[76.85400394800007,28.387889489000028],[76.852182134000032,28.386978048000053],[76.852102399000032,28.386928562000037]]]},"properties":{"FID":337,"OBJECTID":338,"Id":0,"Area":94.931440860600006,"Name":" ","Density":" ","Code":800,"val":" ","Text_":"800","ClassText":"800 Aggriculture Zone","Class":800,"CodeText":" ","Shape_Leng":0.0042614880794100002,"Shape_Area":8.7402697641499997e-09}},{"type":"Feature","id":338,"geometry":{"type":"Polygon","coordinates":[[[76.851737085000082,28.386701834000061],[76.851893184000062,28.385644450000019],[76.853727669000079,28.385562198000049],[76.854141758000083,28.385476167000039],[76.854248573000064,28.384466338000042],[76.853916028000086,28.383974232000067],[76.853695110000046,28.38369072000005],[76.853550269000024,28.382814034000024],[76.853499774000056,28.382394494000028],[76.853583489000073,28.382240545000059],[76.854838887000071,28.382395370000026],[76.854790727000093,28.38335108800004],[76.854805685000031,28.384210438000032],[76.854688425000063,28.384918781000056],[76.854702386000042,28.385720842000058],[76.854846909000059,28.386578429000053],[76.854862868000055,28.387495069000057],[76.854730559000075,28.388149758000043],[76.85400394800007,28.387889489000028],[76.852102399000032,28.386928562000037],[76.851737085000082,28.386701834000061]]]},"properties":{"FID":338,"OBJECTID":339,"Id":0,"Area":94192.078601200003,"Name":" ","Density":" ","Code":1000,"val":" ","Text_":"1000","ClassText":"1000 Natural Conservation Zone Hubs)","Class":1000,"CodeText":" ","Shape_Leng":0.0171714918642,"Shape_Area":8.6716045422899994e-06}},{"type":"Feature","id":339,"geometry":{"type":"Polygon","coordinates":[[[76.84261319400008,28.411226664000026],[76.842864038000059,28.411822582000074],[76.842857213000059,28.413923809000039],[76.842564076000045,28.414462610000044],[76.842121018000057,28.415029144000059],[76.840494629000048,28.413233235000064],[76.840168537000068,28.41236662700004],[76.84261319400008,28.411226664000026]]]},"properties":{"FID":339,"OBJECTID":340,"Id":0,"Area":67423.220393700001,"Name":" ","Density":" ","Code":800,"val":" ","Text_":"800","ClassText":"800 Aggriculture Zone","Class":800,"CodeText":" ","Shape_Leng":0.010126595758700001,"Shape_Area":6.2088249139100003e-06}},{"type":"Feature","id":340,"geometry":{"type":"Polygon","coordinates":[[[76.844266244000039,28.410455795000068],[76.84428826900006,28.411726891000047],[76.844094778000056,28.413028396000076],[76.843771682000082,28.414331654000019],[76.842971968000029,28.416005066000025],[76.842873423000071,28.415859945000083],[76.842519485000082,28.416566549000045],[76.842346536000036,28.416872307000062],[76.842446825000081,28.417673200000017],[76.841921141000057,28.417260088000024],[76.841615430000047,28.417073212000041],[76.840840805000099,28.417147583000027],[76.840356659000079,28.416746413000048],[76.839706597000031,28.417029456000012],[76.840084906000058,28.416024239000023],[76.842121018000057,28.415029144000059],[76.842564076000045,28.414462610000044],[76.842857213000059,28.413923809000039],[76.842864038000059,28.411822582000074],[76.84261319400008,28.411226664000026],[76.841632006000054,28.41054036800006],[76.841065144000098,28.410242416000067],[76.840843870000057,28.409939787000038],[76.840965536000056,28.409479714000039],[76.84281642600007,28.409072650000031],[76.843905625000048,28.409592739000065],[76.844266244000039,28.410455795000068]]]},"properties":{"FID":340,"OBJECTID":341,"Id":0,"Area":162350.06119000001,"Name":" ","Density":" ","Code":1000,"val":" ","Text_":"1000","ClassText":"1000 Natural Conservation Zone Hubs)","Class":1000,"CodeText":" ","Shape_Leng":0.0251982302411,"Shape_Area":1.49503861916e-05}},{"type":"Feature","id":341,"geometry":{"type":"Polygon","coordinates":[[[76.965146474000051,28.344313493000069],[76.964829888000054,28.34494458000006],[76.964260294000042,28.34566906200007],[76.963883896000084,28.346333455000035],[76.962100539000062,28.346215876000024],[76.961979763000045,28.344708688000015],[76.962229242000035,28.344409010000042],[76.962671449000084,28.343800974000029],[76.963085565000029,28.343263598000075],[76.963645067000073,28.342153852000024],[76.964582905000043,28.342083043000066],[76.965441019000082,28.342958856000045],[76.965146474000051,28.344313493000069]]]},"properties":{"FID":341,"OBJECTID":342,"Id":0,"Area":104183.762711,"Name":" ","Density":" ","Code":1000,"val":" ","Text_":"1000","ClassText":"1000 Natural Conservation Zone Hubs)","Class":1000,"CodeText":" ","Shape_Leng":0.012306415494700001,"Shape_Area":9.5868523610899997e-06}},{"type":"Feature","id":342,"geometry":{"type":"Polygon","coordinates":[[[76.962444752000067,28.342778927000037],[76.961946013000045,28.343095140000056],[76.961860468000054,28.343726693000061],[76.961312181000039,28.343849184000071],[76.960867335000032,28.344313999000047],[76.960978945000079,28.34333825900006],[76.961285337000035,28.342388369000048],[76.961440512000095,28.341397586000031],[76.962189656000078,28.342585986000078],[76.962444752000067,28.342778927000037]]]},"properties":{"FID":342,"OBJECTID":343,"Id":0,"Area":20372.848603800001,"Name":" ","Density":" ","Code":800,"val":" ","Text_":"850","ClassText":"800 Aggriculture Zone","Class":850,"CodeText":" ","Shape_Leng":0.0071407469102500003,"Shape_Area":1.8746650926699999e-06}},{"type":"Feature","id":343,"geometry":{"type":"MultiPolygon","coordinates":[[[[76.97290483900008,28.349282239000036],[76.97233785700007,28.349327070000079],[76.972491921000085,28.348732172000037],[76.97290483900008,28.349282239000036]]],[[[76.969838097000036,28.347168250000035],[76.970790801000078,28.347608122000047],[76.971960134000085,28.348380788000039],[76.971672478000073,28.349486717000044],[76.97031871300004,28.349811514000059],[76.969365991000075,28.349371641000058],[76.968487616000061,28.348572549000043],[76.967852962000052,28.34781768600002],[76.967655734000047,28.347366893000071],[76.968406795000078,28.347117294000046],[76.968917228000066,28.346990546000018],[76.969838097000036,28.347168250000035]]]]},"properties":{"FID":343,"OBJECTID":344,"Id":0,"Area":82254.416238799997,"Name":" ","Density":" ","Code":800,"val":" ","Text_":"850","ClassText":"800 Aggriculture Zone","Class":850,"CodeText":" ","Shape_Leng":0.0128272282267,"Shape_Area":7.5691840874499997e-06}},{"type":"Feature","id":344,"geometry":{"type":"Polygon","coordinates":[[[76.940109986000053,28.338174064000036],[76.939637585000071,28.339926358000071],[76.939622741000051,28.339023479000044],[76.939616990000047,28.338929373000042],[76.939603212000065,28.338836861000065],[76.939586367000061,28.338763373000059],[76.93943751900008,28.338209489000064],[76.940109986000053,28.338174064000036]]]},"properties":{"FID":344,"OBJECTID":345,"Id":0,"Area":5354.7011609399997,"Name":" ","Density":" ","Code":1000,"val":" ","Text_":"1000","ClassText":"1000 Natural Conservation Zone Hubs)","Class":1000,"CodeText":" ","Shape_Leng":0.0042279985198000001,"Shape_Area":4.9271631349300002e-07}},{"type":"Feature","id":345,"geometry":{"type":"Polygon","coordinates":[[[76.941265357000077,28.338113188000079],[76.941313161000039,28.339001121000017],[76.942055905000075,28.339005827000058],[76.942124938000063,28.339952243000031],[76.940950515000054,28.339953683000033],[76.940957182000034,28.340320324000064],[76.940059581000057,28.340348378000051],[76.940085508000038,28.339874308000045],[76.939637585000071,28.339926358000071],[76.940109986000053,28.338174064000036],[76.941265357000077,28.338113188000079]]]},"properties":{"FID":345,"OBJECTID":346,"Id":0,"Area":39503.955076899998,"Name":" ","Density":" ","Code":800,"val":" ","Text_":"850","ClassText":"800 Aggriculture Zone","Class":850,"CodeText":" ","Shape_Leng":0.0089176166111699998,"Shape_Area":3.6350123519700001e-06}},{"type":"Feature","id":346,"geometry":{"type":"Polygon","coordinates":[[[76.941262041000073,28.336757541000054],[76.938722213000062,28.33689135000002],[76.93789915300006,28.335860389000054],[76.937816722000022,28.335802184000045],[76.937742484000054,28.335757004000065],[76.940165962000037,28.334934942000082],[76.941262041000073,28.336757541000054]]]},"properties":{"FID":346,"OBJECTID":347,"Id":0,"Area":44847.524781799999,"Name":" ","Density":" ","Code":1000,"val":" ","Text_":"1000","ClassText":"1000 Natural Conservation Zone Hubs)","Class":1000,"CodeText":" ","Shape_Leng":0.0087362747703799998,"Shape_Area":4.12659470163e-06}},{"type":"Feature","id":347,"geometry":{"type":"Polygon","coordinates":[[[76.920818791000045,28.355827533000017],[76.920264748000079,28.356236455000033],[76.919921074000058,28.356336802000037],[76.919384831000059,28.356535362000038],[76.918595035000081,28.35704310400007],[76.918394567000064,28.356702109000029],[76.917830210000034,28.356538142000026],[76.917116802000066,28.356490873000027],[76.916121734000058,28.356390259000079],[76.915786264000076,28.355745543000069],[76.91648033000007,28.354523282000052],[76.916887862000067,28.35456490100006],[76.917204423000044,28.352955971000036],[76.917168768000053,28.352173336000064],[76.917115988000049,28.351639251000048],[76.916951160000053,28.350877533000077],[76.916721922000079,28.350135819000048],[76.916502288000061,28.349928795000036],[76.924689385000079,28.351550676000041],[76.927461459000085,28.352277219000019],[76.92714077100004,28.352453662000062],[76.926365733000068,28.352579220000059],[76.925261730000045,28.352422908000044],[76.922192867000035,28.35179697700006],[76.921608321000065,28.351709713000062],[76.920781858000069,28.351377544000055],[76.919809794000045,28.351353033000059],[76.919945154000061,28.351675842000073],[76.920214153000074,28.352225980000064],[76.920803860000035,28.352599690000016],[76.921482322000031,28.35310585500002],[76.92200555600003,28.353384992000031],[76.922227616000043,28.353725676000067],[76.922519598000051,28.354351889000039],[76.92300001200006,28.354650728000017],[76.92377265800009,28.354391515000032],[76.924912274000064,28.354127118000054],[76.924617294000029,28.35453239900005],[76.924043064000045,28.355018027000021],[76.923513378000052,28.355579428000045],[76.922475140000074,28.355479469000041],[76.920818791000045,28.355827533000017]]]},"properties":{"FID":347,"OBJECTID":348,"Id":0,"Area":372872.34600000002,"Name":" ","Density":" ","Code":1000,"val":" ","Text_":"1000","ClassText":"1000 Natural Conservation Zone Hubs)","Class":1000,"CodeText":" ","Shape_Leng":0.043188431235999997,"Shape_Area":3.4315922277300001e-05}},{"type":"Feature","id":348,"geometry":{"type":"Polygon","coordinates":[[[76.921976115000049,28.484093525000038],[76.921652612000059,28.484136301000024],[76.921572448000063,28.483634993000049],[76.921166061000065,28.483531960000054],[76.921092757000054,28.481871246000029],[76.921873232000053,28.48199391800005],[76.921901415000036,28.482356430000038],[76.922810532000099,28.48241997500001],[76.922777340000039,28.482974362000046],[76.922085386000049,28.482965048000043],[76.921976115000049,28.484093525000038]]]},"properties":{"FID":348,"OBJECTID":349,"Id":0,"Area":22642.3260309,"Name":" ","Density":" ","Code":1000,"val":" ","Text_":"1000","ClassText":"1000 Natural Conservation Zone Hubs)","Class":1000,"CodeText":" ","Shape_Leng":0.0073617208742500001,"Shape_Area":2.0862742551499999e-06}},{"type":"Feature","id":349,"geometry":{"type":"Polygon","coordinates":[[[76.930057544000078,28.472830549000026],[76.930100912000057,28.474287747000062],[76.929773259000058,28.474338239000073],[76.929790478000029,28.475285382000028],[76.928216908000081,28.475292428000049],[76.927861420000042,28.474762653000024],[76.927119385000083,28.47484957600004],[76.927009274000056,28.474499686000062],[76.927524886000072,28.474324294000038],[76.927432723000052,28.47283135200006],[76.927985244000084,28.472832817000032],[76.927996227000051,28.472832768000053],[76.92885582100007,28.472822942000043],[76.929598540000029,28.472828982000056],[76.930057544000078,28.472830549000026]]]},"properties":{"FID":349,"OBJECTID":350,"Id":0,"Area":65092.059468799998,"Name":" ","Density":" ","Code":1000,"val":" ","Text_":"1000","ClassText":"1000 Natural Conservation Zone Hubs)","Class":1000,"CodeText":" ","Shape_Leng":0.0107274736151,"Shape_Area":5.9970760732100003e-06}},{"type":"Feature","id":350,"geometry":{"type":"MultiPolygon","coordinates":[[[[76.958452309000052,28.469076649000041],[76.958866579000073,28.469428513000011],[76.954330760000062,28.472118760000054],[76.952668685000049,28.472142641000065],[76.951326442000038,28.47215944600002],[76.954055918000051,28.465366752000076],[76.958452309000052,28.469076649000041]]],[[[76.944925053000077,28.477779591000054],[76.944594142000085,28.477907012000056],[76.94433783900007,28.477956130000038],[76.937709625000082,28.478065947000058],[76.933408922000069,28.478132581000068],[76.933671265000044,28.477937621000013],[76.933881120000081,28.477590827000039],[76.934700271000054,28.477464569000055],[76.935043268000072,28.477306883000036],[76.93538626600008,28.477149196000024],[76.935639336000051,28.476801785000074],[76.935849180000048,28.476454988000061],[76.936408983000049,28.476332411000051],[76.936969482000066,28.47624802600005],[76.937700778000064,28.476046599000032],[76.942764662000059,28.473987880000028],[76.943407390000061,28.47367308600008],[76.944174880000048,28.473089102000081],[76.942788992000033,28.472957863000037],[76.94409836300008,28.472937729000023],[76.946282156000052,28.47289694200003],[76.948376832000065,28.472871712000014],[76.950081887000053,28.472847269000052],[76.950575591000074,28.472841094000056],[76.950614317000046,28.472839646000072],[76.950688369000048,28.472831453000026],[76.950760984000055,28.472816233000056],[76.95083130900008,28.472794165000028],[76.950898523000035,28.472765508000052],[76.950961837000079,28.472730596000073],[76.951020507000067,28.472689841000037],[76.951073847000046,28.472643721000058],[76.951121231000059,28.472592775000063],[76.951162102000069,28.472537600000067],[76.951195985000098,28.472478844000079],[76.951215338000054,28.472435921000059],[76.951275421000048,28.472286414000045],[76.952670859000079,28.472268943000071],[76.954112459000058,28.472248231000041],[76.954041430000075,28.472290356000027],[76.944925053000077,28.477779591000054]]]]},"properties":{"FID":350,"OBJECTID":351,"Id":0,"Area":842719.77187499998,"Name":" ","Density":" ","Code":800,"val":" ","Text_":"800","ClassText":"800 Aggriculture Zone","Class":800,"CodeText":" ","Shape_Leng":0.069340464364900004,"Shape_Area":7.7639225704699999e-05}},{"type":"Feature","id":351,"geometry":{"type":"MultiPolygon","coordinates":[[[[76.935639336000051,28.476801785000074],[76.93538626600008,28.477149196000024],[76.935043268000072,28.477306883000036],[76.934700271000054,28.477464569000055],[76.933881120000081,28.477590827000039],[76.933671265000044,28.477937621000013],[76.933408922000069,28.478132581000068],[76.929268897000043,28.478196596000032],[76.929308488000061,28.478152412000039],[76.929343379000045,28.477693505000033],[76.929167709000069,28.477543193000027],[76.928860288000052,28.477280149000009],[76.928771066000081,28.477128610000072],[76.928809432000023,28.476860659000074],[76.929192884000031,28.476549609000067],[76.929363693000099,28.476432580000047],[76.930009948000063,28.476308804000041],[76.930277620000084,28.476763418000083],[76.930666625000072,28.476757894000052],[76.931313580000065,28.476672302000047],[76.941628330000086,28.473316497000031],[76.942788992000033,28.472957863000037],[76.944174880000048,28.473089102000081],[76.943407390000061,28.47367308600008],[76.942764662000059,28.473987880000028],[76.937700778000064,28.476046599000032],[76.936969482000066,28.47624802600005],[76.936408983000049,28.476332411000051],[76.935849180000048,28.476454988000061],[76.935639336000051,28.476801785000074]]],[[[76.931836994000022,28.479300737000067],[76.931021302000048,28.479617934000029],[76.93034083100008,28.480238816000053],[76.930347778000055,28.480620726000033],[76.929841588000045,28.481315534000036],[76.929506206000042,28.481893310000029],[76.929126207000081,28.482395317000059],[76.928878658000031,28.483048247000045],[76.928029266000081,28.484411929000018],[76.926352431000055,28.484432540000046],[76.925783057000046,28.484008967000076],[76.925732206000077,28.483589474000038],[76.925719037000079,28.482863842000029],[76.925922688000071,28.482173335000013],[76.92629854200004,28.481442191000042],[76.926590715000032,28.480865033000029],[76.926926110000068,28.480287263000026],[76.927222438000058,28.479939253000055],[76.927689580000049,28.479474215000042],[76.92824455300007,28.479084333000042],[76.928326825000042,28.479023307000038],[76.932292803000067,28.478962014000039],[76.931836994000022,28.479300737000067]]]]},"properties":{"FID":351,"OBJECTID":352,"Id":0,"Area":425074.43864200002,"Name":" ","Density":" ","Code":1000,"val":" ","Text_":"1000","ClassText":"1000 Natural Conservation Zone Hubs)","Class":1000,"CodeText":" ","Shape_Leng":0.0537839238409,"Shape_Area":3.9165294719700002e-05}},{"type":"Feature","id":352,"geometry":{"type":"Polygon","coordinates":[[[77.018321473000057,28.473846589000054],[77.019734804000052,28.472760473000051],[77.01974124700007,28.47275552200005],[77.02053941800007,28.472017553000061],[77.023078665000071,28.470180296000024],[77.026311624000087,28.467879765000074],[77.026864635000038,28.468603353000052],[77.027504177000083,28.469453839000042],[77.02812298300006,28.470859702000041],[77.029068711000036,28.472735426000042],[77.02946625800007,28.474084094000034],[77.026675080000061,28.476159507000034],[77.025461891000077,28.47715168500002],[77.025293745000056,28.477402489000045],[77.025064048000061,28.477826109000027],[77.024901001000046,28.478344236000058],[77.024799507000068,28.478689546000048],[77.024785911000038,28.47910994700004],[77.024815901000068,28.479548800000025],[77.024825010000029,28.480026162000048],[77.024833025000078,28.480446242000028],[77.024908475000075,28.480794660000075],[77.024555002000056,28.481000324000032],[77.024307918000034,28.481126262000032],[77.02371008700004,28.481392410000065],[77.019860154000071,28.475743503000036],[77.019853415000071,28.475734455000062],[77.018321473000057,28.473846589000054]]]},"properties":{"FID":352,"OBJECTID":353,"Id":0,"Area":281322.29370799998,"Name":"6","Density":"375","Code":100,"val":"281322.293708478","Text_":"100/375","ClassText":"100 Residential (Group Housing/Plotted)","Class":100,"CodeText":" ","Shape_Leng":0.036463590534000001,"Shape_Area":7.2269521062699995e-05}},{"type":"Feature","id":353,"geometry":{"type":"MultiPolygon","coordinates":[[[[77.114775500000079,28.497556636000063],[77.110965200000066,28.499013205000043],[77.109667752000064,28.498437180000042],[77.111046833000046,28.495346440000048],[77.11106789800003,28.495292717000041],[77.111086637000085,28.49522504700008],[77.111088411000068,28.495216534000065],[77.111442467000074,28.493453895000069],[77.111449999000058,28.493406846000017],[77.111857800000038,28.490000830000039],[77.111859255000056,28.489987380000048],[77.111862048000035,28.489930518000044],[77.111864949000051,28.487927694000064],[77.111930181000062,28.487049776000045],[77.112078557000075,28.485957799000069],[77.112081226000043,28.48593487200003],[77.112083898000051,28.48586524600006],[77.112054249000025,28.484375957000054],[77.112048805000029,28.484306433000015],[77.111897094000085,28.48320100200004],[77.111883598000077,28.483132419000068],[77.111874889000049,28.483101878000063],[77.111536043000058,28.482020705000028],[77.111525996000054,28.48198864700003],[77.111888725000085,28.482010846000033],[77.11190195000006,28.482011502000034],[77.112815543000067,28.482044753000022],[77.113755597000079,28.48210124500002],[77.113767154000072,28.482101824000036],[77.11383126000004,28.48210082700006],[77.113894719000029,28.482092739000048],[77.113930452000034,28.482084941000032],[77.114712157000056,28.48188767400006],[77.115531708000049,28.48175815400003],[77.115577374000068,28.482015176000051],[77.117620671000054,28.484884062000049],[77.118122158000062,28.485640221000036],[77.119739894000077,28.489518414000027],[77.120355860000075,28.491943961000061],[77.120928376000052,28.493546526000042],[77.121948829000061,28.496061443000027],[77.120049197000071,28.496457438000057],[77.117064640000081,28.497079537000054],[77.115089341000058,28.497491228000058],[77.114775500000079,28.497556636000063]]],[[[77.108213557000056,28.49800596700004],[77.107994283000039,28.498508647000047],[77.107975786000054,28.498548454000051],[77.107972301000075,28.498556044000058],[77.107964476000063,28.498573132000057],[77.10737310100005,28.49987142700007],[77.107362407000039,28.499896328000023],[77.107339747000083,28.499963053000041],[77.107255963000057,28.500143928000057],[77.106378818000053,28.498413446000029],[77.108394247000035,28.497601034000066],[77.108213557000056,28.49800596700004]]]]},"properties":{"FID":353,"OBJECTID":354,"Id":0,"Area":1344823.6583,"Name":" ","Density":" ","Code":700,"val":" ","Text_":"720","ClassText":"700 Open Spaces","Class":700,"CodeText":" ","Shape_Leng":0.0564702438987,"Shape_Area":0.00012389931655000001}},{"type":"Feature","id":354,"geometry":{"type":"Polygon","coordinates":[[[77.117005758000047,28.449049051000021],[77.116987970000082,28.449050331000016],[77.116592203000039,28.449099464000028],[77.116583973000047,28.449100689000026],[77.11590062700003,28.449220591000028],[77.115896427000052,28.449221382000072],[77.115058302000079,28.44939016100005],[77.114791399000069,28.442921934000019],[77.11500355000004,28.441366808000037],[77.115136187000076,28.441245373000068],[77.11540240800008,28.441050240000028],[77.115400508000036,28.440954773000044],[77.115127163000068,28.440791903000044],[77.11467669700005,28.440397154000031],[77.114903472000037,28.43989119600008],[77.114904203000037,28.439889566000041],[77.114910609000049,28.439892087000032],[77.114926076000074,28.439896004000051],[77.121512364000068,28.441236484000058],[77.121523874000047,28.442128577000062],[77.121525768000083,28.442169052000047],[77.121565066000073,28.442641312000031],[77.12164348500005,28.443543235000053],[77.121641751000084,28.444232627000076],[77.121610295000025,28.445894749000054],[77.121580329000039,28.447508165000031],[77.12155806400007,28.449086615000052],[77.12133779100003,28.449093785000056],[77.120312336000055,28.449121704000039],[77.120308188000067,28.449121866000038],[77.119577595000067,28.449159297000051],[77.119184201000039,28.449151707000055],[77.11877717200008,28.449090512000058],[77.118765351000036,28.449089210000064],[77.118107962000067,28.44903976300002],[77.118095141000083,28.44903927600005],[77.117517065000072,28.449038726000026],[77.117513795000022,28.449038755000043],[77.117005758000047,28.449049051000021]]]},"properties":{"FID":354,"OBJECTID":355,"Id":0,"Area":618718.60372400004,"Name":" ","Density":" ","Code":800,"val":" ","Text_":"850","ClassText":"800 Aggriculture Zone","Class":850,"CodeText":" ","Shape_Leng":0.031260636865200003,"Shape_Area":5.6978343513300001e-05}},{"type":"Feature","id":355,"geometry":{"type":"Polygon","coordinates":[[[77.121515436000038,28.450575965000041],[77.121433661000083,28.451846003000071],[77.121433336000052,28.451851433000055],[77.121355920000042,28.453252142000043],[77.121283094000034,28.454608916000041],[77.121247397000047,28.455244068000063],[77.121201141000029,28.455493871000041],[77.12112508000007,28.455692430000049],[77.121046456000045,28.455839450000049],[77.120539588000042,28.456576634000037],[77.12053559900005,28.456582502000057],[77.119869225000059,28.457574121000039],[77.119851266000069,28.457602361000049],[77.119438475000038,28.458289542000042],[77.116631875000053,28.456668746000044],[77.115049200000044,28.453159983000024],[77.115203154000099,28.452751725000034],[77.11475919400003,28.45216177400005],[77.115104477000045,28.450509082000057],[77.115068682000071,28.449641704000033],[77.11596189100004,28.449461831000065],[77.116638604000059,28.449343093000039],[77.117021238000049,28.449295592000063],[77.117518097000072,28.449285521000043],[77.118087916000036,28.449286061000063],[77.118732525000055,28.449334547000035],[77.11914433200009,28.449396460000077],[77.119165795000072,28.449398218000049],[77.119576543000051,28.44940614200004],[77.119582583000067,28.449406153000041],[77.11958874500003,28.449405948000045],[77.120323362000079,28.44936831100005],[77.121347668000055,28.449340419000062],[77.121550085000081,28.44933383000005],[77.121515436000038,28.450575965000041]]]},"properties":{"FID":355,"OBJECTID":356,"Id":0,"Area":501412.39610999997,"Name":" ","Density":" ","Code":800,"val":" ","Text_":"850","ClassText":"800 Aggriculture Zone","Class":850,"CodeText":" ","Shape_Leng":0.0268254890031,"Shape_Area":4.6178842083299999e-05}},{"type":"Feature","id":356,"geometry":{"type":"Polygon","coordinates":[[[77.059044997000058,28.492246075000022],[77.079606923000028,28.492739679000053],[77.079569322000054,28.499090848000034],[77.071564657000081,28.498831137000018],[77.064931787000035,28.498854999000041],[77.064761905000054,28.49865916400006],[77.064206218000038,28.498018577000032],[77.063217644000076,28.496905028000072],[77.061996166000029,28.495496383000038],[77.061988576000033,28.49548786900003],[77.06094687500007,28.494350716000039],[77.060247873000037,28.49351794100005],[77.060232860000028,28.493501021000053],[77.060221598000069,28.493489124000071],[77.059044997000058,28.492246075000022]]]},"properties":{"FID":356,"OBJECTID":357,"Id":0,"Area":1213373.5356600001,"Name":"18","Density":" ","Code":300,"val":"320/330/340","Text_":"320,330,340","ClassText":"300 Industrial","Class":300,"CodeText":" ","Shape_Leng":0.050413140325699997,"Shape_Area":0.000111803063072}},{"type":"Feature","id":357,"geometry":{"type":"Polygon","coordinates":[[[77.017545111000061,28.446736279000042],[77.018352883000034,28.446789917000057],[77.018607159000041,28.447092734000012],[77.019440184000075,28.447908465000069],[77.021944262000034,28.448973045000059],[77.026297621000097,28.448234803000048],[77.029418667000073,28.447342026000051],[77.033192549000034,28.446363498000036],[77.032292217000062,28.448369031000027],[77.031355144000045,28.450359777000074],[77.030474474000073,28.452536581000054],[77.029068280000047,28.455538933000067],[77.027724018000058,28.457889881000032],[77.027105652000046,28.456829196000058],[77.026193460000059,28.456594489000057],[77.023748996000037,28.45714160500005],[77.02022665100003,28.453119417000035],[77.015907218000052,28.447721707000024],[77.017545111000061,28.446736279000042]]]},"properties":{"FID":357,"OBJECTID":358,"Id":0,"Area":0,"Name":" ","Density":" ","Code":0,"val":" ","Text_":" ","ClassText":"0","Class":0,"CodeText":" ","Shape_Leng":0.048268396641200001,"Shape_Area":9.9137372084100005e-05}},{"type":"Feature","id":358,"geometry":{"type":"Polygon","coordinates":[[[77.016438578000077,28.449800786000029],[77.01847252400006,28.451446788000059],[77.020386279000036,28.454040518000053],[77.022778986000048,28.457249623000052],[77.020369865000077,28.456917243000074],[77.016030107000063,28.456948679000046],[77.013948351000067,28.453795295000063],[77.016438578000077,28.449800786000029]]]},"properties":{"FID":358,"OBJECTID":359,"Id":0,"Area":0,"Name":" ","Density":" ","Code":0,"val":" ","Text_":" ","ClassText":"0","Class":0,"CodeText":" ","Shape_Leng":0.0251003297928,"Shape_Area":3.3831428903400001e-05}},{"type":"Feature","id":359,"geometry":{"type":"Polygon","coordinates":[[[77.01078553400005,28.457419374000033],[77.01250673800007,28.457062707000038],[77.015840873000059,28.456944378000056],[77.016910785000064,28.458219062000069],[77.016501406000046,28.459349075000031],[77.015313290000051,28.462828503000026],[77.008541693000041,28.462078802000065],[77.01078553400005,28.457419374000033]]]},"properties":{"FID":359,"OBJECTID":360,"Id":0,"Area":0,"Name":" ","Density":" ","Code":0,"val":" ","Text_":" ","ClassText":"0","Class":0,"CodeText":" ","Shape_Leng":0.023621302273200001,"Shape_Area":3.5300656096399998e-05}},{"type":"Feature","id":360,"geometry":{"type":"Polygon","coordinates":[[[77.016030107000063,28.456948679000046],[77.022778986000048,28.457249623000052],[77.02594220900005,28.459906904000032],[77.02370648000003,28.462135704000033],[77.022858844000041,28.463125787000013],[77.015834392000045,28.462891721000059],[77.016030107000063,28.456948679000046]]]},"properties":{"FID":360,"OBJECTID":361,"Id":0,"Area":0,"Name":" ","Density":" ","Code":0,"val":" ","Text_":" ","ClassText":"0","Class":0,"CodeText":" ","Shape_Leng":0.028321701225199999,"Shape_Area":4.9738488167999998e-05}},{"type":"Feature","id":361,"geometry":{"type":"Polygon","coordinates":[[[77.037832132000062,28.455700968000027],[77.040321385000084,28.458773483000058],[77.04144692200002,28.460263336000025],[77.043458180000073,28.462800150000074],[77.041643514000043,28.464868226000075],[77.040694880000046,28.466310514000028],[77.038123322000047,28.46517630500005],[77.035276942000039,28.464110219000073],[77.033650200000068,28.463535838000023],[77.032191865000087,28.462482109000053],[77.032364879000056,28.461764250000034],[77.032757028000049,28.460911018000044],[77.033700429000078,28.459891013000057],[77.034358452000049,28.459179544000044],[77.035906417000035,28.457716368000035],[77.036982790000081,28.456537067000056],[77.037832132000062,28.455700968000027]]]},"properties":{"FID":361,"OBJECTID":362,"Id":0,"Area":0,"Name":" ","Density":" ","Code":0,"val":" ","Text_":" ","ClassText":"0","Class":0,"CodeText":" ","Shape_Leng":0.031865466361299999,"Shape_Area":6.3018872765899995e-05}}]}